Fecha;Recurso;Codigo Agente;Version;Hora;Valor;Precio ofertado;MPO;Tecnologia;Ajuste;Precio ajustado
1/02/2024;GUATRON;EPMG;TX4;0;103278.77;697.1761599;697.1761599;HIDRAULICA;615.2351599;615.2351599
1/02/2024;GUAVIO;ENDG;TX4;1;757218.93;690.1761599;690.1761599;HIDRAULICA;615.2351599;615.2351599
1/02/2024;GUAVIO;ENDG;TX4;2;618517;690.1761599;690.1761599;HIDRAULICA;615.2351599;615.2351599
1/02/2024;GUAVIO;ENDG;TX4;3;557968.1;690.1761599;690.1761599;HIDRAULICA;615.2351599;615.2351599
1/02/2024;GUAVIO;ENDG;TX4;4;717899.53;690.1761599;690.1761599;HIDRAULICA;615.2351599;615.2351599
1/02/2024;GUATRON;EPMG;TX4;5;186338.86;697.1761599;697.1761599;HIDRAULICA;615.2351599;615.2351599
1/02/2024;CHIVOR;CHVG;TX4;6;938297.76;679.1761599;679.1761599;HIDRAULICA;615.2351599;615.2351599
1/02/2024;GUAVIO;ENDG;TX4;7;306357.53;690.1761599;690.1761599;HIDRAULICA;615.2351599;615.2351599
1/02/2024;GUAVIO;ENDG;TX4;8;510135.91;690.1761599;690.1761599;HIDRAULICA;615.2351599;615.2351599
1/02/2024;GUAVIO;ENDG;TX4;9;681059.71;690.1761599;690.1761599;HIDRAULICA;615.2351599;615.2351599
1/02/2024;GUAVIO;ENDG;TX4;10;879527.41;690.1761599;690.1761599;HIDRAULICA;615.2351599;615.2351599
1/02/2024;GUAVIO;ENDG;TX4;11;952000;690.1761599;690.1761599;HIDRAULICA;615.2351599;615.2351599
1/02/2024;GUAVIO;ENDG;TX4;12;952000;690.1761599;690.1761599;HIDRAULICA;615.2351599;615.2351599
1/02/2024;GUATRON;EPMG;TX4;13;399316.37;697.1761599;697.1761599;HIDRAULICA;615.2351599;615.2351599
1/02/2024;GUATRON;EPMG;TX4;14;434000;697.1761599;697.1761599;HIDRAULICA;615.2351599;615.2351599
1/02/2024;GUATRON;EPMG;TX4;15;434000;697.1761599;697.1761599;HIDRAULICA;615.2351599;615.2351599
1/02/2024;PORCE II;EPMG;TX4;16;329564.23;698.1761599;698.1761599;HIDRAULICA;615.2351599;615.2351599
1/02/2024;GUATRON;EPMG;TX4;17;378842.05;697.1761599;697.1761599;HIDRAULICA;615.2351599;615.2351599
1/02/2024;PORCE II;EPMG;TX4;18;405000;698.1761599;698.1761599;HIDRAULICA;615.2351599;615.2351599
1/02/2024;PORCE II;EPMG;TX4;19;405000;698.1761599;698.1761599;HIDRAULICA;615.2351599;615.2351599
1/02/2024;PORCE II;EPMG;TX4;20;405000;698.1761599;698.1761599;HIDRAULICA;615.2351599;615.2351599
1/02/2024;GUATRON;EPMG;TX4;21;512000;697.1761599;697.1761599;HIDRAULICA;615.2351599;615.2351599
1/02/2024;GUAVIO;ENDG;TX4;22;678848.69;690.1761599;690.1761599;HIDRAULICA;615.2351599;615.2351599
1/02/2024;GUAVIO;ENDG;TX4;23;100878.47;690.1761599;690.1761599;HIDRAULICA;615.2351599;615.2351599
2/02/2024;PAGUA;ENDG;TX4;0;21517.14;685.1761599;685.1761599;HIDRAULICA;666.2141599;666.2141599
2/02/2024;GUAVIO;ENDG;TX4;1;781449.05;680.1761599;680.1761599;HIDRAULICA;666.2141599;666.2141599
2/02/2024;GUAVIO;ENDG;TX4;2;577630.53;680.1761599;680.1761599;HIDRAULICA;666.2141599;666.2141599
2/02/2024;GUAVIO;ENDG;TX4;3;497421.07;680.1761599;680.1761599;HIDRAULICA;666.2141599;666.2141599
2/02/2024;GUAVIO;ENDG;TX4;4;684177.73;680.1761599;680.1761599;HIDRAULICA;666.2141599;666.2141599
2/02/2024;PAGUA;ENDG;TX4;5;440694.26;685.1761599;685.1761599;HIDRAULICA;666.2141599;666.2141599
2/02/2024;PAGUA;ENDG;TX4;6;589547.63;685.1761599;685.1761599;HIDRAULICA;666.2141599;666.2141599
2/02/2024;SAN CARLOS;ISGG;TX4;7;140265.5;695.1761599;695.1761599;HIDRAULICA;666.2141599;666.2141599
2/02/2024;SAN CARLOS;ISGG;TX4;8;445838.11;695.1761599;695.1761599;HIDRAULICA;666.2141599;666.2141599
2/02/2024;SAN CARLOS;ISGG;TX4;9;493562.84;695.1761599;695.1761599;HIDRAULICA;666.2141599;666.2141599
2/02/2024;SAN CARLOS;ISGG;TX4;10;344723.57;695.1761599;695.1761599;HIDRAULICA;666.2141599;666.2141599
2/02/2024;SAN CARLOS;ISGG;TX4;11;414281.64;695.1761599;695.1761599;HIDRAULICA;666.2141599;666.2141599
2/02/2024;SAN CARLOS;ISGG;TX4;12;475118.12;695.1761599;695.1761599;HIDRAULICA;666.2141599;666.2141599
2/02/2024;SAN CARLOS;ISGG;TX4;13;378718.45;695.1761599;695.1761599;HIDRAULICA;666.2141599;666.2141599
2/02/2024;SAN CARLOS;ISGG;TX4;14;517474.56;695.1761599;695.1761599;HIDRAULICA;666.2141599;666.2141599
2/02/2024;SAN CARLOS;ISGG;TX4;15;625966.83;695.1761599;695.1761599;HIDRAULICA;666.2141599;666.2141599
2/02/2024;SAN CARLOS;ISGG;TX4;16;530902.83;695.1761599;695.1761599;HIDRAULICA;666.2141599;666.2141599
2/02/2024;SAN CARLOS;ISGG;TX4;17;402973.25;695.1761599;695.1761599;HIDRAULICA;666.2141599;666.2141599
2/02/2024;SAN CARLOS;ISGG;TX4;18;777496.98;695.1761599;695.1761599;HIDRAULICA;666.2141599;666.2141599
2/02/2024;SAN CARLOS;ISGG;TX4;19;881827.18;695.1761599;695.1761599;HIDRAULICA;666.2141599;666.2141599
2/02/2024;SAN CARLOS;ISGG;TX4;20;680952.47;695.1761599;695.1761599;HIDRAULICA;666.2141599;666.2141599
2/02/2024;SAN CARLOS;ISGG;TX4;21;277989.41;695.1761599;695.1761599;HIDRAULICA;666.2141599;666.2141599
2/02/2024;PRADO;EPSG;TX4;22;43484.96;691.1761599;691.1761599;HIDRAULICA;666.2141599;666.2141599
2/02/2024;PAGUA;ENDG;TX4;23;256119.07;685.1761599;685.1761599;HIDRAULICA;666.2141599;666.2141599
3/02/2024;EL QUIMBO;ENDG;TX4;0;128436.89;681.1761599;681.1761599;HIDRAULICA;664.6441599;664.6441599
3/02/2024;TERMOCANDELARIA CC;TCIG;TX4;1;477858.77;664.6441599;664.6441599;TERMICA;618.8011599;664.6441599
3/02/2024;TEBSAB CC;TBSG;TX4;2;775226.76;611.5571599;611.5571599;TERMICA;546.0201599;611.5571599
3/02/2024;TEBSAB CC;TBSG;TX4;3;591657.94;611.5571599;611.5571599;TERMICA;546.0201599;611.5571599
3/02/2024;TEBSAB CC;TBSG;TX4;4;561776.05;611.5571599;611.5571599;TERMICA;546.0201599;611.5571599
3/02/2024;TEBSAB CC;TBSG;TX4;5;654494.27;611.5571599;611.5571599;TERMICA;546.0201599;611.5571599
3/02/2024;TERMOCANDELARIA CC;TCIG;TX4;6;348963.95;664.6441599;664.6441599;TERMICA;611.5571599;664.6441599
3/02/2024;TERMOCANDELARIA CC;TCIG;TX4;7;415191.3;664.6441599;664.6441599;TERMICA;618.8011599;664.6441599
3/02/2024;TERMOCANDELARIA CC;TCIG;TX4;8;509503.41;664.6441599;664.6441599;TERMICA;618.8011599;664.6441599
3/02/2024;TERMOCANDELARIA CC;TCIG;TX4;9;493550.61;664.6441599;664.6441599;TERMICA;618.8011599;664.6441599
3/02/2024;EL QUIMBO;ENDG;TX4;10;217755.24;681.1761599;681.1761599;HIDRAULICA;664.6441599;664.6441599
3/02/2024;BETANIA;ENDG;TX4;11;110291.39;682.1761599;682.1761599;HIDRAULICA;664.6441599;664.6441599
3/02/2024;EL QUIMBO;ENDG;TX4;12;297458.08;681.1761599;681.1761599;HIDRAULICA;664.6441599;664.6441599
3/02/2024;EL QUIMBO;ENDG;TX4;13;128403.95;681.1761599;681.1761599;HIDRAULICA;664.6441599;664.6441599
3/02/2024;EL QUIMBO;ENDG;TX4;14;244545.1;681.1761599;681.1761599;HIDRAULICA;664.6441599;664.6441599
3/02/2024;EL QUIMBO;ENDG;TX4;15;280469.58;681.1761599;681.1761599;HIDRAULICA;664.6441599;664.6441599
3/02/2024;CHIVOR;CHVG;TX4;16;28580.49;684.1761599;684.1761599;HIDRAULICA;664.6441599;664.6441599
3/02/2024;CHIVOR;CHVG;TX4;17;497878.15;684.1761599;684.1761599;HIDRAULICA;664.6441599;664.6441599
3/02/2024;ALTO ANCHICAYA;EPSG;TX4;18;103391.57;700.6761599;700.6761599;HIDRAULICA;664.6441599;664.6441599
3/02/2024;SOGAMOSO;ISGG;TX4;19;162327.89;705.1761599;705.1761599;HIDRAULICA;664.6441599;664.6441599
3/02/2024;ALTO ANCHICAYA;EPSG;TX4;20;66272.4;700.6761599;700.6761599;HIDRAULICA;664.6441599;664.6441599
3/02/2024;CHIVOR;CHVG;TX4;21;757076.58;684.1761599;684.1761599;HIDRAULICA;664.6441599;664.6441599
3/02/2024;CHIVOR;CHVG;TX4;22;219324.47;684.1761599;684.1761599;HIDRAULICA;664.6441599;664.6441599
3/02/2024;EL QUIMBO;ENDG;TX4;23;317499.41;681.1761599;681.1761599;HIDRAULICA;664.6441599;664.6441599
4/02/2024;GUAVIO;ENDG;TX4;0;96023.58;641.1761599;641.1761599;HIDRAULICA;597.6321599;597.6321599
4/02/2024;GUAVIO;ENDG;TX4;1;230355.64;641.1761599;641.1761599;HIDRAULICA;597.6321599;597.6321599
4/02/2024;GUAVIO;ENDG;TX4;2;174358.18;641.1761599;641.1761599;HIDRAULICA;597.6321599;597.6321599
4/02/2024;BETANIA;ENDG;TX4;3;80519.1;640.1761599;640.1761599;HIDRAULICA;597.6321599;597.6321599
4/02/2024;TEBSAB CC;TBSG;TX4;4;577131.89;597.6321599;597.6321599;TERMICA;546.0201599;597.6321599
4/02/2024;TEBSAB CC;TBSG;TX4;5;528173.52;597.6321599;597.6321599;TERMICA;546.0201599;597.6321599
4/02/2024;FLORES I CC;TMFG;TX4;6;152291.45;470.1761599;470.1761599;TERMICA;440.1761599;470.1761599
4/02/2024;FLORES 4 CC;TMFG;TX4;7;430897.94;440.1761599;440.1761599;TERMICA;411.1761599;440.1761599
4/02/2024;TEBSAB CC;TBSG;TX4;8;514999.3;597.6321599;597.6321599;TERMICA;546.0201599;597.6321599
4/02/2024;TEBSAB CC;TBSG;TX4;9;545636.74;597.6321599;597.6321599;TERMICA;546.0201599;597.6321599
4/02/2024;GUAJIRA 1;GECG;TX4;10;133437.92;472.4221599;472.4221599;TERMICA;470.1761599;472.4221599
4/02/2024;BETANIA;ENDG;TX4;11;66777.35;640.1761599;640.1761599;HIDRAULICA;597.6321599;597.6321599
4/02/2024;BETANIA;ENDG;TX4;12;114487.48;640.1761599;640.1761599;HIDRAULICA;597.6321599;597.6321599
4/02/2024;GUAVIO;ENDG;TX4;13;52322.66;641.1761599;641.1761599;HIDRAULICA;597.6321599;597.6321599
4/02/2024;GUAVIO;ENDG;TX4;14;192782.97;641.1761599;641.1761599;HIDRAULICA;597.6321599;597.6321599
4/02/2024;GUAVIO;ENDG;TX4;15;294773.64;641.1761599;641.1761599;HIDRAULICA;597.6321599;597.6321599
4/02/2024;GUAVIO;ENDG;TX4;16;494628.36;641.1761599;641.1761599;HIDRAULICA;597.6321599;597.6321599
4/02/2024;GUAVIO;ENDG;TX4;17;800176.23;641.1761599;641.1761599;HIDRAULICA;597.6321599;597.6321599
4/02/2024;CHIVOR;CHVG;TX4;18;580585.36;677.1761599;677.1761599;HIDRAULICA;597.6321599;597.6321599
4/02/2024;CHIVOR;CHVG;TX4;19;953794.54;677.1761599;677.1761599;HIDRAULICA;597.6321599;597.6321599
4/02/2024;CHIVOR;CHVG;TX4;20;938982.92;677.1761599;677.1761599;HIDRAULICA;597.6321599;597.6321599
4/02/2024;CHIVOR;CHVG;TX4;21;736083.44;677.1761599;677.1761599;HIDRAULICA;597.6321599;597.6321599
4/02/2024;CHIVOR;CHVG;TX4;22;480807.83;677.1761599;677.1761599;HIDRAULICA;597.6321599;597.6321599
4/02/2024;GUAVIO;ENDG;TX4;23;916527.89;641.1761599;641.1761599;HIDRAULICA;597.6321599;597.6321599
5/02/2024;GUAJIRA 2;GECG;TX4;0;112914.66;545.5071599;545.5071599;TERMICA;524.7661599;545.5071599
5/02/2024;GUAJIRA 2;GECG;TX4;1;97994.55;545.5071599;545.5071599;TERMICA;524.7661599;545.5071599
5/02/2024;FLORES 4 CC;TMFG;TX4;2;444737.21;440.1761599;440.1761599;TERMICA;411.1761599;440.1761599
5/02/2024;BETANIA;ENDG;TX4;3;308646.68;421.1761599;421.1761599;HIDRAULICA;411.1761599;411.1761599
5/02/2024;TERMOVALLE CC;TMVG;TX4;4;203578.35;515.1761599;515.1761599;TERMICA;500.1761599;515.1761599
5/02/2024;TEBSAB CC;TBSG;TX4;5;784309.95;612.1691599;612.1691599;TERMICA;545.5071599;612.1691599
5/02/2024;ALTO ANCHICAYA;EPSG;TX4;6;158733.45;634.1761599;634.1761599;HIDRAULICA;612.1691599;612.1691599
5/02/2024;CHIVOR;CHVG;TX4;7;57269.23;639.1761599;639.1761599;HIDRAULICA;612.1691599;612.1691599
5/02/2024;CHIVOR;CHVG;TX4;8;245610.16;639.1761599;639.1761599;HIDRAULICA;612.1691599;612.1691599
5/02/2024;CHIVOR;CHVG;TX4;9;265085;639.1761599;639.1761599;HIDRAULICA;612.1691599;612.1691599
5/02/2024;CHIVOR;CHVG;TX4;10;579161.85;639.1761599;639.1761599;HIDRAULICA;612.1691599;612.1691599
5/02/2024;SOGAMOSO;ISGG;TX4;11;256774.79;640.6761599;640.6761599;HIDRAULICA;612.1691599;612.1691599
5/02/2024;CHIVOR;CHVG;TX4;12;666415.95;639.1761599;639.1761599;HIDRAULICA;612.1691599;612.1691599
5/02/2024;CHIVOR;CHVG;TX4;13;719942;639.1761599;639.1761599;HIDRAULICA;612.1691599;612.1691599
5/02/2024;GUAVIO;ENDG;TX4;14;352638.01;686.1761599;686.1761599;HIDRAULICA;612.1691599;612.1691599
5/02/2024;GUAVIO;ENDG;TX4;15;472932.41;686.1761599;686.1761599;HIDRAULICA;612.1691599;612.1691599
5/02/2024;GUAVIO;ENDG;TX4;16;321194.54;686.1761599;686.1761599;HIDRAULICA;612.1691599;612.1691599
5/02/2024;GUAVIO;ENDG;TX4;17;227852.62;686.1761599;686.1761599;HIDRAULICA;612.1691599;612.1691599
5/02/2024;GUAVIO;ENDG;TX4;18;636178.86;686.1761599;686.1761599;HIDRAULICA;612.1691599;612.1691599
5/02/2024;GUAVIO;ENDG;TX4;19;746218.18;686.1761599;686.1761599;HIDRAULICA;612.1691599;612.1691599
5/02/2024;GUAVIO;ENDG;TX4;20;731769.08;686.1761599;686.1761599;HIDRAULICA;612.1691599;612.1691599
5/02/2024;GUAVIO;ENDG;TX4;21;225278.42;686.1761599;686.1761599;HIDRAULICA;612.1691599;612.1691599
5/02/2024;CHIVOR;CHVG;TX4;22;469854.89;639.1761599;639.1761599;HIDRAULICA;612.1691599;612.1691599
5/02/2024;CHIVOR;CHVG;TX4;23;196602.78;639.1761599;639.1761599;HIDRAULICA;612.1691599;612.1691599
6/02/2024;ITUANGO;EPMG;TX4;0;836169.44;92.81615988;92.81615988;HIDRAULICA;87.17615988;87.17615988
6/02/2024;TASAJERO 2;TERG;TX4;1;169087.38;120.4561599;120.4561599;TERMICA;120.1561599;120.4561599
6/02/2024;PAIPA 4;SOCG;TX4;2;146644.95;291.7461599;291.7461599;TERMICA;120.4561599;291.7461599
6/02/2024;ZIPAEMG 2;ENDG;TX4;3;22408.06;411.1761599;411.1761599;TERMICA;394.2361599;411.1761599
6/02/2024;GUAJIRA 2;GECG;TX4;4;85133.86;546.2611599;546.2611599;TERMICA;524.7661599;546.2611599
6/02/2024;ALTO ANCHICAYA;EPSG;TX4;5;112119.95;570.1761599;570.1761599;HIDRAULICA;546.2611599;546.2611599
6/02/2024;ALTO ANCHICAYA;EPSG;TX4;6;103936.85;570.1761599;570.1761599;HIDRAULICA;546.2611599;546.2611599
6/02/2024;GUAVIO;ENDG;TX4;7;167421.06;625.1761599;625.1761599;HIDRAULICA;546.2611599;546.2611599
6/02/2024;SOGAMOSO;ISGG;TX4;8;342325.62;603.1761599;603.1761599;HIDRAULICA;546.2611599;546.2611599
6/02/2024;GUAVIO;ENDG;TX4;9;64462.23;625.1761599;625.1761599;HIDRAULICA;546.2611599;546.2611599
6/02/2024;GUAVIO;ENDG;TX4;10;87280.54;625.1761599;625.1761599;HIDRAULICA;546.2611599;546.2611599
6/02/2024;GUAVIO;ENDG;TX4;11;200883.46;625.1761599;625.1761599;HIDRAULICA;546.2611599;546.2611599
6/02/2024;GUAVIO;ENDG;TX4;12;87350.32;625.1761599;625.1761599;HIDRAULICA;546.2611599;546.2611599
6/02/2024;GUAVIO;ENDG;TX4;13;293031.26;625.1761599;625.1761599;HIDRAULICA;546.2611599;546.2611599
6/02/2024;GUAVIO;ENDG;TX4;14;468503.94;625.1761599;625.1761599;HIDRAULICA;546.2611599;546.2611599
6/02/2024;GUAVIO;ENDG;TX4;15;691283.02;625.1761599;625.1761599;HIDRAULICA;546.2611599;546.2611599
6/02/2024;GUAVIO;ENDG;TX4;16;653256.26;625.1761599;625.1761599;HIDRAULICA;546.2611599;546.2611599
6/02/2024;GUAVIO;ENDG;TX4;17;333875.33;625.1761599;625.1761599;HIDRAULICA;546.2611599;546.2611599
6/02/2024;GUAVIO;ENDG;TX4;18;855768.85;625.1761599;625.1761599;HIDRAULICA;546.2611599;546.2611599
6/02/2024;BETANIA;ENDG;TX4;19;183727.13;631.1761599;631.1761599;HIDRAULICA;546.2611599;546.2611599
6/02/2024;EL QUIMBO;ENDG;TX4;20;142186.11;630.1761599;630.1761599;HIDRAULICA;546.2611599;546.2611599
6/02/2024;GUAVIO;ENDG;TX4;21;666326.59;625.1761599;625.1761599;HIDRAULICA;546.2611599;546.2611599
6/02/2024;GUAVIO;ENDG;TX4;22;116001.51;625.1761599;625.1761599;HIDRAULICA;546.2611599;546.2611599
6/02/2024;ALTO ANCHICAYA;EPSG;TX4;23;119491.83;570.1761599;570.1761599;HIDRAULICA;546.2611599;546.2611599
7/02/2024;BETANIA;ENDG;TX4;0;181359.54;552.1761599;552.1761599;HIDRAULICA;524.7661599;524.7661599
7/02/2024;EL QUIMBO;ENDG;TX4;1;178570.8;551.1761599;551.1761599;HIDRAULICA;524.7661599;524.7661599
7/02/2024;ALTO ANCHICAYA;EPSG;TX4;2;52473.31;533.1761599;533.1761599;HIDRAULICA;524.7661599;524.7661599
7/02/2024;FLORES I CC;TMFG;TX4;3;153646.06;494.1761599;494.1761599;TERMICA;472.5791599;494.1761599
7/02/2024;ALTO ANCHICAYA;EPSG;TX4;4;205059.8;533.1761599;533.1761599;HIDRAULICA;524.7661599;524.7661599
7/02/2024;BETANIA;ENDG;TX4;5;106880.29;552.1761599;552.1761599;HIDRAULICA;524.7661599;524.7661599
7/02/2024;EL QUIMBO;ENDG;TX4;6;254064.17;551.1761599;551.1761599;HIDRAULICA;524.7661599;524.7661599
7/02/2024;MIEL I;ISGG;TX4;7;200713.76;565.1821599;565.1821599;HIDRAULICA;524.7661599;524.7661599
7/02/2024;GUAVIO;ENDG;TX4;8;71090.68;580.1761599;580.1761599;HIDRAULICA;524.7661599;524.7661599
7/02/2024;GUAVIO;ENDG;TX4;9;77967.75;580.1761599;580.1761599;HIDRAULICA;524.7661599;524.7661599
7/02/2024;GUAVIO;ENDG;TX4;10;166306.94;580.1761599;580.1761599;HIDRAULICA;524.7661599;524.7661599
7/02/2024;GUAVIO;ENDG;TX4;11;311189.63;580.1761599;580.1761599;HIDRAULICA;524.7661599;524.7661599
7/02/2024;GUAVIO;ENDG;TX4;12;157278.82;580.1761599;580.1761599;HIDRAULICA;524.7661599;524.7661599
7/02/2024;GUAVIO;ENDG;TX4;13;23730.68;580.1761599;580.1761599;HIDRAULICA;524.7661599;524.7661599
7/02/2024;GUAVIO;ENDG;TX4;14;349667.43;580.1761599;580.1761599;HIDRAULICA;524.7661599;524.7661599
7/02/2024;GUAVIO;ENDG;TX4;15;412448.7;580.1761599;580.1761599;HIDRAULICA;524.7661599;524.7661599
7/02/2024;GUAVIO;ENDG;TX4;16;259529.66;580.1761599;580.1761599;HIDRAULICA;524.7661599;524.7661599
7/02/2024;GUAVIO;ENDG;TX4;17;118490.19;580.1761599;580.1761599;HIDRAULICA;524.7661599;524.7661599
7/02/2024;GUAVIO;ENDG;TX4;18;437698.26;580.1761599;580.1761599;HIDRAULICA;524.7661599;524.7661599
7/02/2024;GUAVIO;ENDG;TX4;19;683283.53;580.1761599;580.1761599;HIDRAULICA;524.7661599;524.7661599
7/02/2024;GUAVIO;ENDG;TX4;20;544866.25;580.1761599;580.1761599;HIDRAULICA;524.7661599;524.7661599
7/02/2024;GUAVIO;ENDG;TX4;21;402530.65;580.1761599;580.1761599;HIDRAULICA;524.7661599;524.7661599
7/02/2024;EL QUIMBO;ENDG;TX4;22;214420.64;551.1761599;551.1761599;HIDRAULICA;524.7661599;524.7661599
7/02/2024;ALTO ANCHICAYA;EPSG;TX4;23;297620.43;533.1761599;533.1761599;HIDRAULICA;524.7661599;524.7661599
8/02/2024;ITUANGO;EPMG;TX4;0;740750.34;92.81615988;92.81615988;HIDRAULICA;87.17615988;87.17615988
8/02/2024;ITUANGO;EPMG;TX4;1;860000;92.81615988;92.81615988;HIDRAULICA;87.17615988;87.17615988
8/02/2024;ITUANGO;EPMG;TX4;2;825380.23;92.81615988;92.81615988;HIDRAULICA;87.17615988;87.17615988
8/02/2024;ITUANGO;EPMG;TX4;3;854523.71;92.81615988;92.81615988;HIDRAULICA;87.17615988;87.17615988
8/02/2024;GUATRON;EPMG;TX4;4;300215.17;92.81715988;92.81715988;HIDRAULICA;87.17615988;87.17615988
8/02/2024;PAIPA 1;HIMG;TX4;5;20000;400.9161599;400.9161599;TERMICA;390.1761599;400.9161599
8/02/2024;AMOYA LA ESPERANZA;ISGG;TX4;6;6493.82;220.1761599;220.1761599;HIDRAULICA;120.4561599;120.4561599
8/02/2024;PAIPA 1;HIMG;TX4;7;21000;400.9161599;400.9161599;TERMICA;390.1761599;400.9161599
8/02/2024;EL QUIMBO;ENDG;TX4;8;111428.53;505.1761599;505.1761599;HIDRAULICA;500.1761599;500.1761599
8/02/2024;FLORES 4 CC;TMFG;TX4;9;357094.49;455.1761599;455.1761599;TERMICA;411.1761599;455.1761599
8/02/2024;BETANIA;ENDG;TX4;10;278768.43;506.1761599;506.1761599;HIDRAULICA;500.1761599;500.1761599
8/02/2024;BETANIA;ENDG;TX4;11;302867.21;506.1761599;506.1761599;HIDRAULICA;500.1761599;500.1761599
8/02/2024;BETANIA;ENDG;TX4;12;198428.23;506.1761599;506.1761599;HIDRAULICA;500.1761599;500.1761599
8/02/2024;BETANIA;ENDG;TX4;13;295579.49;506.1761599;506.1761599;HIDRAULICA;500.1761599;500.1761599
8/02/2024;ALTO ANCHICAYA;EPSG;TX4;14;10716.72;555.1761599;555.1761599;HIDRAULICA;500.1761599;500.1761599
8/02/2024;ALTO ANCHICAYA;EPSG;TX4;15;279101.45;555.1761599;555.1761599;HIDRAULICA;500.1761599;500.1761599
8/02/2024;GUAVIO;ENDG;TX4;16;33122.9;585.1761599;585.1761599;HIDRAULICA;500.1761599;500.1761599
8/02/2024;MIEL I;ISGG;TX4;17;55576.16;565.1821599;565.1821599;HIDRAULICA;500.1761599;500.1761599
8/02/2024;MIEL I;ISGG;TX4;18;284246.07;565.1821599;565.1821599;HIDRAULICA;500.1761599;500.1761599
8/02/2024;GUAVIO;ENDG;TX4;19;178160.98;585.1761599;585.1761599;HIDRAULICA;500.1761599;500.1761599
8/02/2024;GUAVIO;ENDG;TX4;20;49228.45;585.1761599;585.1761599;HIDRAULICA;500.1761599;500.1761599
8/02/2024;ALTO ANCHICAYA;EPSG;TX4;21;367514.45;555.1761599;555.1761599;HIDRAULICA;500.1761599;500.1761599
8/02/2024;PRADO;EPSG;TX4;22;7040.38;549.1761599;549.1761599;HIDRAULICA;500.1761599;500.1761599
8/02/2024;EL QUIMBO;ENDG;TX4;23;109805.69;505.1761599;505.1761599;HIDRAULICA;500.1761599;500.1761599
9/02/2024;SAN CARLOS;ISGG;TX4;0;101033.49;504.1431599;504.1431599;HIDRAULICA;500.1761599;500.1761599
9/02/2024;SAN CARLOS;ISGG;TX4;1;154114.25;504.1431599;504.1431599;HIDRAULICA;500.1761599;500.1761599
9/02/2024;SAN CARLOS;ISGG;TX4;2;143210.56;504.1431599;504.1431599;HIDRAULICA;500.1761599;500.1761599
9/02/2024;SAN CARLOS;ISGG;TX4;3;184736.71;504.1431599;504.1431599;HIDRAULICA;500.1761599;500.1761599
9/02/2024;SAN CARLOS;ISGG;TX4;4;451485.03;504.1431599;504.1431599;HIDRAULICA;500.1761599;500.1761599
9/02/2024;CHIVOR;CHVG;TX4;5;22767.03;505.5001599;505.5001599;HIDRAULICA;500.1761599;500.1761599
9/02/2024;CHIVOR;CHVG;TX4;6;88224.46;505.5001599;505.5001599;HIDRAULICA;500.1761599;500.1761599
9/02/2024;CHIVOR;CHVG;TX4;7;118032.28;505.5001599;505.5001599;HIDRAULICA;500.1761599;500.1761599
9/02/2024;CHIVOR;CHVG;TX4;8;164511.7;505.5001599;505.5001599;HIDRAULICA;500.1761599;500.1761599
9/02/2024;CHIVOR;CHVG;TX4;9;122429.64;505.5001599;505.5001599;HIDRAULICA;500.1761599;500.1761599
9/02/2024;CHIVOR;CHVG;TX4;10;471563.41;505.5001599;505.5001599;HIDRAULICA;500.1761599;500.1761599
9/02/2024;GUAVIO;ENDG;TX4;11;27337.83;530.1761599;530.1761599;HIDRAULICA;500.1761599;500.1761599
9/02/2024;CHIVOR;CHVG;TX4;12;743188.26;505.5001599;505.5001599;HIDRAULICA;500.1761599;500.1761599
9/02/2024;CHIVOR;CHVG;TX4;13;540759.72;505.5001599;505.5001599;HIDRAULICA;500.1761599;500.1761599
9/02/2024;GUAVIO;ENDG;TX4;14;85442.22;530.1761599;530.1761599;HIDRAULICA;500.1761599;500.1761599
9/02/2024;GUAVIO;ENDG;TX4;15;248319.15;530.1761599;530.1761599;HIDRAULICA;500.1761599;500.1761599
9/02/2024;GUAVIO;ENDG;TX4;16;359587.3;530.1761599;530.1761599;HIDRAULICA;500.1761599;500.1761599
9/02/2024;GUAVIO;ENDG;TX4;17;324840.82;530.1761599;530.1761599;HIDRAULICA;500.1761599;500.1761599
9/02/2024;GUAVIO;ENDG;TX4;18;661864.44;530.1761599;530.1761599;HIDRAULICA;500.1761599;500.1761599
9/02/2024;GUAVIO;ENDG;TX4;19;878803;530.1761599;530.1761599;HIDRAULICA;500.1761599;500.1761599
9/02/2024;GUAVIO;ENDG;TX4;20;677692.92;530.1761599;530.1761599;HIDRAULICA;500.1761599;500.1761599
9/02/2024;GUAVIO;ENDG;TX4;21;456275.02;530.1761599;530.1761599;HIDRAULICA;500.1761599;500.1761599
9/02/2024;CHIVOR;CHVG;TX4;22;666508.33;505.5001599;505.5001599;HIDRAULICA;500.1761599;500.1761599
9/02/2024;CHIVOR;CHVG;TX4;23;318859.46;505.5001599;505.5001599;HIDRAULICA;500.1761599;500.1761599
10/02/2024;GUAVIO;ENDG;TX4;0;745084.33;535.1761599;535.1761599;HIDRAULICA;524.7661599;524.7661599
10/02/2024;CHIVOR;CHVG;TX4;1;354109.76;510.6081599;510.6081599;HIDRAULICA;500.1761599;500.1761599
10/02/2024;CHIVOR;CHVG;TX4;2;259414.51;510.6081599;510.6081599;HIDRAULICA;500.1761599;500.1761599
10/02/2024;CHIVOR;CHVG;TX4;3;137289.06;510.6081599;510.6081599;HIDRAULICA;500.1761599;500.1761599
10/02/2024;CHIVOR;CHVG;TX4;4;169912.34;510.6081599;510.6081599;HIDRAULICA;500.1761599;500.1761599
10/02/2024;CHIVOR;CHVG;TX4;5;226551.7;510.6081599;510.6081599;HIDRAULICA;500.1761599;500.1761599
10/02/2024;CHIVOR;CHVG;TX4;6;244129.41;510.6081599;510.6081599;HIDRAULICA;500.1761599;500.1761599
10/02/2024;CHIVOR;CHVG;TX4;7;264404.07;510.6081599;510.6081599;HIDRAULICA;500.1761599;500.1761599
10/02/2024;CHIVOR;CHVG;TX4;8;310729.34;510.6081599;510.6081599;HIDRAULICA;500.1761599;500.1761599
10/02/2024;CHIVOR;CHVG;TX4;9;473462.58;510.6081599;510.6081599;HIDRAULICA;500.1761599;500.1761599
10/02/2024;CHIVOR;CHVG;TX4;10;695144.74;510.6081599;510.6081599;HIDRAULICA;500.1761599;500.1761599
10/02/2024;GUAVIO;ENDG;TX4;11;118794.77;535.1761599;535.1761599;HIDRAULICA;524.7661599;524.7661599
10/02/2024;GUAVIO;ENDG;TX4;12;134801.02;535.1761599;535.1761599;HIDRAULICA;524.7661599;524.7661599
10/02/2024;GUAVIO;ENDG;TX4;13;71466.23;535.1761599;535.1761599;HIDRAULICA;524.7661599;524.7661599
10/02/2024;GUAVIO;ENDG;TX4;14;22270.04;535.1761599;535.1761599;HIDRAULICA;524.7661599;524.7661599
10/02/2024;GUAVIO;ENDG;TX4;15;58146.08;535.1761599;535.1761599;HIDRAULICA;524.7661599;524.7661599
10/02/2024;GUAVIO;ENDG;TX4;16;226807.67;535.1761599;535.1761599;HIDRAULICA;524.7661599;524.7661599
10/02/2024;GUAVIO;ENDG;TX4;17;538876.47;535.1761599;535.1761599;HIDRAULICA;524.7661599;524.7661599
10/02/2024;MIEL I;ISGG;TX4;18;42355.58;561.1761599;561.1761599;HIDRAULICA;524.7661599;524.7661599
10/02/2024;ALTO ANCHICAYA;EPSG;TX4;19;22006.41;700.1761599;700.1761599;HIDRAULICA;524.7661599;524.7661599
10/02/2024;CALIMA;EPSG;TX4;20;9643.8;550.1761599;550.1761599;HIDRAULICA;524.7661599;524.7661599
10/02/2024;GUAVIO;ENDG;TX4;21;831267.1;535.1761599;535.1761599;HIDRAULICA;524.7661599;524.7661599
10/02/2024;GUAVIO;ENDG;TX4;22;409336.77;535.1761599;535.1761599;HIDRAULICA;524.7661599;524.7661599
10/02/2024;GUAVIO;ENDG;TX4;23;92909.71;535.1761599;535.1761599;HIDRAULICA;524.7661599;524.7661599
11/02/2024;GUAVIO;ENDG;TX4;0;624059.37;545.1761599;545.1761599;HIDRAULICA;524.7661599;524.7661599
11/02/2024;GUAVIO;ENDG;TX4;1;389252.27;545.1761599;545.1761599;HIDRAULICA;524.7661599;524.7661599
11/02/2024;GUAVIO;ENDG;TX4;2;246757.05;545.1761599;545.1761599;HIDRAULICA;524.7661599;524.7661599
11/02/2024;GUAVIO;ENDG;TX4;3;140076.22;545.1761599;545.1761599;HIDRAULICA;524.7661599;524.7661599
11/02/2024;GUAVIO;ENDG;TX4;4;45255.77;545.1761599;545.1761599;HIDRAULICA;524.7661599;524.7661599
11/02/2024;GUAVIO;ENDG;TX4;5;3040.58;545.1761599;545.1761599;HIDRAULICA;524.7661599;524.7661599
11/02/2024;CHIVOR;CHVG;TX4;6;477604.85;520.6081599;520.6081599;HIDRAULICA;500.1761599;500.1761599
11/02/2024;CHIVOR;CHVG;TX4;7;265270.46;520.6081599;520.6081599;HIDRAULICA;500.1761599;500.1761599
11/02/2024;BETANIA;ENDG;TX4;8;263559.92;496.1761599;496.1761599;HIDRAULICA;472.5691599;472.5691599
11/02/2024;CHIVOR;CHVG;TX4;9;32396.77;520.6081599;520.6081599;HIDRAULICA;500.1761599;500.1761599
11/02/2024;CHIVOR;CHVG;TX4;10;274685.33;520.6081599;520.6081599;HIDRAULICA;500.1761599;500.1761599
11/02/2024;CHIVOR;CHVG;TX4;11;586399.54;520.6081599;520.6081599;HIDRAULICA;500.1761599;500.1761599
11/02/2024;PRADO;EPSG;TX4;12;13248.1;529.1761599;529.1761599;HIDRAULICA;524.7661599;524.7661599
11/02/2024;GUAVIO;ENDG;TX4;13;350409.85;545.1761599;545.1761599;HIDRAULICA;524.7661599;524.7661599
11/02/2024;GUAVIO;ENDG;TX4;14;337152.71;545.1761599;545.1761599;HIDRAULICA;524.7661599;524.7661599
11/02/2024;GUAVIO;ENDG;TX4;15;426379.87;545.1761599;545.1761599;HIDRAULICA;524.7661599;524.7661599
11/02/2024;GUAVIO;ENDG;TX4;16;675757.84;545.1761599;545.1761599;HIDRAULICA;524.7661599;524.7661599
11/02/2024;GUAVIO;ENDG;TX4;17;1055333.76;545.1761599;545.1761599;HIDRAULICA;524.7661599;524.7661599
11/02/2024;SAN CARLOS;ISGG;TX4;18;575081.47;562.1761599;562.1761599;HIDRAULICA;524.7661599;524.7661599
11/02/2024;SAN CARLOS;ISGG;TX4;19;1000378.99;562.1761599;562.1761599;HIDRAULICA;524.7661599;524.7661599
11/02/2024;SAN CARLOS;ISGG;TX4;20;950060.31;562.1761599;562.1761599;HIDRAULICA;524.7661599;524.7661599
11/02/2024;SAN CARLOS;ISGG;TX4;21;816797.12;562.1761599;562.1761599;HIDRAULICA;524.7661599;524.7661599
11/02/2024;SAN CARLOS;ISGG;TX4;22;437701.2;562.1761599;562.1761599;HIDRAULICA;524.7661599;524.7661599
11/02/2024;SAN CARLOS;ISGG;TX4;23;96675.67;562.1761599;562.1761599;HIDRAULICA;524.7661599;524.7661599
12/02/2024;MIEL I;ISGG;TX4;0;175334.03;562.1761599;562.1761599;HIDRAULICA;524.7661599;524.7661599
12/02/2024;PRADO;EPSG;TX4;1;44095.22;529.1761599;529.1761599;HIDRAULICA;524.7661599;524.7661599
12/02/2024;SAN CARLOS;ISGG;TX4;2;904363.17;526.1761599;526.1761599;HIDRAULICA;524.7661599;524.7661599
12/02/2024;SAN CARLOS;ISGG;TX4;3;811761.76;526.1761599;526.1761599;HIDRAULICA;524.7661599;524.7661599
12/02/2024;SAN CARLOS;ISGG;TX4;4;790513.93;526.1761599;526.1761599;HIDRAULICA;524.7661599;524.7661599
12/02/2024;PRADO;EPSG;TX4;5;44984.3;529.1761599;529.1761599;HIDRAULICA;524.7661599;524.7661599
12/02/2024;CALIMA;EPSG;TX4;6;3866.77;550.1761599;550.1761599;HIDRAULICA;524.7661599;524.7661599
12/02/2024;MIEL I;ISGG;TX4;7;52955.23;562.1761599;562.1761599;HIDRAULICA;524.7661599;524.7661599
12/02/2024;MIEL I;ISGG;TX4;8;220383.82;562.1761599;562.1761599;HIDRAULICA;524.7661599;524.7661599
12/02/2024;CHIVOR;CHVG;TX4;9;59257.51;567.6111599;567.6111599;HIDRAULICA;524.7661599;524.7661599
12/02/2024;CHIVOR;CHVG;TX4;10;442893.07;567.6111599;567.6111599;HIDRAULICA;524.7661599;524.7661599
12/02/2024;CHIVOR;CHVG;TX4;11;729713.62;567.6111599;567.6111599;HIDRAULICA;524.7661599;524.7661599
12/02/2024;PAGUA;ENDG;TX4;12;21028.35;590.1761599;590.1761599;HIDRAULICA;524.7661599;524.7661599
12/02/2024;PAGUA;ENDG;TX4;13;226909.82;590.1761599;590.1761599;HIDRAULICA;524.7661599;524.7661599
12/02/2024;ALTO ANCHICAYA;EPSG;TX4;14;8000;600.1761599;600.1761599;HIDRAULICA;524.7661599;524.7661599
12/02/2024;ALTO ANCHICAYA;EPSG;TX4;15;8000;600.1761599;600.1761599;HIDRAULICA;524.7661599;524.7661599
12/02/2024;ALTO ANCHICAYA;EPSG;TX4;16;8000;600.1761599;600.1761599;HIDRAULICA;524.7661599;524.7661599
12/02/2024;ALTO ANCHICAYA;EPSG;TX4;17;8000;600.1761599;600.1761599;HIDRAULICA;524.7661599;524.7661599
12/02/2024;ALTO ANCHICAYA;EPSG;TX4;18;8000;600.1761599;600.1761599;HIDRAULICA;524.7661599;524.7661599
12/02/2024;ALTO ANCHICAYA;EPSG;TX4;19;8000;600.1761599;600.1761599;HIDRAULICA;524.7661599;524.7661599
12/02/2024;ALTO ANCHICAYA;EPSG;TX4;20;8000;600.1761599;600.1761599;HIDRAULICA;524.7661599;524.7661599
12/02/2024;ALTO ANCHICAYA;EPSG;TX4;21;8000;600.1761599;600.1761599;HIDRAULICA;524.7661599;524.7661599
12/02/2024;PAGUA;ENDG;TX4;22;62378.06;590.1761599;590.1761599;HIDRAULICA;524.7661599;524.7661599
12/02/2024;CHIVOR;CHVG;TX4;23;338406.61;567.6111599;567.6111599;HIDRAULICA;524.7661599;524.7661599
13/02/2024;ALTO ANCHICAYA;EPSG;TX4;0;155823.16;593.1761599;593.1761599;HIDRAULICA;536.0094936;536.0094936
13/02/2024;BETANIA;ENDG;TX4;1;267520.72;552.1761599;552.1761599;HIDRAULICA;536.0094936;536.0094936
13/02/2024;BETANIA;ENDG;TX4;2;156434.55;552.1761599;552.1761599;HIDRAULICA;536.0094936;536.0094936
13/02/2024;BETANIA;ENDG;TX4;3;81078.83;552.1761599;552.1761599;HIDRAULICA;536.0094936;536.0094936
13/02/2024;EL QUIMBO;ENDG;TX4;4;302072.28;551.1761599;551.1761599;HIDRAULICA;524.7661599;524.7661599
13/02/2024;ALTO ANCHICAYA;EPSG;TX4;5;126245.16;593.1761599;593.1761599;HIDRAULICA;536.0094936;536.0094936
13/02/2024;ALTO ANCHICAYA;EPSG;TX4;6;57568.98;593.1761599;593.1761599;HIDRAULICA;536.0094936;536.0094936
13/02/2024;GUAVIO;ENDG;TX4;7;285212.51;610.1761599;610.1761599;HIDRAULICA;536.0094936;536.0094936
13/02/2024;ALTO ANCHICAYA;EPSG;TX4;8;228012.83;593.1761599;593.1761599;HIDRAULICA;536.0094936;536.0094936
13/02/2024;ALTO ANCHICAYA;EPSG;TX4;9;146963.64;593.1761599;593.1761599;HIDRAULICA;536.0094936;536.0094936
13/02/2024;ALTO ANCHICAYA;EPSG;TX4;10;253330.39;593.1761599;593.1761599;HIDRAULICA;536.0094936;536.0094936
13/02/2024;GUAVIO;ENDG;TX4;11;570129.4;610.1761599;610.1761599;HIDRAULICA;536.0094936;536.0094936
13/02/2024;GUAVIO;ENDG;TX4;12;631553.12;610.1761599;610.1761599;HIDRAULICA;536.0094936;536.0094936
13/02/2024;GUAVIO;ENDG;TX4;13;791447.34;610.1761599;610.1761599;HIDRAULICA;536.0094936;536.0094936
13/02/2024;GUAVIO;ENDG;TX4;14;1051131.49;610.1761599;610.1761599;HIDRAULICA;536.0094936;536.0094936
13/02/2024;PAGUA;ENDG;TX4;15;122930.54;612.1761599;612.1761599;HIDRAULICA;536.0094936;536.0094936
13/02/2024;PAGUA;ENDG;TX4;16;173989.37;612.1761599;612.1761599;HIDRAULICA;536.0094936;536.0094936
13/02/2024;PAGUA;ENDG;TX4;17;174959.31;612.1761599;612.1761599;HIDRAULICA;536.0094936;536.0094936
13/02/2024;PAGUA;ENDG;TX4;18;339991.35;612.1761599;612.1761599;HIDRAULICA;536.0094936;536.0094936
13/02/2024;PAGUA;ENDG;TX4;19;563601.96;612.1761599;612.1761599;HIDRAULICA;536.0094936;536.0094936
13/02/2024;PAGUA;ENDG;TX4;20;373793.06;612.1761599;612.1761599;HIDRAULICA;536.0094936;536.0094936
13/02/2024;PAGUA;ENDG;TX4;21;150904.68;612.1761599;612.1761599;HIDRAULICA;536.0094936;536.0094936
13/02/2024;GUAVIO;ENDG;TX4;22;631611.84;610.1761599;610.1761599;HIDRAULICA;536.0094936;536.0094936
13/02/2024;ALTO ANCHICAYA;EPSG;TX4;23;229345.66;593.1761599;593.1761599;HIDRAULICA;536.0094936;536.0094936
14/02/2024;GUAVIO;ENDG;TX4;0;1149222.29;533.1761599;533.1761599;HIDRAULICA;524.7661599;524.7661599
14/02/2024;GUAVIO;ENDG;TX4;1;879764.1;533.1761599;533.1761599;HIDRAULICA;524.7661599;524.7661599
14/02/2024;GUAVIO;ENDG;TX4;2;709303.23;533.1761599;533.1761599;HIDRAULICA;524.7661599;524.7661599
14/02/2024;GUAVIO;ENDG;TX4;3;682390.17;533.1761599;533.1761599;HIDRAULICA;524.7661599;524.7661599
14/02/2024;GUAVIO;ENDG;TX4;4;939933.79;533.1761599;533.1761599;HIDRAULICA;524.7661599;524.7661599
14/02/2024;EL QUIMBO;ENDG;TX4;5;109880.79;595.1761599;595.1761599;HIDRAULICA;524.7661599;524.7661599
14/02/2024;BETANIA;ENDG;TX4;6;60988.06;596.1761599;596.1761599;HIDRAULICA;524.7661599;524.7661599
14/02/2024;BETANIA;ENDG;TX4;7;72278.26;596.1761599;596.1761599;HIDRAULICA;524.7661599;524.7661599
14/02/2024;BETANIA;ENDG;TX4;8;229120.81;596.1761599;596.1761599;HIDRAULICA;524.7661599;524.7661599
14/02/2024;BETANIA;ENDG;TX4;9;70987;596.1761599;596.1761599;HIDRAULICA;524.7661599;524.7661599
14/02/2024;BETANIA;ENDG;TX4;10;297212.94;596.1761599;596.1761599;HIDRAULICA;524.7661599;524.7661599
14/02/2024;CHIVOR;CHVG;TX4;11;259335.67;615.6321599;615.6321599;HIDRAULICA;524.7661599;524.7661599
14/02/2024;CHIVOR;CHVG;TX4;12;24270.36;615.6321599;615.6321599;HIDRAULICA;524.7661599;524.7661599
14/02/2024;CHIVOR;CHVG;TX4;13;304353.19;615.6321599;615.6321599;HIDRAULICA;524.7661599;524.7661599
14/02/2024;CHIVOR;CHVG;TX4;14;633241.39;615.6321599;615.6321599;HIDRAULICA;524.7661599;524.7661599
14/02/2024;CHIVOR;CHVG;TX4;15;713967.26;615.6321599;615.6321599;HIDRAULICA;524.7661599;524.7661599
14/02/2024;JAGUAS;ISGG;TX4;16;55339.26;671.1761599;671.1761599;HIDRAULICA;524.7661599;524.7661599
14/02/2024;CHIVOR;CHVG;TX4;17;716354.46;615.6321599;615.6321599;HIDRAULICA;524.7661599;524.7661599
14/02/2024;CHIVOR;CHVG;TX4;18;692642.09;615.6321599;615.6321599;HIDRAULICA;524.7661599;524.7661599
14/02/2024;JAGUAS;ISGG;TX4;19;118942.52;671.1761599;671.1761599;HIDRAULICA;524.7661599;524.7661599
14/02/2024;JAGUAS;ISGG;TX4;20;44918.82;671.1761599;671.1761599;HIDRAULICA;524.7661599;524.7661599
14/02/2024;CHIVOR;CHVG;TX4;21;509612.04;615.6321599;615.6321599;HIDRAULICA;524.7661599;524.7661599
14/02/2024;BETANIA;ENDG;TX4;22;270207.08;596.1761599;596.1761599;HIDRAULICA;524.7661599;524.7661599
14/02/2024;PRADO;EPSG;TX4;23;19241.3;565.1761599;565.1761599;HIDRAULICA;524.7661599;524.7661599
15/02/2024;CALIMA;EPSG;TX4;0;132000;550.1761599;550.1761599;HIDRAULICA;524.7661599;524.7661599
15/02/2024;CALIMA;EPSG;TX4;1;132000;550.1761599;550.1761599;HIDRAULICA;524.7661599;524.7661599
15/02/2024;CALIMA;EPSG;TX4;2;132000;550.1761599;550.1761599;HIDRAULICA;524.7661599;524.7661599
15/02/2024;CALIMA;EPSG;TX4;3;132000;550.1761599;550.1761599;HIDRAULICA;524.7661599;524.7661599
15/02/2024;CALIMA;EPSG;TX4;4;132000;550.1761599;550.1761599;HIDRAULICA;524.7661599;524.7661599
15/02/2024;CALIMA;EPSG;TX4;5;132000;550.1761599;550.1761599;HIDRAULICA;524.7661599;524.7661599
15/02/2024;CALIMA;EPSG;TX4;6;132000;550.1761599;550.1761599;HIDRAULICA;524.7661599;524.7661599
15/02/2024;CALIMA;EPSG;TX4;7;132000;550.1761599;550.1761599;HIDRAULICA;524.7661599;524.7661599
15/02/2024;EL QUIMBO;ENDG;TX4;8;136737.23;555.1761599;555.1761599;HIDRAULICA;524.7661599;524.7661599
15/02/2024;EL QUIMBO;ENDG;TX4;9;121770.64;555.1761599;555.1761599;HIDRAULICA;524.7661599;524.7661599
15/02/2024;PAGUA;ENDG;TX4;10;124372.06;590.1761599;590.1761599;HIDRAULICA;524.7661599;524.7661599
15/02/2024;JAGUAS;ISGG;TX4;11;22479.9;600.1761599;600.1761599;HIDRAULICA;524.7661599;524.7661599
15/02/2024;PAGUA;ENDG;TX4;12;243291.32;590.1761599;590.1761599;HIDRAULICA;524.7661599;524.7661599
15/02/2024;PAGUA;ENDG;TX4;13;371940.89;590.1761599;590.1761599;HIDRAULICA;524.7661599;524.7661599
15/02/2024;BETANIA;ENDG;TX4;14;186388.87;650.1761599;650.1761599;HIDRAULICA;524.7661599;524.7661599
15/02/2024;MIEL I;ISGG;TX4;15;50723.44;711.1761599;711.1761599;HIDRAULICA;524.7661599;524.7661599
15/02/2024;MIEL I;ISGG;TX4;16;172832.28;711.1761599;711.1761599;HIDRAULICA;524.7661599;524.7661599
15/02/2024;BETANIA;ENDG;TX4;17;76349.43;650.1761599;650.1761599;HIDRAULICA;524.7661599;524.7661599
15/02/2024;ALTO ANCHICAYA;EPSG;TX4;18;107558.21;615.1761599;615.1761599;HIDRAULICA;524.7661599;524.7661599
15/02/2024;BETANIA;ENDG;TX4;19;224864.05;650.1761599;650.1761599;HIDRAULICA;524.7661599;524.7661599
15/02/2024;BETANIA;ENDG;TX4;20;85218.37;650.1761599;650.1761599;HIDRAULICA;524.7661599;524.7661599
15/02/2024;JAGUAS;ISGG;TX4;21;130294.27;600.1761599;600.1761599;HIDRAULICA;524.7661599;524.7661599
15/02/2024;PAGUA;ENDG;TX4;22;13688.15;590.1761599;590.1761599;HIDRAULICA;524.7661599;524.7661599
15/02/2024;CALIMA;EPSG;TX4;23;132000;550.1761599;550.1761599;HIDRAULICA;524.7661599;524.7661599
16/02/2024;GUAVIO;ENDG;TX4;0;686680.82;530.1761599;530.1761599;HIDRAULICA;501.7281599;501.7281599
16/02/2024;GUAVIO;ENDG;TX4;1;560835.2;530.1761599;530.1761599;HIDRAULICA;501.7281599;501.7281599
16/02/2024;GUAVIO;ENDG;TX4;2;475066.09;530.1761599;530.1761599;HIDRAULICA;501.7281599;501.7281599
16/02/2024;GUAVIO;ENDG;TX4;3;350404.38;530.1761599;530.1761599;HIDRAULICA;501.7281599;501.7281599
16/02/2024;GUAVIO;ENDG;TX4;4;474856.28;530.1761599;530.1761599;HIDRAULICA;501.7281599;501.7281599
16/02/2024;GUAVIO;ENDG;TX4;5;966765.45;530.1761599;530.1761599;HIDRAULICA;501.7281599;501.7281599
16/02/2024;GUAVIO;ENDG;TX4;6;1022596.45;530.1761599;530.1761599;HIDRAULICA;501.7281599;501.7281599
16/02/2024;GUAVIO;ENDG;TX4;7;1079833.93;530.1761599;530.1761599;HIDRAULICA;501.7281599;501.7281599
16/02/2024;GUAVIO;ENDG;TX4;8;1173496.62;530.1761599;530.1761599;HIDRAULICA;501.7281599;501.7281599
16/02/2024;PAGUA;ENDG;TX4;9;43609.95;535.1761599;535.1761599;HIDRAULICA;501.7281599;501.7281599
16/02/2024;PAGUA;ENDG;TX4;10;323245.73;535.1761599;535.1761599;HIDRAULICA;501.7281599;501.7281599
16/02/2024;PAGUA;ENDG;TX4;11;460135.15;535.1761599;535.1761599;HIDRAULICA;501.7281599;501.7281599
16/02/2024;PAGUA;ENDG;TX4;12;179936.94;535.1761599;535.1761599;HIDRAULICA;501.7281599;501.7281599
16/02/2024;PAGUA;ENDG;TX4;13;415085.79;535.1761599;535.1761599;HIDRAULICA;501.7281599;501.7281599
16/02/2024;MIEL I;ISGG;TX4;14;39922.27;549.1761599;549.1761599;HIDRAULICA;501.7281599;501.7281599
16/02/2024;MIEL I;ISGG;TX4;15;181281.37;549.1761599;549.1761599;HIDRAULICA;501.7281599;501.7281599
16/02/2024;MIEL I;ISGG;TX4;16;170239.98;549.1761599;549.1761599;HIDRAULICA;501.7281599;501.7281599
16/02/2024;PAGUA;ENDG;TX4;17;567448.1;535.1761599;535.1761599;HIDRAULICA;501.7281599;501.7281599
16/02/2024;MIEL I;ISGG;TX4;18;325881.42;549.1761599;549.1761599;HIDRAULICA;501.7281599;501.7281599
16/02/2024;EL QUIMBO;ENDG;TX4;19;170366.28;555.1761599;555.1761599;HIDRAULICA;501.7281599;501.7281599
16/02/2024;EL QUIMBO;ENDG;TX4;20;131213.84;555.1761599;555.1761599;HIDRAULICA;501.7281599;501.7281599
16/02/2024;CALIMA;EPSG;TX4;21;121051.27;550.1761599;550.1761599;HIDRAULICA;501.7281599;501.7281599
16/02/2024;PAGUA;ENDG;TX4;22;337376.72;535.1761599;535.1761599;HIDRAULICA;501.7281599;501.7281599
16/02/2024;GUAVIO;ENDG;TX4;23;1087963.55;530.1761599;530.1761599;HIDRAULICA;501.7281599;501.7281599
17/02/2024;BETANIA;ENDG;TX4;0;208580.67;600.1761599;600.1761599;HIDRAULICA;501.6041599;501.6041599
17/02/2024;BETANIA;ENDG;TX4;1;60000;600.1761599;600.1761599;HIDRAULICA;501.6041599;501.6041599
17/02/2024;GUAVIO;ENDG;TX4;2;436695.39;555.1761599;555.1761599;HIDRAULICA;501.6041599;501.6041599
17/02/2024;GUAVIO;ENDG;TX4;3;90347.96;555.1761599;555.1761599;HIDRAULICA;501.6041599;501.6041599
17/02/2024;GUAVIO;ENDG;TX4;4;101567.75;555.1761599;555.1761599;HIDRAULICA;501.6041599;501.6041599
17/02/2024;GUAVIO;ENDG;TX4;5;168362.93;555.1761599;555.1761599;HIDRAULICA;501.6041599;501.6041599
17/02/2024;GUAVIO;ENDG;TX4;6;189147.54;555.1761599;555.1761599;HIDRAULICA;501.6041599;501.6041599
17/02/2024;GUAVIO;ENDG;TX4;7;360927.22;555.1761599;555.1761599;HIDRAULICA;501.6041599;501.6041599
17/02/2024;GUAVIO;ENDG;TX4;8;586310.03;555.1761599;555.1761599;HIDRAULICA;501.6041599;501.6041599
17/02/2024;GUAVIO;ENDG;TX4;9;666537.12;555.1761599;555.1761599;HIDRAULICA;501.6041599;501.6041599
17/02/2024;GUAVIO;ENDG;TX4;10;915344.5;555.1761599;555.1761599;HIDRAULICA;501.6041599;501.6041599
17/02/2024;GUAVIO;ENDG;TX4;11;1046700.94;555.1761599;555.1761599;HIDRAULICA;501.6041599;501.6041599
17/02/2024;GUAVIO;ENDG;TX4;12;873466.12;555.1761599;555.1761599;HIDRAULICA;501.6041599;501.6041599
17/02/2024;GUAVIO;ENDG;TX4;13;636498.93;555.1761599;555.1761599;HIDRAULICA;501.6041599;501.6041599
17/02/2024;GUAVIO;ENDG;TX4;14;597613.88;555.1761599;555.1761599;HIDRAULICA;501.6041599;501.6041599
17/02/2024;GUAVIO;ENDG;TX4;15;591554.39;555.1761599;555.1761599;HIDRAULICA;501.6041599;501.6041599
17/02/2024;GUAVIO;ENDG;TX4;16;736565.6;555.1761599;555.1761599;HIDRAULICA;501.6041599;501.6041599
17/02/2024;GUAVIO;ENDG;TX4;17;1012262.21;555.1761599;555.1761599;HIDRAULICA;501.6041599;501.6041599
17/02/2024;ALTO ANCHICAYA;EPSG;TX4;18;269000;599.1761599;599.1761599;HIDRAULICA;501.6041599;501.6041599
17/02/2024;ALTO ANCHICAYA;EPSG;TX4;19;269000;599.1761599;599.1761599;HIDRAULICA;501.6041599;501.6041599
17/02/2024;ALTO ANCHICAYA;EPSG;TX4;20;197733.27;599.1761599;599.1761599;HIDRAULICA;501.6041599;501.6041599
17/02/2024;ALTO ANCHICAYA;EPSG;TX4;21;228336.55;599.1761599;599.1761599;HIDRAULICA;501.6041599;501.6041599
17/02/2024;GUAVIO;ENDG;TX4;22;1048258.45;555.1761599;555.1761599;HIDRAULICA;501.6041599;501.6041599
17/02/2024;GUAVIO;ENDG;TX4;23;734180.03;555.1761599;555.1761599;HIDRAULICA;501.6041599;501.6041599
18/02/2024;PAGUA;ENDG;TX4;0;229879.57;545.1761599;545.1761599;HIDRAULICA;501.6041599;501.6041599
18/02/2024;PAGUA;ENDG;TX4;1;23506.18;545.1761599;545.1761599;HIDRAULICA;501.6041599;501.6041599
18/02/2024;GUAVIO;ENDG;TX4;2;1066590.16;535.1761599;535.1761599;HIDRAULICA;501.6041599;501.6041599
18/02/2024;GUAVIO;ENDG;TX4;3;948034.02;535.1761599;535.1761599;HIDRAULICA;501.6041599;501.6041599
18/02/2024;GUAVIO;ENDG;TX4;4;904436.7;535.1761599;535.1761599;HIDRAULICA;501.6041599;501.6041599
18/02/2024;GUAVIO;ENDG;TX4;5;821273.18;535.1761599;535.1761599;HIDRAULICA;501.6041599;501.6041599
18/02/2024;GUAVIO;ENDG;TX4;6;475795.33;535.1761599;535.1761599;HIDRAULICA;501.6041599;501.6041599
18/02/2024;GUAVIO;ENDG;TX4;7;310942.54;535.1761599;535.1761599;HIDRAULICA;501.6041599;501.6041599
18/02/2024;GUAVIO;ENDG;TX4;8;112673.73;535.1761599;535.1761599;HIDRAULICA;501.6041599;501.6041599
18/02/2024;GUAVIO;ENDG;TX4;9;141001.12;535.1761599;535.1761599;HIDRAULICA;501.6041599;501.6041599
18/02/2024;GUAVIO;ENDG;TX4;10;282832.21;535.1761599;535.1761599;HIDRAULICA;501.6041599;501.6041599
18/02/2024;GUAVIO;ENDG;TX4;11;472581.17;535.1761599;535.1761599;HIDRAULICA;501.6041599;501.6041599
18/02/2024;GUAVIO;ENDG;TX4;12;712872.91;535.1761599;535.1761599;HIDRAULICA;501.6041599;501.6041599
18/02/2024;GUAVIO;ENDG;TX4;13;761577.92;535.1761599;535.1761599;HIDRAULICA;501.6041599;501.6041599
18/02/2024;GUAVIO;ENDG;TX4;14;772514.46;535.1761599;535.1761599;HIDRAULICA;501.6041599;501.6041599
18/02/2024;GUAVIO;ENDG;TX4;15;888418.98;535.1761599;535.1761599;HIDRAULICA;501.6041599;501.6041599
18/02/2024;PAGUA;ENDG;TX4;16;48122.53;545.1761599;545.1761599;HIDRAULICA;501.6041599;501.6041599
18/02/2024;PAGUA;ENDG;TX4;17;471854.66;545.1761599;545.1761599;HIDRAULICA;501.6041599;501.6041599
18/02/2024;BETANIA;ENDG;TX4;18;331335.37;585.1761599;585.1761599;HIDRAULICA;501.6041599;501.6041599
18/02/2024;ALTO ANCHICAYA;EPSG;TX4;19;171599.83;589.1761599;589.1761599;HIDRAULICA;501.6041599;501.6041599
18/02/2024;ALTO ANCHICAYA;EPSG;TX4;20;135813.37;589.1761599;589.1761599;HIDRAULICA;501.6041599;501.6041599
18/02/2024;CHIVOR;CHVG;TX4;21;83641.16;610.2901599;610.2901599;HIDRAULICA;501.6041599;501.6041599
18/02/2024;BETANIA;ENDG;TX4;22;283690.55;585.1761599;585.1761599;HIDRAULICA;501.6041599;501.6041599
18/02/2024;EL QUIMBO;ENDG;TX4;23;119231.38;550.1761599;550.1761599;HIDRAULICA;501.6041599;501.6041599
19/02/2024;GUAVIO;ENDG;TX4;0;268755.94;555.1761599;555.1761599;HIDRAULICA;530.7991599;530.7991599
19/02/2024;CALIMA;EPSG;TX4;1;94604.36;550.1761599;550.1761599;HIDRAULICA;530.7991599;530.7991599
19/02/2024;EL QUIMBO;ENDG;TX4;2;203063.98;540.1761599;540.1761599;HIDRAULICA;530.7991599;530.7991599
19/02/2024;TERMOCANDELARIA CC;TCIG;TX4;3;554224.37;530.7991599;530.7991599;TERMICA;500.1761599;530.7991599
19/02/2024;EL QUIMBO;ENDG;TX4;4;190815.32;540.1761599;540.1761599;HIDRAULICA;530.7991599;530.7991599
19/02/2024;GUAVIO;ENDG;TX4;5;236133.55;555.1761599;555.1761599;HIDRAULICA;530.7991599;530.7991599
19/02/2024;GUAVIO;ENDG;TX4;6;292303.88;555.1761599;555.1761599;HIDRAULICA;530.7991599;530.7991599
19/02/2024;GUAVIO;ENDG;TX4;7;742151.78;555.1761599;555.1761599;HIDRAULICA;530.7991599;530.7991599
19/02/2024;GUAVIO;ENDG;TX4;8;1146365.89;555.1761599;555.1761599;HIDRAULICA;530.7991599;530.7991599
19/02/2024;PRADO;EPSG;TX4;9;28226.17;565.1761599;565.1761599;HIDRAULICA;530.7991599;530.7991599
19/02/2024;ALTO ANCHICAYA;EPSG;TX4;10;134415.6;579.1761599;579.1761599;HIDRAULICA;530.7991599;530.7991599
19/02/2024;BETANIA;ENDG;TX4;11;307002.83;585.1761599;585.1761599;HIDRAULICA;530.7991599;530.7991599
19/02/2024;BETANIA;ENDG;TX4;12;229265.66;585.1761599;585.1761599;HIDRAULICA;530.7991599;530.7991599
19/02/2024;BETANIA;ENDG;TX4;13;171226.33;585.1761599;585.1761599;HIDRAULICA;530.7991599;530.7991599
19/02/2024;SOGAMOSO;ISGG;TX4;14;301532.53;590.1761599;590.1761599;HIDRAULICA;530.7991599;530.7991599
19/02/2024;SOGAMOSO;ISGG;TX4;15;378334.85;590.1761599;590.1761599;HIDRAULICA;530.7991599;530.7991599
19/02/2024;SOGAMOSO;ISGG;TX4;16;510792.92;590.1761599;590.1761599;HIDRAULICA;530.7991599;530.7991599
19/02/2024;SOGAMOSO;ISGG;TX4;17;480390.02;590.1761599;590.1761599;HIDRAULICA;530.7991599;530.7991599
19/02/2024;CHIVOR;CHVG;TX4;18;77556.09;610.2901599;610.2901599;HIDRAULICA;530.7991599;530.7991599
19/02/2024;CHIVOR;CHVG;TX4;19;192837.83;610.2901599;610.2901599;HIDRAULICA;530.7991599;530.7991599
19/02/2024;CHIVOR;CHVG;TX4;20;164869.54;610.2901599;610.2901599;HIDRAULICA;530.7991599;530.7991599
19/02/2024;CHIVOR;CHVG;TX4;21;29761.91;610.2901599;610.2901599;HIDRAULICA;530.7991599;530.7991599
19/02/2024;ALTO ANCHICAYA;EPSG;TX4;22;51270.28;579.1761599;579.1761599;HIDRAULICA;530.7991599;530.7991599
19/02/2024;GUAVIO;ENDG;TX4;23;936272.24;555.1761599;555.1761599;HIDRAULICA;530.7991599;530.7991599
20/02/2024;ALTO ANCHICAYA;EPSG;TX4;0;61850.04;577.1761599;577.1761599;HIDRAULICA;530.7991599;530.7991599
20/02/2024;CALIMA;EPSG;TX4;1;122503.35;550.1761599;550.1761599;HIDRAULICA;530.7991599;530.7991599
20/02/2024;TERMOCANDELARIA CC;TCIG;TX4;2;484012.08;530.7991599;530.7991599;TERMICA;500.1761599;530.7991599
20/02/2024;TERMOCANDELARIA CC;TCIG;TX4;3;407997.58;530.7991599;530.7991599;TERMICA;500.1761599;530.7991599
20/02/2024;CALIMA;EPSG;TX4;4;22973.65;550.1761599;550.1761599;HIDRAULICA;530.7991599;530.7991599
20/02/2024;EL QUIMBO;ENDG;TX4;5;141262.93;581.1761599;581.1761599;HIDRAULICA;530.7991599;530.7991599
20/02/2024;EL QUIMBO;ENDG;TX4;6;151899.23;581.1761599;581.1761599;HIDRAULICA;530.7991599;530.7991599
20/02/2024;EL QUIMBO;ENDG;TX4;7;191453.19;581.1761599;581.1761599;HIDRAULICA;530.7991599;530.7991599
20/02/2024;GUAVIO;ENDG;TX4;8;61573.75;590.1761599;590.1761599;HIDRAULICA;530.7991599;530.7991599
20/02/2024;GUAVIO;ENDG;TX4;9;17778.44;590.1761599;590.1761599;HIDRAULICA;530.7991599;530.7991599
20/02/2024;GUAVIO;ENDG;TX4;10;190953.8;590.1761599;590.1761599;HIDRAULICA;530.7991599;530.7991599
20/02/2024;GUAVIO;ENDG;TX4;11;391840;590.1761599;590.1761599;HIDRAULICA;530.7991599;530.7991599
20/02/2024;GUAVIO;ENDG;TX4;12;223649.35;590.1761599;590.1761599;HIDRAULICA;530.7991599;530.7991599
20/02/2024;EL QUIMBO;ENDG;TX4;13;124019.66;581.1761599;581.1761599;HIDRAULICA;530.7991599;530.7991599
20/02/2024;GUAVIO;ENDG;TX4;14;188403.51;590.1761599;590.1761599;HIDRAULICA;530.7991599;530.7991599
20/02/2024;GUAVIO;ENDG;TX4;15;472699.04;590.1761599;590.1761599;HIDRAULICA;530.7991599;530.7991599
20/02/2024;GUAVIO;ENDG;TX4;16;546358.55;590.1761599;590.1761599;HIDRAULICA;530.7991599;530.7991599
20/02/2024;GUAVIO;ENDG;TX4;17;806489.09;590.1761599;590.1761599;HIDRAULICA;530.7991599;530.7991599
20/02/2024;BETANIA;ENDG;TX4;18;121960.05;611.1761599;611.1761599;HIDRAULICA;530.7991599;530.7991599
20/02/2024;BETANIA;ENDG;TX4;19;261260.1;611.1761599;611.1761599;HIDRAULICA;530.7991599;530.7991599
20/02/2024;GUAVIO;ENDG;TX4;20;1133321.16;590.1761599;590.1761599;HIDRAULICA;530.7991599;530.7991599
20/02/2024;GUAVIO;ENDG;TX4;21;947481.03;590.1761599;590.1761599;HIDRAULICA;530.7991599;530.7991599
20/02/2024;GUAVIO;ENDG;TX4;22;249570.08;590.1761599;590.1761599;HIDRAULICA;530.7991599;530.7991599
20/02/2024;ALTO ANCHICAYA;EPSG;TX4;23;223961.93;577.1761599;577.1761599;HIDRAULICA;530.7991599;530.7991599
21/02/2024;CHIVOR;CHVG;TX4;0;197522.17;601.2901599;601.2901599;HIDRAULICA;528.8721599;528.8721599
21/02/2024;CHIVOR;CHVG;TX4;1;86519.24;601.2901599;601.2901599;HIDRAULICA;528.8721599;528.8721599
21/02/2024;CHIVOR;CHVG;TX4;2;168300.32;601.2901599;601.2901599;HIDRAULICA;528.8721599;528.8721599
21/02/2024;CHIVOR;CHVG;TX4;3;239367.83;601.2901599;601.2901599;HIDRAULICA;528.8721599;528.8721599
21/02/2024;SOGAMOSO;ISGG;TX4;4;208813.2;601.1761599;601.1761599;HIDRAULICA;528.8721599;528.8721599
21/02/2024;CHIVOR;CHVG;TX4;5;260623.18;601.2901599;601.2901599;HIDRAULICA;528.8721599;528.8721599
21/02/2024;CHIVOR;CHVG;TX4;6;129051.49;601.2901599;601.2901599;HIDRAULICA;528.8721599;528.8721599
21/02/2024;CHIVOR;CHVG;TX4;7;290563.94;601.2901599;601.2901599;HIDRAULICA;528.8721599;528.8721599
21/02/2024;CHIVOR;CHVG;TX4;8;522078.3;601.2901599;601.2901599;HIDRAULICA;528.8721599;528.8721599
21/02/2024;CHIVOR;CHVG;TX4;9;337685.14;601.2901599;601.2901599;HIDRAULICA;528.8721599;528.8721599
21/02/2024;CHIVOR;CHVG;TX4;10;272682.07;601.2901599;601.2901599;HIDRAULICA;528.8721599;528.8721599
21/02/2024;CHIVOR;CHVG;TX4;11;105764.28;601.2901599;601.2901599;HIDRAULICA;528.8721599;528.8721599
21/02/2024;SOGAMOSO;ISGG;TX4;12;526183.09;601.1761599;601.1761599;HIDRAULICA;528.8721599;528.8721599
21/02/2024;SOGAMOSO;ISGG;TX4;13;604483.23;601.1761599;601.1761599;HIDRAULICA;528.8721599;528.8721599
21/02/2024;SOGAMOSO;ISGG;TX4;14;581911.71;601.1761599;601.1761599;HIDRAULICA;528.8721599;528.8721599
21/02/2024;CHIVOR;CHVG;TX4;15;76972.6;601.2901599;601.2901599;HIDRAULICA;528.8721599;528.8721599
21/02/2024;CHIVOR;CHVG;TX4;16;410602.37;601.2901599;601.2901599;HIDRAULICA;528.8721599;528.8721599
21/02/2024;SOGAMOSO;ISGG;TX4;17;305002.86;601.1761599;601.1761599;HIDRAULICA;528.8721599;528.8721599
21/02/2024;CHIVOR;CHVG;TX4;18;62888.03;601.2901599;601.2901599;HIDRAULICA;528.8721599;528.8721599
21/02/2024;CHIVOR;CHVG;TX4;19;84635.91;601.2901599;601.2901599;HIDRAULICA;528.8721599;528.8721599
21/02/2024;CHIVOR;CHVG;TX4;20;7531.71;601.2901599;601.2901599;HIDRAULICA;528.8721599;528.8721599
21/02/2024;CHIVOR;CHVG;TX4;21;17038.22;601.2901599;601.2901599;HIDRAULICA;528.8721599;528.8721599
21/02/2024;CHIVOR;CHVG;TX4;22;214398.67;601.2901599;601.2901599;HIDRAULICA;528.8721599;528.8721599
21/02/2024;GUAVIO;ENDG;TX4;23;926714.68;592.1761599;592.1761599;HIDRAULICA;528.8721599;528.8721599
22/02/2024;GUAJIRA 1;GECG;TX4;0;145000;471.6641599;471.6641599;TERMICA;453.1761599;471.6641599
22/02/2024;GUAJIRA 1;GECG;TX4;1;139300.03;471.6641599;471.6641599;TERMICA;453.1761599;471.6641599
22/02/2024;GUAJIRA 1;GECG;TX4;2;109227.96;471.6641599;471.6641599;TERMICA;453.1761599;471.6641599
22/02/2024;GECELCA 32;GECG;TX4;3;243299.22;226.9411599;226.9411599;TERMICA;120.4561599;226.9411599
22/02/2024;PAIPA 4;SOCG;TX4;4;146069.39;291.7461599;291.7461599;TERMICA;232.5641599;291.7461599
22/02/2024;ALTO ANCHICAYA;EPSG;TX4;5;31522.01;500.1761599;500.1761599;HIDRAULICA;497.3021599;497.3021599
22/02/2024;GUAJIRA 1;GECG;TX4;6;131330.06;471.6641599;471.6641599;TERMICA;453.1761599;471.6641599
22/02/2024;TERMOCANDELARIA CC;TCIG;TX4;7;340677.65;529.4311599;529.4311599;TERMICA;500.1761599;529.4311599
22/02/2024;ALTO ANCHICAYA;EPSG;TX4;8;246302.52;500.1761599;500.1761599;HIDRAULICA;497.3021599;497.3021599
22/02/2024;ALTO ANCHICAYA;EPSG;TX4;9;162125.51;500.1761599;500.1761599;HIDRAULICA;497.3021599;497.3021599
22/02/2024;ALTO ANCHICAYA;EPSG;TX4;10;220551.38;500.1761599;500.1761599;HIDRAULICA;497.3021599;497.3021599
22/02/2024;TERMOCANDELARIA CC;TCIG;TX4;11;439686.68;529.4311599;529.4311599;TERMICA;500.1761599;529.4311599
22/02/2024;TERMOCANDELARIA CC;TCIG;TX4;12;408968.04;529.4311599;529.4311599;TERMICA;500.1761599;529.4311599
22/02/2024;TERMOCANDELARIA CC;TCIG;TX4;13;468773.9;529.4311599;529.4311599;TERMICA;500.1761599;529.4311599
22/02/2024;PRADO;EPSG;TX4;14;41386.5;550.1761599;550.1761599;HIDRAULICA;529.4311599;529.4311599
22/02/2024;EL QUIMBO;ENDG;TX4;15;134430.93;592.1761599;592.1761599;HIDRAULICA;529.4311599;529.4311599
22/02/2024;EL QUIMBO;ENDG;TX4;16;242790.32;592.1761599;592.1761599;HIDRAULICA;529.4311599;529.4311599
22/02/2024;ALTO ANCHICAYA;EPSG;TX4;17;265978.93;500.1761599;500.1761599;HIDRAULICA;497.3021599;497.3021599
22/02/2024;TERMOCANDELARIA CC;TCIG;TX4;18;550596.71;529.4311599;529.4311599;TERMICA;500.1761599;529.4311599
22/02/2024;BETANIA;ENDG;TX4;19;134111.81;600.1761599;600.1761599;HIDRAULICA;529.4311599;529.4311599
22/02/2024;EL QUIMBO;ENDG;TX4;20;246071.46;592.1761599;592.1761599;HIDRAULICA;529.4311599;529.4311599
22/02/2024;CALIMA;EPSG;TX4;21;31811.29;555.1761599;555.1761599;HIDRAULICA;529.4311599;529.4311599
22/02/2024;CALIMA;EPSG;TX4;22;26041.71;555.1761599;555.1761599;HIDRAULICA;529.4311599;529.4311599
22/02/2024;ALTO ANCHICAYA;EPSG;TX4;23;132640.47;500.1761599;500.1761599;HIDRAULICA;497.3021599;497.3021599
23/02/2024;EL QUIMBO;ENDG;TX4;0;175889.16;530.1761599;530.1761599;HIDRAULICA;528.5661599;528.5661599
23/02/2024;TERMOCANDELARIA CC;TCIG;TX4;1;505246.34;528.5661599;528.5661599;TERMICA;500.1761599;528.5661599
23/02/2024;TEBSAB CC;TBSG;TX4;2;659632.81;483.9491599;483.9491599;TERMICA;472.8971599;483.9491599
23/02/2024;TEBSAB CC;TBSG;TX4;3;674102.79;483.9491599;483.9491599;TERMICA;472.8971599;483.9491599
23/02/2024;TERMOCANDELARIA CC;TCIG;TX4;4;355737.9;528.5661599;528.5661599;TERMICA;500.1761599;528.5661599
23/02/2024;CALIMA;EPSG;TX4;5;119463.76;540.1761599;540.1761599;HIDRAULICA;528.5661599;528.5661599
23/02/2024;BETANIA;ENDG;TX4;6;60000;580.1761599;580.1761599;HIDRAULICA;528.5661599;528.5661599
23/02/2024;BETANIA;ENDG;TX4;7;60000;580.1761599;580.1761599;HIDRAULICA;528.5661599;528.5661599
23/02/2024;BETANIA;ENDG;TX4;8;60000;580.1761599;580.1761599;HIDRAULICA;528.5661599;528.5661599
23/02/2024;CALIMA;EPSG;TX4;9;122374.05;540.1761599;540.1761599;HIDRAULICA;528.5661599;528.5661599
23/02/2024;BETANIA;ENDG;TX4;10;270129.28;580.1761599;580.1761599;HIDRAULICA;528.5661599;528.5661599
23/02/2024;CHIVOR;CHVG;TX4;11;19428.03;605.1761599;605.1761599;HIDRAULICA;528.5661599;528.5661599
23/02/2024;BETANIA;ENDG;TX4;12;60000;580.1761599;580.1761599;HIDRAULICA;528.5661599;528.5661599
23/02/2024;BETANIA;ENDG;TX4;13;369181.06;580.1761599;580.1761599;HIDRAULICA;528.5661599;528.5661599
23/02/2024;CHIVOR;CHVG;TX4;14;50271.8;605.1761599;605.1761599;HIDRAULICA;528.5661599;528.5661599
23/02/2024;CHIVOR;CHVG;TX4;15;53511.38;605.1761599;605.1761599;HIDRAULICA;528.5661599;528.5661599
23/02/2024;CHIVOR;CHVG;TX4;16;91888.62;605.1761599;605.1761599;HIDRAULICA;528.5661599;528.5661599
23/02/2024;CHIVOR;CHVG;TX4;17;135413.63;605.1761599;605.1761599;HIDRAULICA;528.5661599;528.5661599
23/02/2024;CHIVOR;CHVG;TX4;18;243618.2;605.1761599;605.1761599;HIDRAULICA;528.5661599;528.5661599
23/02/2024;CHIVOR;CHVG;TX4;19;427775.74;605.1761599;605.1761599;HIDRAULICA;528.5661599;528.5661599
23/02/2024;CHIVOR;CHVG;TX4;20;241599.78;605.1761599;605.1761599;HIDRAULICA;528.5661599;528.5661599
23/02/2024;BETANIA;ENDG;TX4;21;480000;580.1761599;580.1761599;HIDRAULICA;528.5661599;528.5661599
23/02/2024;BETANIA;ENDG;TX4;22;92690.47;580.1761599;580.1761599;HIDRAULICA;528.5661599;528.5661599
23/02/2024;EL QUIMBO;ENDG;TX4;23;232216.17;530.1761599;530.1761599;HIDRAULICA;528.5661599;528.5661599
24/02/2024;EL QUIMBO;ENDG;TX4;0;269287.72;580.1761599;580.1761599;HIDRAULICA;528.5441599;528.5441599
24/02/2024;PAGUA;ENDG;TX4;1;330767.02;555.1761599;555.1761599;HIDRAULICA;528.5441599;528.5441599
24/02/2024;PAGUA;ENDG;TX4;2;100526.89;555.1761599;555.1761599;HIDRAULICA;528.5441599;528.5441599
24/02/2024;CALIMA;EPSG;TX4;3;86214.67;540.1761599;540.1761599;HIDRAULICA;528.5441599;528.5441599
24/02/2024;CALIMA;EPSG;TX4;4;121384.17;540.1761599;540.1761599;HIDRAULICA;528.5441599;528.5441599
24/02/2024;PAGUA;ENDG;TX4;5;118344.26;555.1761599;555.1761599;HIDRAULICA;528.5441599;528.5441599
24/02/2024;PAGUA;ENDG;TX4;6;141911.16;555.1761599;555.1761599;HIDRAULICA;528.5441599;528.5441599
24/02/2024;PAGUA;ENDG;TX4;7;324253.45;555.1761599;555.1761599;HIDRAULICA;528.5441599;528.5441599
24/02/2024;EL QUIMBO;ENDG;TX4;8;113840.65;580.1761599;580.1761599;HIDRAULICA;528.5441599;528.5441599
24/02/2024;EL QUIMBO;ENDG;TX4;9;96675.15;580.1761599;580.1761599;HIDRAULICA;528.5441599;528.5441599
24/02/2024;EL QUIMBO;ENDG;TX4;10;287359.42;580.1761599;580.1761599;HIDRAULICA;528.5441599;528.5441599
24/02/2024;BETANIA;ENDG;TX4;11;253098.3;590.1761599;590.1761599;HIDRAULICA;528.5441599;528.5441599
24/02/2024;BETANIA;ENDG;TX4;12;461712.58;590.1761599;590.1761599;HIDRAULICA;528.5441599;528.5441599
24/02/2024;CHIVOR;CHVG;TX4;13;48297.76;605.1761599;605.1761599;HIDRAULICA;528.5441599;528.5441599
24/02/2024;SOGAMOSO;ISGG;TX4;14;349305.46;600.6761599;600.6761599;HIDRAULICA;500.1761599;500.1761599
24/02/2024;SOGAMOSO;ISGG;TX4;15;375969.83;600.6761599;600.6761599;HIDRAULICA;500.1761599;500.1761599
24/02/2024;CHIVOR;CHVG;TX4;16;72918.95;605.1761599;605.1761599;HIDRAULICA;500.1761599;500.1761599
24/02/2024;CHIVOR;CHVG;TX4;17;142228.02;605.1761599;605.1761599;HIDRAULICA;500.1761599;500.1761599
24/02/2024;GUAVIO;ENDG;TX4;18;26482.87;640.1761599;640.1761599;HIDRAULICA;500.1761599;500.1761599
24/02/2024;GUAVIO;ENDG;TX4;19;112866.66;640.1761599;640.1761599;HIDRAULICA;500.1761599;500.1761599
24/02/2024;CHIVOR;CHVG;TX4;20;581826.06;605.1761599;605.1761599;HIDRAULICA;500.1761599;500.1761599
24/02/2024;CHIVOR;CHVG;TX4;21;544668.52;605.1761599;605.1761599;HIDRAULICA;500.1761599;500.1761599
24/02/2024;CHIVOR;CHVG;TX4;22;128916.89;605.1761599;605.1761599;HIDRAULICA;500.1761599;500.1761599
24/02/2024;BETANIA;ENDG;TX4;23;465755.79;590.1761599;590.1761599;HIDRAULICA;500.1761599;500.1761599
25/02/2024;PAGUA;ENDG;TX4;0;346685.32;555.1761599;555.1761599;HIDRAULICA;528.6221599;528.6221599
25/02/2024;PAGUA;ENDG;TX4;1;247693.97;555.1761599;555.1761599;HIDRAULICA;528.6221599;528.6221599
25/02/2024;PAGUA;ENDG;TX4;2;232700.78;555.1761599;555.1761599;HIDRAULICA;528.6221599;528.6221599
25/02/2024;PAGUA;ENDG;TX4;3;144929.41;555.1761599;555.1761599;HIDRAULICA;500.1761599;500.1761599
25/02/2024;PAGUA;ENDG;TX4;4;73626.85;555.1761599;555.1761599;HIDRAULICA;500.1761599;500.1761599
25/02/2024;PAGUA;ENDG;TX4;5;18594.48;555.1761599;555.1761599;HIDRAULICA;500.1761599;500.1761599
25/02/2024;BETANIA;ENDG;TX4;6;345488.5;550.1761599;550.1761599;HIDRAULICA;500.1761599;500.1761599
25/02/2024;BETANIA;ENDG;TX4;7;215102.41;550.1761599;550.1761599;HIDRAULICA;500.1761599;500.1761599
25/02/2024;BETANIA;ENDG;TX4;8;223370.5;550.1761599;550.1761599;HIDRAULICA;500.1761599;500.1761599
25/02/2024;BETANIA;ENDG;TX4;9;179695.79;550.1761599;550.1761599;HIDRAULICA;500.1761599;500.1761599
25/02/2024;BETANIA;ENDG;TX4;10;325552.25;550.1761599;550.1761599;HIDRAULICA;500.1761599;500.1761599
25/02/2024;BETANIA;ENDG;TX4;11;480000;550.1761599;550.1761599;HIDRAULICA;500.1761599;500.1761599
25/02/2024;PAGUA;ENDG;TX4;12;134278.79;555.1761599;555.1761599;HIDRAULICA;500.1761599;500.1761599
25/02/2024;PAGUA;ENDG;TX4;13;188945.92;555.1761599;555.1761599;HIDRAULICA;500.1761599;500.1761599
25/02/2024;PAGUA;ENDG;TX4;14;139308.38;555.1761599;555.1761599;HIDRAULICA;500.1761599;500.1761599
25/02/2024;PAGUA;ENDG;TX4;15;295458.94;555.1761599;555.1761599;HIDRAULICA;500.1761599;500.1761599
25/02/2024;PAGUA;ENDG;TX4;16;535940.95;555.1761599;555.1761599;HIDRAULICA;500.1761599;500.1761599
25/02/2024;GUAVIO;ENDG;TX4;17;106432.75;561.1761599;561.1761599;HIDRAULICA;500.1761599;500.1761599
25/02/2024;GUAVIO;ENDG;TX4;18;687959.64;561.1761599;561.1761599;HIDRAULICA;500.1761599;500.1761599
25/02/2024;GUAVIO;ENDG;TX4;19;1039638.23;561.1761599;561.1761599;HIDRAULICA;500.1761599;500.1761599
25/02/2024;GUAVIO;ENDG;TX4;20;946696.95;561.1761599;561.1761599;HIDRAULICA;500.1761599;500.1761599
25/02/2024;GUAVIO;ENDG;TX4;21;1017788.44;561.1761599;561.1761599;HIDRAULICA;500.1761599;500.1761599
25/02/2024;GUAVIO;ENDG;TX4;22;711839.68;561.1761599;561.1761599;HIDRAULICA;500.1761599;500.1761599
25/02/2024;GUAVIO;ENDG;TX4;23;258662.76;561.1761599;561.1761599;HIDRAULICA;500.1761599;500.1761599
26/02/2024;EL QUIMBO;ENDG;TX4;0;132128;548.1761599;548.1761599;HIDRAULICA;530.6141599;530.6141599
26/02/2024;TERMOCANDELARIA CC;TCIG;TX4;1;432762.57;530.6141599;530.6141599;TERMICA;500.1761599;530.6141599
26/02/2024;ALTO ANCHICAYA;EPSG;TX4;2;201375.7;500.1761599;500.1761599;HIDRAULICA;497.6011599;497.6011599
26/02/2024;ALTO ANCHICAYA;EPSG;TX4;3;57419.71;500.1761599;500.1761599;HIDRAULICA;497.6011599;497.6011599
26/02/2024;ALTO ANCHICAYA;EPSG;TX4;4;243718.94;500.1761599;500.1761599;HIDRAULICA;497.6011599;497.6011599
26/02/2024;PAGUA;ENDG;TX4;5;254953.6;557.1761599;557.1761599;HIDRAULICA;530.6141599;530.6141599
26/02/2024;PAGUA;ENDG;TX4;6;235921.73;557.1761599;557.1761599;HIDRAULICA;530.6141599;530.6141599
26/02/2024;BETANIA;ENDG;TX4;7;127050.34;558.1761599;558.1761599;HIDRAULICA;530.6141599;530.6141599
26/02/2024;BETANIA;ENDG;TX4;8;216846.46;558.1761599;558.1761599;HIDRAULICA;530.6141599;530.6141599
26/02/2024;BETANIA;ENDG;TX4;9;247682.16;558.1761599;558.1761599;HIDRAULICA;530.6141599;530.6141599
26/02/2024;GUAVIO;ENDG;TX4;10;130512.41;559.1761599;559.1761599;HIDRAULICA;530.6141599;530.6141599
26/02/2024;GUAVIO;ENDG;TX4;11;570563.34;559.1761599;559.1761599;HIDRAULICA;530.6141599;530.6141599
26/02/2024;GUAVIO;ENDG;TX4;12;786767.84;559.1761599;559.1761599;HIDRAULICA;530.6141599;530.6141599
26/02/2024;GUAVIO;ENDG;TX4;13;1132813.6;559.1761599;559.1761599;HIDRAULICA;530.6141599;530.6141599
26/02/2024;SAN CARLOS;ISGG;TX4;14;15860.88;600.6761599;600.6761599;HIDRAULICA;500.1761599;500.1761599
26/02/2024;SAN CARLOS;ISGG;TX4;15;212452.57;600.6761599;600.6761599;HIDRAULICA;500.1761599;500.1761599
26/02/2024;SAN CARLOS;ISGG;TX4;16;245147.54;600.6761599;600.6761599;HIDRAULICA;500.1761599;500.1761599
26/02/2024;SAN CARLOS;ISGG;TX4;17;238005.81;600.6761599;600.6761599;HIDRAULICA;500.1761599;500.1761599
26/02/2024;SAN CARLOS;ISGG;TX4;18;693758.11;600.6761599;600.6761599;HIDRAULICA;500.1761599;500.1761599
26/02/2024;SAN CARLOS;ISGG;TX4;19;905073.46;600.6761599;600.6761599;HIDRAULICA;500.1761599;500.1761599
26/02/2024;SAN CARLOS;ISGG;TX4;20;760544.74;600.6761599;600.6761599;HIDRAULICA;500.1761599;500.1761599
26/02/2024;SAN CARLOS;ISGG;TX4;21;518616.49;600.6761599;600.6761599;HIDRAULICA;500.1761599;500.1761599
26/02/2024;CALIMA;EPSG;TX4;22;90034.2;570.1761599;570.1761599;HIDRAULICA;500.1761599;500.1761599
26/02/2024;GUAVIO;ENDG;TX4;23;870502.38;559.1761599;559.1761599;HIDRAULICA;500.1761599;500.1761599
27/02/2024;MIEL I;ISGG;TX4;0;122852.25;547.1761599;547.1761599;HIDRAULICA;511.5461599;511.5461599
27/02/2024;ALTO ANCHICAYA;EPSG;TX4;1;146058.82;525.1761599;525.1761599;HIDRAULICA;511.5461599;511.5461599
27/02/2024;TEBSAB CC;TBSG;TX4;2;495682.4;511.5461599;511.5461599;TERMICA;500.1761599;511.5461599
27/02/2024;FLORES I CC;TMFG;TX4;3;143386.25;453.1761599;453.1761599;TERMICA;450.1441599;453.1761599
27/02/2024;GUAJIRA 1;GECG;TX4;4;129767.67;472.8971599;472.8971599;TERMICA;453.1761599;472.8971599
27/02/2024;ALTO ANCHICAYA;EPSG;TX4;5;166784.92;525.1761599;525.1761599;HIDRAULICA;511.5461599;511.5461599
27/02/2024;TEBSAB CC;TBSG;TX4;6;762703.05;511.5461599;511.5461599;TERMICA;500.1761599;511.5461599
27/02/2024;TEBSAB CC;TBSG;TX4;7;785762.01;511.5461599;511.5461599;TERMICA;500.1761599;511.5461599
27/02/2024;TEBSAB CC;TBSG;TX4;8;779761.96;511.5461599;511.5461599;TERMICA;500.1761599;511.5461599
27/02/2024;TEBSAB CC;TBSG;TX4;9;777950.33;511.5461599;511.5461599;TERMICA;500.1761599;511.5461599
27/02/2024;MIEL I;ISGG;TX4;10;296299.65;547.1761599;547.1761599;HIDRAULICA;511.5461599;511.5461599
27/02/2024;BETANIA;ENDG;TX4;11;105971.64;550.1761599;550.1761599;HIDRAULICA;511.5461599;511.5461599
27/02/2024;JAGUAS;ISGG;TX4;12;104914.8;548.6761599;548.6761599;HIDRAULICA;511.5461599;511.5461599
27/02/2024;BETANIA;ENDG;TX4;13;197661.34;550.1761599;550.1761599;HIDRAULICA;511.5461599;511.5461599
27/02/2024;PAGUA;ENDG;TX4;14;157935.64;551.1761599;551.1761599;HIDRAULICA;511.5461599;511.5461599
27/02/2024;PAGUA;ENDG;TX4;15;339180.18;551.1761599;551.1761599;HIDRAULICA;511.5461599;511.5461599
27/02/2024;PRADO;EPSG;TX4;16;43041.21;560.1761599;560.1761599;HIDRAULICA;511.5461599;511.5461599
27/02/2024;PAGUA;ENDG;TX4;17;346253.22;551.1761599;551.1761599;HIDRAULICA;511.5461599;511.5461599
27/02/2024;PRADO;EPSG;TX4;18;15697.65;560.1761599;560.1761599;HIDRAULICA;511.5461599;511.5461599
27/02/2024;EL QUIMBO;ENDG;TX4;19;97010.35;570.1761599;570.1761599;HIDRAULICA;511.5461599;511.5461599
27/02/2024;CALIMA;EPSG;TX4;20;67902.05;564.1761599;564.1761599;HIDRAULICA;511.5461599;511.5461599
27/02/2024;PAGUA;ENDG;TX4;21;394231.57;551.1761599;551.1761599;HIDRAULICA;511.5461599;511.5461599
27/02/2024;JAGUAS;ISGG;TX4;22;121347.88;548.6761599;548.6761599;HIDRAULICA;511.5461599;511.5461599
27/02/2024;ALTO ANCHICAYA;EPSG;TX4;23;143438.08;525.1761599;525.1761599;HIDRAULICA;511.5461599;511.5461599
28/02/2024;GUAJIRA 1;GECG;TX4;0;90529.71;473.5061599;473.5061599;TERMICA;450.1441599;473.5061599
28/02/2024;GECELCA 32;GECG;TX4;1;266432.82;223.9491599;223.9491599;TERMICA;120.4561599;223.9491599
28/02/2024;TASAJERO 2;TERG;TX4;2;147325.55;120.4561599;120.4561599;TERMICA;120.1561599;120.4561599
28/02/2024;TASAJERO 1;TRMG;TX4;3;125338.91;120.1561599;120.1561599;TERMICA;87.17615988;120.1561599
28/02/2024;TASAJERO 2;TERG;TX4;4;165011.2;120.4561599;120.4561599;TERMICA;120.1561599;120.4561599
28/02/2024;JAGUAS;ISGG;TX4;5;89300.1;495.1761599;495.1761599;HIDRAULICA;476.7341599;476.7341599
28/02/2024;GUAJIRA 1;GECG;TX4;6;131020.85;473.5061599;473.5061599;TERMICA;450.1441599;473.5061599
28/02/2024;TERMOCANDELARIA CC;TCIG;TX4;7;402079.36;500.1151599;500.1151599;TERMICA;476.7341599;500.1151599
28/02/2024;TEBSAB CC;TBSG;TX4;8;514030.92;511.2891599;511.2891599;TERMICA;500.1761599;511.2891599
28/02/2024;TERMOCANDELARIA CC;TCIG;TX4;9;509425.17;500.1151599;500.1151599;TERMICA;476.7341599;500.1151599
28/02/2024;TEBSAB CC;TBSG;TX4;10;575490.19;511.2891599;511.2891599;TERMICA;500.1761599;511.2891599
28/02/2024;CALIMA;EPSG;TX4;11;132000;520.1761599;520.1761599;HIDRAULICA;511.2891599;511.2891599
28/02/2024;CALIMA;EPSG;TX4;12;132000;520.1761599;520.1761599;HIDRAULICA;511.2891599;511.2891599
28/02/2024;MIEL I;ISGG;TX4;13;354000;547.1761599;547.1761599;HIDRAULICA;511.2891599;511.2891599
28/02/2024;EL QUIMBO;ENDG;TX4;14;310000;550.1761599;550.1761599;HIDRAULICA;511.2891599;511.2891599
28/02/2024;BETANIA;ENDG;TX4;15;320000;551.1761599;551.1761599;HIDRAULICA;511.2891599;511.2891599
28/02/2024;GUAVIO;ENDG;TX4;16;216337.98;560.1761599;560.1761599;HIDRAULICA;511.2891599;511.2891599
28/02/2024;BETANIA;ENDG;TX4;17;320000;551.1761599;551.1761599;HIDRAULICA;511.2891599;511.2891599
28/02/2024;GUAVIO;ENDG;TX4;18;580816.38;560.1761599;560.1761599;HIDRAULICA;511.2891599;511.2891599
28/02/2024;GUAVIO;ENDG;TX4;19;761515.67;560.1761599;560.1761599;HIDRAULICA;511.2891599;511.2891599
28/02/2024;GUAVIO;ENDG;TX4;20;636716.76;560.1761599;560.1761599;HIDRAULICA;511.2891599;511.2891599
28/02/2024;GUAVIO;ENDG;TX4;21;468486.12;560.1761599;560.1761599;HIDRAULICA;511.2891599;511.2891599
28/02/2024;EL QUIMBO;ENDG;TX4;22;310000;550.1761599;550.1761599;HIDRAULICA;511.2891599;511.2891599
28/02/2024;TEBSAB CC;TBSG;TX4;23;719887.62;511.2891599;511.2891599;TERMICA;500.1761599;511.2891599
29/02/2024;GUAVIO;ENDG;TX4;0;96155.99;495.1761599;495.1761599;HIDRAULICA;482.2021599;482.2021599
29/02/2024;TEBSAB CC;TBSG;TX4;1;584534.18;482.2021599;482.2021599;TERMICA;476.7341599;482.2021599
29/02/2024;TERMOCANDELARIA CC;TCIG;TX4;2;526314.55;474.8881599;474.8881599;TERMICA;450.1441599;474.8881599
29/02/2024;TERMOCANDELARIA CC;TCIG;TX4;3;442210.8;474.8881599;474.8881599;TERMICA;450.1441599;474.8881599
29/02/2024;TERMOCANDELARIA CC;TCIG;TX4;4;461986.16;474.8881599;474.8881599;TERMICA;450.1441599;474.8881599
29/02/2024;GUAVIO;ENDG;TX4;5;176268.96;495.1761599;495.1761599;HIDRAULICA;482.2021599;482.2021599
29/02/2024;GUAVIO;ENDG;TX4;6;145254.72;495.1761599;495.1761599;HIDRAULICA;482.2021599;482.2021599
29/02/2024;GUAVIO;ENDG;TX4;7;174372.68;495.1761599;495.1761599;HIDRAULICA;482.2021599;482.2021599
29/02/2024;GUAVIO;ENDG;TX4;8;483980.29;495.1761599;495.1761599;HIDRAULICA;482.2021599;482.2021599
29/02/2024;GUAVIO;ENDG;TX4;9;396503.53;495.1761599;495.1761599;HIDRAULICA;482.2021599;482.2021599
29/02/2024;GUAVIO;ENDG;TX4;10;482442.45;495.1761599;495.1761599;HIDRAULICA;482.2021599;482.2021599
29/02/2024;GUAVIO;ENDG;TX4;11;781013.91;495.1761599;495.1761599;HIDRAULICA;482.2021599;482.2021599
29/02/2024;GUAVIO;ENDG;TX4;12;652728.71;495.1761599;495.1761599;HIDRAULICA;482.2021599;482.2021599
29/02/2024;GUAVIO;ENDG;TX4;13;796308.51;495.1761599;495.1761599;HIDRAULICA;482.2021599;482.2021599
29/02/2024;ALTO ANCHICAYA;EPSG;TX4;14;142000;500.1761599;500.1761599;HIDRAULICA;482.2021599;482.2021599
29/02/2024;SAN CARLOS;ISGG;TX4;15;325785.46;505.1761599;505.1761599;HIDRAULICA;500.1761599;500.1761599
29/02/2024;SAN CARLOS;ISGG;TX4;16;401025.15;505.1761599;505.1761599;HIDRAULICA;500.1761599;500.1761599
29/02/2024;SAN CARLOS;ISGG;TX4;17;458000.95;505.1761599;505.1761599;HIDRAULICA;500.1761599;500.1761599
29/02/2024;SAN CARLOS;ISGG;TX4;18;974925.48;505.1761599;505.1761599;HIDRAULICA;500.1761599;500.1761599
29/02/2024;SAN CARLOS;ISGG;TX4;19;1236651.11;505.1761599;505.1761599;HIDRAULICA;500.1761599;500.1761599
29/02/2024;SAN CARLOS;ISGG;TX4;20;1053360.7;505.1761599;505.1761599;HIDRAULICA;500.1761599;500.1761599
29/02/2024;SAN CARLOS;ISGG;TX4;21;822429.01;505.1761599;505.1761599;HIDRAULICA;500.1761599;500.1761599
29/02/2024;SAN CARLOS;ISGG;TX4;22;333562.36;505.1761599;505.1761599;HIDRAULICA;500.1761599;500.1761599
29/02/2024;GUAVIO;ENDG;TX4;23;615469.46;495.1761599;495.1761599;HIDRAULICA;482.2021599;482.2021599
