Fecha;Region Hidrologica;Nombre Río;Aportes Caudal m3/s;Aportes Energía kWh;Aportes %
1/02/2024;ANTIOQUIA;A. SAN LORENZO;30.41;6916100;1.391569416
1/02/2024;ANTIOQUIA;CARLOS LLERAS;21.72;3298700;0.89638587
1/02/2024;ANTIOQUIA;CONCEPCION;2.98;856200;0.638955224
1/02/2024;ANTIOQUIA;DESV. EEPPM (NEC.PAJ.DOL);4.851;1393800;0.714769231
1/02/2024;ANTIOQUIA;ESCUELA DE MINAS;12.26;4659700;0.562086852
1/02/2024;ANTIOQUIA;GRANDE;12.108;4117000;0.567862069
1/02/2024;ANTIOQUIA;GUADALUPE;6.884;1977900;0.549416667
1/02/2024;ANTIOQUIA;GUATAPE;30.823;5252100;1.378503937
1/02/2024;ANTIOQUIA;ITUANGO;201.016;8684400;0.318927653
1/02/2024;ANTIOQUIA;NARE CP;7.469;2551400;0.685860215
1/02/2024;ANTIOQUIA;PORCE III;12.621;931600;0.862592593
1/02/2024;ANTIOQUIA;PORCE2 CP;13.911;1720800;0.500232558
1/02/2024;ANTIOQUIA;QUEBRADONA;0.173;31500;0.63
1/02/2024;ANTIOQUIA;SAN CARLOS;28.1;3620100;1.774558824
1/02/2024;ANTIOQUIA;SAN MIGUEL;50.21;1695300;1.153265306
1/02/2024;ANTIOQUIA;TENCHE;1.635;469800;0.559285714
1/02/2024;CALDAS;CAMPOALEGRE;3.53;469500;0.617763158
1/02/2024;CALDAS;CHINCHINA;8.189;1089100;0.531268293
1/02/2024;CALDAS;DESV. GUARINO;0.09;4200;0.002837838
1/02/2024;CALDAS;DESV. MANSO;0.75;35400;0.072244898
1/02/2024;CALDAS;ESTRELLA;0.688;77500;0.407894737
1/02/2024;CALDAS;MIEL I;52.61;2484200;0.655461741
1/02/2024;CALDAS;SAN EUGENIO;4.662;524900;0.624880952
1/02/2024;CALDAS;SAN FRANCISCO;2.614;211900;1.009047619
1/02/2024;CARIBE;SINU URRA;72.63;839300;0.5995
1/02/2024;CENTRO;AMOYA;9.14;1052400;0.683376623
1/02/2024;CENTRO;BETANIA CP;15.432;218400;0.1092
1/02/2024;CENTRO;BOGOTA N.R.;0;;
1/02/2024;CENTRO;CUCUANA;1.39;198400;0.42212766
1/02/2024;CENTRO;DESV. SAN MARCOS;0.59;84200;0.467777778
1/02/2024;CENTRO;EL QUIMBO;67.812;2740700;0.439919743
1/02/2024;CENTRO;PRADO;2.85;33800;0.0528125
1/02/2024;CENTRO;SOGAMOSO;73.44;2433700;0.375570988
1/02/2024;ORIENTE;BATA;7.15;1192300;0.520655022
1/02/2024;ORIENTE;BLANCO;0;;
1/02/2024;ORIENTE;CHUZA;0.41;157700;0.12616
1/02/2024;ORIENTE;DESV. BATATAS;1.774;419300;0.8386
1/02/2024;ORIENTE;DESV. CHIVOR;4.763;1125600;2.446956522
1/02/2024;ORIENTE;GUAVIO;14.615;3454000;0.975706215
1/02/2024;VALLE;ALTOANCHICAYA;20.24;2028200;0.522731959
1/02/2024;VALLE;CALIMA;0.19;8500;0.020238095
1/02/2024;VALLE;CAUCA SALVAJINA;65.75;4203000;0.461868132
1/02/2024;VALLE;DIGUA;10.17;147400;0.446666667
1/02/2024;VALLE;FLORIDA II;5.24;104800;0.698666667
2/02/2024;ANTIOQUIA;A. SAN LORENZO;16.24;3693400;0.743138833
2/02/2024;ANTIOQUIA;CARLOS LLERAS;25.47;3868200;1.051141304
2/02/2024;ANTIOQUIA;CONCEPCION;3.084;886100;0.661268657
2/02/2024;ANTIOQUIA;DESV. EEPPM (NEC.PAJ.DOL);4.898;1407300;0.721692308
2/02/2024;ANTIOQUIA;ESCUELA DE MINAS;13.01;4944700;0.596465621
2/02/2024;ANTIOQUIA;GRANDE;12.305;4184000;0.577103448
2/02/2024;ANTIOQUIA;GUADALUPE;7.115;2044300;0.567861111
2/02/2024;ANTIOQUIA;GUATAPE;11.313;1927700;0.505958005
2/02/2024;ANTIOQUIA;ITUANGO;220.22;9514000;0.349394051
2/02/2024;ANTIOQUIA;NARE CP;6.986;2386400;0.641505376
2/02/2024;ANTIOQUIA;PORCE III;2.077;153300;0.141944444
2/02/2024;ANTIOQUIA;PORCE2 CP;12.149;1502800;0.436860465
2/02/2024;ANTIOQUIA;QUEBRADONA;0.176;32000;0.64
2/02/2024;ANTIOQUIA;SAN CARLOS;22.55;2905100;1.424068627
2/02/2024;ANTIOQUIA;SAN MIGUEL;36.89;1245500;0.847278912
2/02/2024;ANTIOQUIA;TENCHE;2.546;731500;0.870833333
2/02/2024;CALDAS;CAMPOALEGRE;3.845;511400;0.672894737
2/02/2024;CALDAS;CHINCHINA;8.31;1105200;0.539121951
2/02/2024;CALDAS;DESV. GUARINO;0;;
2/02/2024;CALDAS;DESV. MANSO;0.09;4200;0.008571429
2/02/2024;CALDAS;ESTRELLA;0.68;76600;0.403157895
2/02/2024;CALDAS;MIEL I;41.7;1969100;0.519551451
2/02/2024;CALDAS;SAN EUGENIO;5.079;571900;0.680833333
2/02/2024;CALDAS;SAN FRANCISCO;2.412;195600;0.931428571
2/02/2024;CARIBE;SINU URRA;88.71;1025100;0.732214286
2/02/2024;CENTRO;AMOYA;10.71;1233200;0.800779221
2/02/2024;CENTRO;BETANIA CP;41.214;583200;0.2916
2/02/2024;CENTRO;BOGOTA N.R.;11.15;4289800;1.324012346
2/02/2024;CENTRO;CUCUANA;1.49;212700;0.452553192
2/02/2024;CENTRO;DESV. SAN MARCOS;0.59;84200;0.467777778
2/02/2024;CENTRO;EL QUIMBO;69.955;2827300;0.453820225
2/02/2024;CENTRO;PRADO;18.43;218600;0.3415625
2/02/2024;CENTRO;SOGAMOSO;104.2;3453100;0.532885803
2/02/2024;ORIENTE;BATA;15.38;2564700;1.119956332
2/02/2024;ORIENTE;BLANCO;0;;
2/02/2024;ORIENTE;CHUZA;0.02;7700;0.00616
2/02/2024;ORIENTE;DESV. BATATAS;3.254;769000;1.538
2/02/2024;ORIENTE;DESV. CHIVOR;2.235;528200;1.14826087
2/02/2024;ORIENTE;GUAVIO;26.8;6333700;1.789180791
2/02/2024;VALLE;ALTOANCHICAYA;33.17;3324000;0.856701031
2/02/2024;VALLE;CALIMA;7.27;323800;0.770952381
2/02/2024;VALLE;CAUCA SALVAJINA;75.19;4806400;0.528175824
2/02/2024;VALLE;DIGUA;16.38;237400;0.719393939
2/02/2024;VALLE;FLORIDA II;5.24;104800;0.698666667
3/02/2024;ANTIOQUIA;A. SAN LORENZO;31.13;7079900;1.424527163
3/02/2024;ANTIOQUIA;CARLOS LLERAS;52.25;7935300;2.156331522
3/02/2024;ANTIOQUIA;CONCEPCION;3.125;897900;0.670074627
3/02/2024;ANTIOQUIA;DESV. EEPPM (NEC.PAJ.DOL);7.491;2152300;1.10374359
3/02/2024;ANTIOQUIA;ESCUELA DE MINAS;35.47;13481100;1.626188179
3/02/2024;ANTIOQUIA;GRANDE;17.412;5920500;0.81662069
3/02/2024;ANTIOQUIA;GUADALUPE;8.349;2398800;0.666333333
3/02/2024;ANTIOQUIA;GUATAPE;47.22;8046100;2.11183727
3/02/2024;ANTIOQUIA;ITUANGO;210.734;9104200;0.334344473
3/02/2024;ANTIOQUIA;NARE CP;19.077;6516700;1.751801075
3/02/2024;ANTIOQUIA;PORCE III;9.901;730800;0.676666667
3/02/2024;ANTIOQUIA;PORCE2 CP;18.936;2342400;0.680930233
3/02/2024;ANTIOQUIA;QUEBRADONA;0.249;45300;0.906
3/02/2024;ANTIOQUIA;SAN CARLOS;66.67;8589100;4.210343137
3/02/2024;ANTIOQUIA;SAN MIGUEL;75.69;2555500;1.738435374
3/02/2024;ANTIOQUIA;TENCHE;3.183;914500;1.088690476
3/02/2024;CALDAS;CAMPOALEGRE;7.547;1003800;1.320789474
3/02/2024;CALDAS;CHINCHINA;9.778;1300500;0.634390244
3/02/2024;CALDAS;DESV. GUARINO;0.41;19400;0.013108108
3/02/2024;CALDAS;DESV. MANSO;0.53;25000;0.051020408
3/02/2024;CALDAS;ESTRELLA;0.753;84800;0.44631579
3/02/2024;CALDAS;MIEL I;55.01;2597600;0.685382586
3/02/2024;CALDAS;SAN EUGENIO;9.968;1122400;1.336190476
3/02/2024;CALDAS;SAN FRANCISCO;3.381;274100;1.305238095
3/02/2024;CARIBE;SINU URRA;86.32;997500;0.7125
3/02/2024;CENTRO;AMOYA;10.28;1183700;0.768636364
3/02/2024;CENTRO;BETANIA CP;70.215;993600;0.4968
3/02/2024;CENTRO;BOGOTA N.R.;0;;
3/02/2024;CENTRO;CUCUANA;3.09;441100;0.938510638
3/02/2024;CENTRO;DESV. SAN MARCOS;0.61;87100;0.483888889
3/02/2024;CENTRO;EL QUIMBO;144.993;5860000;0.940609952
3/02/2024;CENTRO;PRADO;4.36;51700;0.08078125
3/02/2024;CENTRO;SOGAMOSO;231.68;7677700;1.184830247
3/02/2024;ORIENTE;BATA;13.19;2199500;0.960480349
3/02/2024;ORIENTE;BLANCO;0;;
3/02/2024;ORIENTE;CHUZA;0.41;157700;0.12616
3/02/2024;ORIENTE;DESV. BATATAS;1.392;329000;0.658
3/02/2024;ORIENTE;DESV. CHIVOR;1.622;383300;0.83326087
3/02/2024;ORIENTE;GUAVIO;11.465;2709500;0.76539548
3/02/2024;VALLE;ALTOANCHICAYA;34.42;3449200;0.888969072
3/02/2024;VALLE;CALIMA;3.73;166100;0.395476191
3/02/2024;VALLE;CAUCA SALVAJINA;83.43;5333200;0.586065934
3/02/2024;VALLE;DIGUA;16.98;246100;0.745757576
3/02/2024;VALLE;FLORIDA II;5.29;105800;0.705333333
4/02/2024;ANTIOQUIA;A. SAN LORENZO;21.13;4805600;0.966921529
4/02/2024;ANTIOQUIA;CARLOS LLERAS;26.75;4062600;1.103967391
4/02/2024;ANTIOQUIA;CONCEPCION;2.972;853900;0.637238806
4/02/2024;ANTIOQUIA;DESV. EEPPM (NEC.PAJ.DOL);6.277;1803500;0.924871795
4/02/2024;ANTIOQUIA;ESCUELA DE MINAS;26.95;10242900;1.235572979
4/02/2024;ANTIOQUIA;GRANDE;14.129;4804200;0.662648276
4/02/2024;ANTIOQUIA;GUADALUPE;8.919;2562600;0.711833333
4/02/2024;ANTIOQUIA;GUATAPE;17.495;2981100;0.782440945
4/02/2024;ANTIOQUIA;ITUANGO;410.717;17744000;0.651634227
4/02/2024;ANTIOQUIA;NARE CP;14.442;4933400;1.326182796
4/02/2024;ANTIOQUIA;PORCE III;7.964;587900;0.544351852
4/02/2024;ANTIOQUIA;PORCE2 CP;16.799;2078000;0.604069767
4/02/2024;ANTIOQUIA;QUEBRADONA;0.202;36800;0.736
4/02/2024;ANTIOQUIA;SAN CARLOS;23.92;3081600;1.510588235
4/02/2024;ANTIOQUIA;SAN MIGUEL;39.7;1340400;0.911836735
4/02/2024;ANTIOQUIA;TENCHE;3.109;893300;1.063452381
4/02/2024;CALDAS;CAMPOALEGRE;7.882;1048300;1.379342105
4/02/2024;CALDAS;CHINCHINA;11.601;1542900;0.752634146
4/02/2024;CALDAS;DESV. GUARINO;0;;
4/02/2024;CALDAS;DESV. MANSO;0;;
4/02/2024;CALDAS;ESTRELLA;0.93;104700;0.551052632
4/02/2024;CALDAS;MIEL I;39.82;1880300;0.496121372
4/02/2024;CALDAS;SAN EUGENIO;10.409;1172100;1.395357143
4/02/2024;CALDAS;SAN FRANCISCO;3.567;289200;1.377142857
4/02/2024;CARIBE;SINU URRA;85.03;982600;0.701857143
4/02/2024;CENTRO;AMOYA;12.39;1426700;0.926428571
4/02/2024;CENTRO;BETANIA CP;180.229;2550300;1.27515
4/02/2024;CENTRO;BOGOTA N.R.;30.87;11876800;3.665679012
4/02/2024;CENTRO;CUCUANA;5.37;766500;1.630851064
4/02/2024;CENTRO;DESV. SAN MARCOS;0.74;105600;0.586666667
4/02/2024;CENTRO;EL QUIMBO;144.791;5851900;0.939309791
4/02/2024;CENTRO;PRADO;67.27;797700;1.24640625
4/02/2024;CENTRO;SOGAMOSO;148.82;4931800;0.761080247
4/02/2024;ORIENTE;BATA;27.51;4587500;2.003275109
4/02/2024;ORIENTE;BLANCO;0;;
4/02/2024;ORIENTE;CHUZA;0.79;303900;0.24312
4/02/2024;ORIENTE;DESV. BATATAS;1.993;471000;0.942
4/02/2024;ORIENTE;DESV. CHIVOR;1.953;461600;1.003478261
4/02/2024;ORIENTE;GUAVIO;16.418;3880100;1.096073446
4/02/2024;VALLE;ALTOANCHICAYA;29.77;2983200;0.768865979
4/02/2024;VALLE;CALIMA;11.33;504600;1.201428571
4/02/2024;VALLE;CAUCA SALVAJINA;123.61;7901600;0.868307692
4/02/2024;VALLE;DIGUA;14.75;213700;0.647575758
4/02/2024;VALLE;FLORIDA II;13.77;275400;1.836
5/02/2024;ANTIOQUIA;A. SAN LORENZO;22.91;5210400;1.048370221
5/02/2024;ANTIOQUIA;CARLOS LLERAS;12.14;1843700;0.501005435
5/02/2024;ANTIOQUIA;CONCEPCION;3.492;1003300;0.748731343
5/02/2024;ANTIOQUIA;DESV. EEPPM (NEC.PAJ.DOL);6.437;1849500;0.948461539
5/02/2024;ANTIOQUIA;ESCUELA DE MINAS;17.93;6814700;0.822038601
5/02/2024;ANTIOQUIA;GRANDE;14.606;4966400;0.68502069
5/02/2024;ANTIOQUIA;GUADALUPE;8.052;2313500;0.642638889
5/02/2024;ANTIOQUIA;GUATAPE;29.494;5025600;1.319055118
5/02/2024;ANTIOQUIA;ITUANGO;382.588;16528700;0.607003305
5/02/2024;ANTIOQUIA;NARE CP;9.924;3390000;0.911290323
5/02/2024;ANTIOQUIA;PORCE III;13.781;1017200;0.941851852
5/02/2024;ANTIOQUIA;PORCE2 CP;23.889;2955100;0.859040698
5/02/2024;ANTIOQUIA;QUEBRADONA;0.209;38000;0.76
5/02/2024;ANTIOQUIA;SAN CARLOS;35.03;4512900;2.212205882
5/02/2024;ANTIOQUIA;SAN MIGUEL;43.78;1478200;1.005578231
5/02/2024;ANTIOQUIA;TENCHE;4.157;1194400;1.421904762
5/02/2024;CALDAS;CAMPOALEGRE;7.223;960700;1.264078947
5/02/2024;CALDAS;CHINCHINA;11.703;1556500;0.759268293
5/02/2024;CALDAS;DESV. GUARINO;0;;
5/02/2024;CALDAS;DESV. MANSO;0.43;20300;0.041428571
5/02/2024;CALDAS;ESTRELLA;0.817;92000;0.484210526
5/02/2024;CALDAS;MIEL I;43.82;2069200;0.545963061
5/02/2024;CALDAS;SAN EUGENIO;9.539;1074100;1.278690476
5/02/2024;CALDAS;SAN FRANCISCO;3.047;247000;1.176190476
5/02/2024;CARIBE;SINU URRA;77.1;891000;0.636428571
5/02/2024;CENTRO;AMOYA;18.63;2145200;1.392987013
5/02/2024;CENTRO;BETANIA CP;141.925;2008300;1.00415
5/02/2024;CENTRO;BOGOTA N.R.;27.98;10764900;3.3225
5/02/2024;CENTRO;CUCUANA;7.08;1010600;2.150212766
5/02/2024;CENTRO;DESV. SAN MARCOS;1.11;158400;0.88
5/02/2024;CENTRO;EL QUIMBO;204.722;8274000;1.328089888
5/02/2024;CENTRO;PRADO;84.81;1005700;1.57140625
5/02/2024;CENTRO;SOGAMOSO;116.84;3872000;0.597530864
5/02/2024;ORIENTE;BATA;18.22;3038300;1.326768559
5/02/2024;ORIENTE;BLANCO;0;;
5/02/2024;ORIENTE;CHUZA;1.54;592500;0.474
5/02/2024;ORIENTE;DESV. BATATAS;1.617;382100;0.7642
5/02/2024;ORIENTE;DESV. CHIVOR;1.596;377200;0.82
5/02/2024;ORIENTE;GUAVIO;13.322;3148400;0.889378531
5/02/2024;VALLE;ALTOANCHICAYA;101.35;10156200;2.61757732
5/02/2024;VALLE;CALIMA;5.12;228000;0.542857143
5/02/2024;VALLE;CAUCA SALVAJINA;117.53;7513000;0.825604396
5/02/2024;VALLE;DIGUA;49.12;711800;2.156969697
5/02/2024;VALLE;FLORIDA II;11.52;230400;1.536
6/02/2024;ANTIOQUIA;A. SAN LORENZO;13.66;3106700;0.625090543
6/02/2024;ANTIOQUIA;CARLOS LLERAS;18.91;2871900;0.780407609
6/02/2024;ANTIOQUIA;CONCEPCION;3.468;996400;0.74358209
6/02/2024;ANTIOQUIA;DESV. EEPPM (NEC.PAJ.DOL);6.291;1807500;0.926923077
6/02/2024;ANTIOQUIA;ESCUELA DE MINAS;17.21;6541000;0.789022919
6/02/2024;ANTIOQUIA;GRANDE;18.018;6126500;0.845034483
6/02/2024;ANTIOQUIA;GUADALUPE;8.256;2372100;0.658916667
6/02/2024;ANTIOQUIA;GUATAPE;9.754;1662000;0.436220472
6/02/2024;ANTIOQUIA;ITUANGO;384.113;16594600;0.60942343
6/02/2024;ANTIOQUIA;NARE CP;9.38;3204200;0.861344086
6/02/2024;ANTIOQUIA;PORCE III;8.373;618000;0.572222222
6/02/2024;ANTIOQUIA;PORCE2 CP;18.406;2276800;0.661860465
6/02/2024;ANTIOQUIA;QUEBRADONA;0.258;47000;0.94
6/02/2024;ANTIOQUIA;SAN CARLOS;23.72;3055800;1.497941176
6/02/2024;ANTIOQUIA;SAN MIGUEL;34.7;1171600;0.797006803
6/02/2024;ANTIOQUIA;TENCHE;3.389;973700;1.159166667
6/02/2024;CALDAS;CAMPOALEGRE;6.076;808100;1.063289474
6/02/2024;CALDAS;CHINCHINA;9.567;1272400;0.620682927
6/02/2024;CALDAS;DESV. GUARINO;0;;
6/02/2024;CALDAS;DESV. MANSO;0;;
6/02/2024;CALDAS;ESTRELLA;0.786;88500;0.465789474
6/02/2024;CALDAS;MIEL I;37.31;1761800;0.464854881
6/02/2024;CALDAS;SAN EUGENIO;8.025;903600;1.075714286
6/02/2024;CALDAS;SAN FRANCISCO;2.687;217900;1.037619048
6/02/2024;CARIBE;SINU URRA;87.49;1011000;0.722142857
6/02/2024;CENTRO;AMOYA;20.9;2406600;1.562727273
6/02/2024;CENTRO;BETANIA CP;167.88;2375600;1.1878
6/02/2024;CENTRO;BOGOTA N.R.;32.42;12473100;3.849722222
6/02/2024;CENTRO;CUCUANA;6.58;939200;1.998297872
6/02/2024;CENTRO;DESV. SAN MARCOS;1.56;222700;1.237222222
6/02/2024;CENTRO;EL QUIMBO;453.617;18333400;2.942760835
6/02/2024;CENTRO;PRADO;75;889400;1.3896875
6/02/2024;CENTRO;SOGAMOSO;274.24;9088100;1.402484568
6/02/2024;ORIENTE;BATA;18.49;3083300;1.346419214
6/02/2024;ORIENTE;BLANCO;0;;
6/02/2024;ORIENTE;CHUZA;2.27;873300;0.69864
6/02/2024;ORIENTE;DESV. BATATAS;2.355;556600;1.1132
6/02/2024;ORIENTE;DESV. CHIVOR;2.745;648700;1.410217391
6/02/2024;ORIENTE;GUAVIO;19.4;4584800;1.295141243
6/02/2024;VALLE;ALTOANCHICAYA;32.49;3255800;0.839123711
6/02/2024;VALLE;CALIMA;5.02;223600;0.532380952
6/02/2024;VALLE;CAUCA SALVAJINA;139.35;8907800;0.978879121
6/02/2024;VALLE;DIGUA;16.05;232600;0.704848485
6/02/2024;VALLE;FLORIDA II;14.35;287000;1.913333333
7/02/2024;ANTIOQUIA;A. SAN LORENZO;13.01;2958800;0.595331992
7/02/2024;ANTIOQUIA;CARLOS LLERAS;26.7;4055000;1.101902174
7/02/2024;ANTIOQUIA;CONCEPCION;4.011;1152400;0.86
7/02/2024;ANTIOQUIA;DESV. EEPPM (NEC.PAJ.DOL);5.841;1678200;0.860615385
7/02/2024;ANTIOQUIA;ESCUELA DE MINAS;15.96;6065900;0.731712907
7/02/2024;ANTIOQUIA;GRANDE;13.147;4470300;0.616593103
7/02/2024;ANTIOQUIA;GUADALUPE;7.834;2250900;0.62525
7/02/2024;ANTIOQUIA;GUATAPE;13.428;2288100;0.600551181
7/02/2024;ANTIOQUIA;ITUANGO;374.261;16169000;0.59379361
7/02/2024;ANTIOQUIA;NARE CP;8.939;3053600;0.820860215
7/02/2024;ANTIOQUIA;PORCE III;21.237;1567600;1.451481481
7/02/2024;ANTIOQUIA;PORCE2 CP;17.249;2133700;0.620261628
7/02/2024;ANTIOQUIA;QUEBRADONA;0.188;34200;0.684
7/02/2024;ANTIOQUIA;SAN CARLOS;33.82;4357000;2.135784314
7/02/2024;ANTIOQUIA;SAN MIGUEL;40.04;1351900;0.919659864
7/02/2024;ANTIOQUIA;TENCHE;3.294;946400;1.126666667
7/02/2024;CALDAS;CAMPOALEGRE;5.703;758500;0.998026316
7/02/2024;CALDAS;CHINCHINA;9.05;1203700;0.587170732
7/02/2024;CALDAS;DESV. GUARINO;0;;
7/02/2024;CALDAS;DESV. MANSO;0.8;37800;0.077142857
7/02/2024;CALDAS;ESTRELLA;0.727;81900;0.431052632
7/02/2024;CALDAS;MIEL I;39.46;1863300;0.491635884
7/02/2024;CALDAS;SAN EUGENIO;7.532;848100;1.009642857
7/02/2024;CALDAS;SAN FRANCISCO;2.459;199400;0.94952381
7/02/2024;CARIBE;SINU URRA;218.32;2522900;1.802071429
7/02/2024;CENTRO;AMOYA;19.05;2193600;1.424415584
7/02/2024;CENTRO;BETANIA CP;81.618;1154900;0.57745
7/02/2024;CENTRO;BOGOTA N.R.;44.55;17139900;5.290092593
7/02/2024;CENTRO;CUCUANA;6.98;996300;2.119787234
7/02/2024;CENTRO;DESV. SAN MARCOS;1.83;261200;1.451111111
7/02/2024;CENTRO;EL QUIMBO;141.292;5710500;0.916613162
7/02/2024;CENTRO;PRADO;50.97;604400;0.944375
7/02/2024;CENTRO;SOGAMOSO;187.53;6214600;0.95904321
7/02/2024;ORIENTE;BATA;17.96;2995000;1.307860262
7/02/2024;ORIENTE;BLANCO;0;;
7/02/2024;ORIENTE;CHUZA;0;;
7/02/2024;ORIENTE;DESV. BATATAS;2.373;560800;1.1216
7/02/2024;ORIENTE;DESV. CHIVOR;2.765;653500;1.420652174
7/02/2024;ORIENTE;GUAVIO;19.544;4618800;1.304745763
7/02/2024;VALLE;ALTOANCHICAYA;22.77;2281800;0.588092784
7/02/2024;VALLE;CALIMA;2.04;90900;0.216428571
7/02/2024;VALLE;CAUCA SALVAJINA;99.05;6331700;0.695791209
7/02/2024;VALLE;DIGUA;11.39;165100;0.50030303
7/02/2024;VALLE;FLORIDA II;10.17;203400;1.356
8/02/2024;ANTIOQUIA;A. SAN LORENZO;15.45;3513800;0.707002012
8/02/2024;ANTIOQUIA;CARLOS LLERAS;16.35;2483100;0.674755435
8/02/2024;ANTIOQUIA;CONCEPCION;3.295;946700;0.706492537
8/02/2024;ANTIOQUIA;DESV. EEPPM (NEC.PAJ.DOL);4.971;1428300;0.732461539
8/02/2024;ANTIOQUIA;ESCUELA DE MINAS;15.98;6073500;0.732629674
8/02/2024;ANTIOQUIA;GRANDE;13.165;4476400;0.617434483
8/02/2024;ANTIOQUIA;GUADALUPE;7.497;2154000;0.598333333
8/02/2024;ANTIOQUIA;GUATAPE;14.426;2458100;0.645170604
8/02/2024;ANTIOQUIA;ITUANGO;353.832;15286400;0.56138083
8/02/2024;ANTIOQUIA;NARE CP;8.953;3058300;0.822123656
8/02/2024;ANTIOQUIA;PORCE III;14.322;1057200;0.978888889
8/02/2024;ANTIOQUIA;PORCE2 CP;15.791;1953400;0.567848837
8/02/2024;ANTIOQUIA;QUEBRADONA;0.188;34200;0.684
8/02/2024;ANTIOQUIA;SAN CARLOS;33.32;4292600;2.104215686
8/02/2024;ANTIOQUIA;SAN MIGUEL;45.91;1550100;1.054489796
8/02/2024;ANTIOQUIA;TENCHE;0.629;180700;0.215119048
8/02/2024;CALDAS;CAMPOALEGRE;4.937;656600;0.863947368
8/02/2024;CALDAS;CHINCHINA;8.411;1118700;0.545707317
8/02/2024;CALDAS;DESV. GUARINO;0;;
8/02/2024;CALDAS;DESV. MANSO;0.8;37800;0.077142857
8/02/2024;CALDAS;ESTRELLA;0.674;75900;0.399473684
8/02/2024;CALDAS;MIEL I;53.17;2510700;0.662453826
8/02/2024;CALDAS;SAN EUGENIO;6.52;734200;0.874047619
8/02/2024;CALDAS;SAN FRANCISCO;2.475;200700;0.955714286
8/02/2024;CARIBE;SINU URRA;212.62;2457000;1.755
8/02/2024;CENTRO;AMOYA;16.15;1859600;1.207532468
8/02/2024;CENTRO;BETANIA CP;90.198;1276300;0.63815
8/02/2024;CENTRO;BOGOTA N.R.;21.59;8306400;2.563703704
8/02/2024;CENTRO;CUCUANA;5.05;720800;1.533617021
8/02/2024;CENTRO;DESV. SAN MARCOS;1.36;194100;1.078333333
8/02/2024;CENTRO;EL QUIMBO;119.313;4822200;0.774028893
8/02/2024;CENTRO;PRADO;42.44;503300;0.78640625
8/02/2024;CENTRO;SOGAMOSO;158.75;5260800;0.811851852
8/02/2024;ORIENTE;BATA;15.54;2591400;1.131615721
8/02/2024;ORIENTE;BLANCO;0;;
8/02/2024;ORIENTE;CHUZA;1.62;623300;0.49864
8/02/2024;ORIENTE;DESV. BATATAS;1.566;370100;0.7402
8/02/2024;ORIENTE;DESV. CHIVOR;1.826;431500;0.938043478
8/02/2024;ORIENTE;GUAVIO;12.902;3049100;0.861327684
8/02/2024;VALLE;ALTOANCHICAYA;20.7;2074300;0.534613402
8/02/2024;VALLE;CALIMA;5.58;248500;0.591666667
8/02/2024;VALLE;CAUCA SALVAJINA;77.36;4945200;0.543428571
8/02/2024;VALLE;DIGUA;10.39;150600;0.456363636
8/02/2024;VALLE;FLORIDA II;8.23;164600;1.097333333
9/02/2024;ANTIOQUIA;A. SAN LORENZO;14.06;3197600;0.643380282
9/02/2024;ANTIOQUIA;CARLOS LLERAS;17.01;2583300;0.701983696
9/02/2024;ANTIOQUIA;CONCEPCION;3.219;924900;0.690223881
9/02/2024;ANTIOQUIA;DESV. EEPPM (NEC.PAJ.DOL);4.621;1327700;0.680871795
9/02/2024;ANTIOQUIA;ESCUELA DE MINAS;15.43;5864500;0.707418577
9/02/2024;ANTIOQUIA;GRANDE;10.869;3695700;0.509751724
9/02/2024;ANTIOQUIA;GUADALUPE;7.319;2102900;0.584138889
9/02/2024;ANTIOQUIA;GUATAPE;11.103;1891900;0.49656168
9/02/2024;ANTIOQUIA;ITUANGO;409.601;17695700;0.649860448
9/02/2024;ANTIOQUIA;NARE CP;8.574;2928900;0.78733871
9/02/2024;ANTIOQUIA;PORCE III;9.879;729200;0.675185185
9/02/2024;ANTIOQUIA;PORCE2 CP;16.763;2073600;0.602790698
9/02/2024;ANTIOQUIA;QUEBRADONA;0.155;28200;0.564
9/02/2024;ANTIOQUIA;SAN CARLOS;26.39;3399800;1.666568627
9/02/2024;ANTIOQUIA;SAN MIGUEL;40.5;1367400;0.930204082
9/02/2024;ANTIOQUIA;TENCHE;3.005;863400;1.027857143
9/02/2024;CALDAS;CAMPOALEGRE;4.568;607500;0.799342105
9/02/2024;CALDAS;CHINCHINA;7.87;1046700;0.510585366
9/02/2024;CALDAS;DESV. GUARINO;0;;
9/02/2024;CALDAS;DESV. MANSO;0;;
9/02/2024;CALDAS;ESTRELLA;0.62;69800;0.367368421
9/02/2024;CALDAS;MIEL I;44.15;2084800;0.550079156
9/02/2024;CALDAS;SAN EUGENIO;6.032;679200;0.808571429
9/02/2024;CALDAS;SAN FRANCISCO;2.34;189700;0.903333333
9/02/2024;CARIBE;SINU URRA;138.91;1605200;1.146571429
9/02/2024;CENTRO;AMOYA;16.2;1865400;1.211298701
9/02/2024;CENTRO;BETANIA CP;189.224;2677600;1.3388
9/02/2024;CENTRO;BOGOTA N.R.;4.85;1866000;0.575925926
9/02/2024;CENTRO;CUCUANA;4.57;652300;1.38787234
9/02/2024;CENTRO;DESV. SAN MARCOS;1.19;169900;0.943888889
9/02/2024;CENTRO;EL QUIMBO;189.344;7652500;1.228330658
9/02/2024;CENTRO;PRADO;15.56;184500;0.28828125
9/02/2024;CENTRO;SOGAMOSO;127.54;4226600;0.652253086
9/02/2024;ORIENTE;BATA;13.15;2192900;0.957598253
9/02/2024;ORIENTE;BLANCO;0;;
9/02/2024;ORIENTE;CHUZA;2.71;1042600;0.83408
9/02/2024;ORIENTE;DESV. BATATAS;1.819;429900;0.8598
9/02/2024;ORIENTE;DESV. CHIVOR;2.121;501300;1.089782609
9/02/2024;ORIENTE;GUAVIO;14.987;3541900;1.000536723
9/02/2024;VALLE;ALTOANCHICAYA;21.27;2131500;0.54935567
9/02/2024;VALLE;CALIMA;2.25;100200;0.238571429
9/02/2024;VALLE;CAUCA SALVAJINA;77.89;4979000;0.547142857
9/02/2024;VALLE;DIGUA;10.67;154600;0.468484849
9/02/2024;VALLE;FLORIDA II;13.86;277200;1.848
10/02/2024;ANTIOQUIA;A. SAN LORENZO;15.04;3420500;0.688229376
10/02/2024;ANTIOQUIA;CARLOS LLERAS;18.99;2884000;0.783695652
10/02/2024;ANTIOQUIA;CONCEPCION;3.2;919400;0.686119403
10/02/2024;ANTIOQUIA;DESV. EEPPM (NEC.PAJ.DOL);5.904;1696300;0.869897436
10/02/2024;ANTIOQUIA;ESCUELA DE MINAS;14.22;5404600;0.651942099
10/02/2024;ANTIOQUIA;GRANDE;14.485;4925200;0.679337931
10/02/2024;ANTIOQUIA;GUADALUPE;7.128;2048000;0.568888889
10/02/2024;ANTIOQUIA;GUATAPE;9.778;1666100;0.437296588
10/02/2024;ANTIOQUIA;ITUANGO;347.426;15009600;0.551215571
10/02/2024;ANTIOQUIA;NARE CP;7.896;2697300;0.725080645
10/02/2024;ANTIOQUIA;PORCE III;5.058;373400;0.345740741
10/02/2024;ANTIOQUIA;PORCE2 CP;15.968;1975300;0.574215116
10/02/2024;ANTIOQUIA;QUEBRADONA;0.207;37700;0.754
10/02/2024;ANTIOQUIA;SAN CARLOS;23.76;3061000;1.500490196
10/02/2024;ANTIOQUIA;SAN MIGUEL;36.02;1216200;0.827346939
10/02/2024;ANTIOQUIA;TENCHE;2.522;724600;0.862619048
10/02/2024;CALDAS;CAMPOALEGRE;4.013;533700;0.702236842
10/02/2024;CALDAS;CHINCHINA;7.601;1010900;0.493121951
10/02/2024;CALDAS;DESV. GUARINO;0;;
10/02/2024;CALDAS;DESV. MANSO;0;;
10/02/2024;CALDAS;ESTRELLA;0.664;74800;0.393684211
10/02/2024;CALDAS;MIEL I;39.49;1864700;0.492005277
10/02/2024;CALDAS;SAN EUGENIO;5.301;596900;0.710595238
10/02/2024;CALDAS;SAN FRANCISCO;2.305;186900;0.89
10/02/2024;CARIBE;SINU URRA;112.91;1304800;0.932
10/02/2024;CENTRO;AMOYA;16.81;1935600;1.256883117
10/02/2024;CENTRO;BETANIA CP;174.506;2469300;1.23465
10/02/2024;CENTRO;BOGOTA N.R.;10.17;3912700;1.207623457
10/02/2024;CENTRO;CUCUANA;4.09;583800;1.24212766
10/02/2024;CENTRO;DESV. SAN MARCOS;0.94;134200;0.745555556
10/02/2024;CENTRO;EL QUIMBO;248.235;10032700;1.610385233
10/02/2024;CENTRO;PRADO;35.64;422600;0.6603125
10/02/2024;CENTRO;SOGAMOSO;106.96;3544600;0.547006173
10/02/2024;ORIENTE;BATA;14.31;2386300;1.042052402
10/02/2024;ORIENTE;BLANCO;0;;
10/02/2024;ORIENTE;CHUZA;5.24;2016000;1.6128
10/02/2024;ORIENTE;DESV. BATATAS;3.222;761500;1.523
10/02/2024;ORIENTE;DESV. CHIVOR;2.468;583300;1.268043478
10/02/2024;ORIENTE;GUAVIO;26.539;6272000;1.771751412
10/02/2024;VALLE;ALTOANCHICAYA;20.76;2080400;0.536185567
10/02/2024;VALLE;CALIMA;3.04;135400;0.322380952
10/02/2024;VALLE;CAUCA SALVAJINA;77.49;4953500;0.544340659
10/02/2024;VALLE;DIGUA;10.42;151000;0.457575758
10/02/2024;VALLE;FLORIDA II;16.78;335600;2.237333333
11/02/2024;ANTIOQUIA;A. SAN LORENZO;12.6;2865600;0.576579477
11/02/2024;ANTIOQUIA;CARLOS LLERAS;21.12;3207500;0.871603261
11/02/2024;ANTIOQUIA;CONCEPCION;3.225;926600;0.691492537
11/02/2024;ANTIOQUIA;DESV. EEPPM (NEC.PAJ.DOL);8.535;2452300;1.257589744
11/02/2024;ANTIOQUIA;ESCUELA DE MINAS;14.57;5537600;0.667985525
11/02/2024;ANTIOQUIA;GRANDE;12.651;4301600;0.593324138
11/02/2024;ANTIOQUIA;GUADALUPE;6.853;1969000;0.546944444
11/02/2024;ANTIOQUIA;GUATAPE;8.029;1368100;0.359081365
11/02/2024;ANTIOQUIA;ITUANGO;276.363;11939500;0.438468601
11/02/2024;ANTIOQUIA;NARE CP;8.025;2741300;0.736908602
11/02/2024;ANTIOQUIA;PORCE III;7.251;535200;0.495555556
11/02/2024;ANTIOQUIA;PORCE2 CP;14.073;1740800;0.506046512
11/02/2024;ANTIOQUIA;QUEBRADONA;0.181;32900;0.658
11/02/2024;ANTIOQUIA;SAN CARLOS;22.09;2845800;1.395
11/02/2024;ANTIOQUIA;SAN MIGUEL;40.33;1361700;0.926326531
11/02/2024;ANTIOQUIA;TENCHE;2.794;802800;0.955714286
11/02/2024;CALDAS;CAMPOALEGRE;3.701;492200;0.647631579
11/02/2024;CALDAS;CHINCHINA;7.388;982600;0.479317073
11/02/2024;CALDAS;DESV. GUARINO;0;;
11/02/2024;CALDAS;DESV. MANSO;0;;
11/02/2024;CALDAS;ESTRELLA;0.621;69900;0.367894737
11/02/2024;CALDAS;MIEL I;41.62;1965300;0.518548813
11/02/2024;CALDAS;SAN EUGENIO;4.888;550400;0.655238095
11/02/2024;CALDAS;SAN FRANCISCO;2.3;186500;0.888095238
11/02/2024;CARIBE;SINU URRA;99.52;1150100;0.8215
11/02/2024;CENTRO;AMOYA;13.36;1538400;0.998961039
11/02/2024;CENTRO;BETANIA CP;135.152;1912500;0.95625
11/02/2024;CENTRO;BOGOTA N.R.;1.17;450100;0.138919753
11/02/2024;CENTRO;CUCUANA;3.25;463900;0.987021277
11/02/2024;CENTRO;DESV. SAN MARCOS;0.8;114200;0.634444444
11/02/2024;CENTRO;EL QUIMBO;205.876;8320700;1.335585875
11/02/2024;CENTRO;PRADO;9.43;111800;0.1746875
11/02/2024;CENTRO;SOGAMOSO;91.78;3041500;0.469367284
11/02/2024;ORIENTE;BATA;14.48;2414600;1.05441048
11/02/2024;ORIENTE;BLANCO;0;;
11/02/2024;ORIENTE;CHUZA;2.38;915700;0.73256
11/02/2024;ORIENTE;DESV. BATATAS;1.901;449300;0.8986
11/02/2024;ORIENTE;DESV. CHIVOR;2.216;523700;1.138478261
11/02/2024;ORIENTE;GUAVIO;15.661;3701200;1.045536723
11/02/2024;VALLE;ALTOANCHICAYA;20.52;2056300;0.529974227
11/02/2024;VALLE;CALIMA;3.9;173700;0.413571429
11/02/2024;VALLE;CAUCA SALVAJINA;94.37;6032500;0.662912088
11/02/2024;VALLE;DIGUA;10.31;149400;0.452727273
11/02/2024;VALLE;FLORIDA II;12.24;244800;1.632
12/02/2024;ANTIOQUIA;A. SAN LORENZO;11.79;2681400;0.539517103
12/02/2024;ANTIOQUIA;CARLOS LLERAS;15.23;2313000;0.628532609
12/02/2024;ANTIOQUIA;CONCEPCION;2.943;845600;0.631044776
12/02/2024;ANTIOQUIA;DESV. EEPPM (NEC.PAJ.DOL);4.781;1373700;0.704461539
12/02/2024;ANTIOQUIA;ESCUELA DE MINAS;13.76;5229800;0.630856454
12/02/2024;ANTIOQUIA;GRANDE;9.433;3207400;0.4424
12/02/2024;ANTIOQUIA;GUADALUPE;6.685;1920700;0.533527778
12/02/2024;ANTIOQUIA;GUATAPE;9.257;1577300;0.413989501
12/02/2024;ANTIOQUIA;ITUANGO;245.755;10617200;0.38990819
12/02/2024;ANTIOQUIA;NARE CP;7.651;2613600;0.702580645
12/02/2024;ANTIOQUIA;PORCE III;6.71;495300;0.458611111
12/02/2024;ANTIOQUIA;PORCE2 CP;15.562;1925000;0.559593023
12/02/2024;ANTIOQUIA;QUEBRADONA;0.135;24600;0.492
12/02/2024;ANTIOQUIA;SAN CARLOS;21.52;2772400;1.359019608
12/02/2024;ANTIOQUIA;SAN MIGUEL;35.26;1190500;0.809863946
12/02/2024;ANTIOQUIA;TENCHE;2.614;751100;0.894166667
12/02/2024;CALDAS;CAMPOALEGRE;3.617;481100;0.633026316
12/02/2024;CALDAS;CHINCHINA;7.261;965700;0.471073171
12/02/2024;CALDAS;DESV. GUARINO;0;;
12/02/2024;CALDAS;DESV. MANSO;0;;
12/02/2024;CALDAS;ESTRELLA;0.568;64000;0.336842105
12/02/2024;CALDAS;MIEL I;42.17;1991300;0.525408971
12/02/2024;CALDAS;SAN EUGENIO;4.778;538000;0.640476191
12/02/2024;CALDAS;SAN FRANCISCO;2.292;185800;0.884761905
12/02/2024;CARIBE;SINU URRA;88.54;1023200;0.730857143
12/02/2024;CENTRO;AMOYA;12;1381800;0.897272727
12/02/2024;CENTRO;BETANIA CP;87.793;1242300;0.62115
12/02/2024;CENTRO;BOGOTA N.R.;1.91;734800;0.226790124
12/02/2024;CENTRO;CUCUANA;2.74;391100;0.83212766
12/02/2024;CENTRO;DESV. SAN MARCOS;0.66;94200;0.523333333
12/02/2024;CENTRO;EL QUIMBO;166.448;6727200;1.079807384
12/02/2024;CENTRO;PRADO;19.84;235300;0.36765625
12/02/2024;CENTRO;SOGAMOSO;82.18;2723400;0.420277778
12/02/2024;ORIENTE;BATA;11.82;1971100;0.860742358
12/02/2024;ORIENTE;BLANCO;0;;
12/02/2024;ORIENTE;CHUZA;14.77;5682500;4.546
12/02/2024;ORIENTE;DESV. BATATAS;1.548;365800;0.7316
12/02/2024;ORIENTE;DESV. CHIVOR;1.804;426300;0.92673913
12/02/2024;ORIENTE;GUAVIO;12.752;3013700;0.851327684
12/02/2024;VALLE;ALTOANCHICAYA;22.33;2237700;0.576726804
12/02/2024;VALLE;CALIMA;5.07;225800;0.537619048
12/02/2024;VALLE;CAUCA SALVAJINA;74.04;4732900;0.520098901
12/02/2024;VALLE;DIGUA;11.18;162000;0.490909091
12/02/2024;VALLE;FLORIDA II;10.98;219600;1.464
13/02/2024;ANTIOQUIA;A. SAN LORENZO;11.34;2579000;0.518913481
13/02/2024;ANTIOQUIA;CARLOS LLERAS;15.9;2414800;0.656195652
13/02/2024;ANTIOQUIA;CONCEPCION;3.357;964500;0.719776119
13/02/2024;ANTIOQUIA;DESV. EEPPM (NEC.PAJ.DOL);4.365;1254100;0.643128205
13/02/2024;ANTIOQUIA;ESCUELA DE MINAS;12.82;4872500;0.587756333
13/02/2024;ANTIOQUIA;GRANDE;9.736;3310500;0.45662069
13/02/2024;ANTIOQUIA;GUADALUPE;6.545;1880500;0.522361111
13/02/2024;ANTIOQUIA;GUATAPE;6.187;1054200;0.276692913
13/02/2024;ANTIOQUIA;ITUANGO;220.392;9521500;0.349669482
13/02/2024;ANTIOQUIA;NARE CP;7.201;2459900;0.661263441
13/02/2024;ANTIOQUIA;PORCE III;3.79;279800;0.259074074
13/02/2024;ANTIOQUIA;PORCE2 CP;14.825;1833900;0.533110465
13/02/2024;ANTIOQUIA;QUEBRADONA;0.139;25300;0.506
13/02/2024;ANTIOQUIA;SAN CARLOS;21.17;2727300;1.336911765
13/02/2024;ANTIOQUIA;SAN MIGUEL;42.04;1419400;0.965578231
13/02/2024;ANTIOQUIA;TENCHE;2.061;592200;0.705
13/02/2024;CALDAS;CAMPOALEGRE;3.554;472700;0.621973684
13/02/2024;CALDAS;CHINCHINA;7.254;964800;0.470634146
13/02/2024;CALDAS;DESV. GUARINO;0;;
13/02/2024;CALDAS;DESV. MANSO;0;;
13/02/2024;CALDAS;ESTRELLA;0.524;59000;0.310526316
13/02/2024;CALDAS;MIEL I;46.91;2215100;0.584459103
13/02/2024;CALDAS;SAN EUGENIO;4.695;528700;0.629404762
13/02/2024;CALDAS;SAN FRANCISCO;2.231;180900;0.861428571
13/02/2024;CARIBE;SINU URRA;87.85;1015200;0.725142857
13/02/2024;CENTRO;AMOYA;11.28;1298900;0.843441558
13/02/2024;CENTRO;BETANIA CP;71.416;1010600;0.5053
13/02/2024;CENTRO;BOGOTA N.R.;5.41;2081400;0.642407407
13/02/2024;CENTRO;CUCUANA;2.44;348300;0.74106383
13/02/2024;CENTRO;DESV. SAN MARCOS;0.66;94200;0.523333333
13/02/2024;CENTRO;EL QUIMBO;137.349;5551100;0.891027287
13/02/2024;CENTRO;PRADO;8.19;97100;0.15171875
13/02/2024;CENTRO;SOGAMOSO;75.91;2515600;0.388209877
13/02/2024;ORIENTE;BATA;10.53;1755900;0.766768559
13/02/2024;ORIENTE;BLANCO;0;;
13/02/2024;ORIENTE;CHUZA;1.25;480900;0.38472
13/02/2024;ORIENTE;DESV. BATATAS;1.35;319000;0.638
13/02/2024;ORIENTE;DESV. CHIVOR;1.574;372000;0.808695652
13/02/2024;ORIENTE;GUAVIO;11.122;2628500;0.742514124
13/02/2024;VALLE;ALTOANCHICAYA;20.19;2023200;0.521443299
13/02/2024;VALLE;CALIMA;2.72;121100;0.288333333
13/02/2024;VALLE;CAUCA SALVAJINA;71.64;4579500;0.503241758
13/02/2024;VALLE;DIGUA;10.15;147100;0.445757576
13/02/2024;VALLE;FLORIDA II;9.16;183200;1.221333333
14/02/2024;ANTIOQUIA;A. SAN LORENZO;11.16;2538100;0.510684105
14/02/2024;ANTIOQUIA;CARLOS LLERAS;16.71;2537800;0.689619565
14/02/2024;ANTIOQUIA;CONCEPCION;3.306;949900;0.708880597
14/02/2024;ANTIOQUIA;DESV. EEPPM (NEC.PAJ.DOL);4.212;1210200;0.620615385
14/02/2024;ANTIOQUIA;ESCUELA DE MINAS;14.7;5587000;0.673944512
14/02/2024;ANTIOQUIA;GRANDE;12.067;4103100;0.565944828
14/02/2024;ANTIOQUIA;GUADALUPE;6.512;1871000;0.519722222
14/02/2024;ANTIOQUIA;GUATAPE;7.804;1329800;0.349028871
14/02/2024;ANTIOQUIA;ITUANGO;248.831;10750100;0.394788836
14/02/2024;ANTIOQUIA;NARE CP;8.406;2871500;0.771908602
14/02/2024;ANTIOQUIA;PORCE III;13.619;1005300;0.930833333
14/02/2024;ANTIOQUIA;PORCE2 CP;15.517;1919500;0.557994186
14/02/2024;ANTIOQUIA;QUEBRADONA;0.173;31500;0.63
14/02/2024;ANTIOQUIA;SAN CARLOS;22.24;2865200;1.404509804
14/02/2024;ANTIOQUIA;SAN MIGUEL;40.74;1375500;0.935714286
14/02/2024;ANTIOQUIA;TENCHE;2.151;618000;0.735714286
14/02/2024;CALDAS;CAMPOALEGRE;3.601;478900;0.630131579
14/02/2024;CALDAS;CHINCHINA;7.203;958000;0.467317073
14/02/2024;CALDAS;DESV. GUARINO;4.25;200700;0.135608108
14/02/2024;CALDAS;DESV. MANSO;3.47;163900;0.334489796
14/02/2024;CALDAS;ESTRELLA;0.505;56900;0.299473684
14/02/2024;CALDAS;MIEL I;155.74;7354000;1.940369393
14/02/2024;CALDAS;SAN EUGENIO;4.755;535400;0.637380952
14/02/2024;CALDAS;SAN FRANCISCO;2.189;177500;0.845238095
14/02/2024;CARIBE;SINU URRA;69.33;801200;0.572285714
14/02/2024;CENTRO;AMOYA;11.67;1343800;0.872597403
14/02/2024;CENTRO;BETANIA CP;64.969;919300;0.45965
14/02/2024;CENTRO;BOGOTA N.R.;5.01;1927500;0.594907407
14/02/2024;CENTRO;CUCUANA;2.35;335400;0.713617021
14/02/2024;CENTRO;DESV. SAN MARCOS;0.66;94200;0.523333333
14/02/2024;CENTRO;EL QUIMBO;123.913;5008100;0.803868379
14/02/2024;CENTRO;PRADO;12.66;150100;0.23453125
14/02/2024;CENTRO;SOGAMOSO;71.37;2365100;0.364984568
14/02/2024;ORIENTE;BATA;9.89;1649200;0.720174673
14/02/2024;ORIENTE;BLANCO;0;;
14/02/2024;ORIENTE;CHUZA;0.77;296200;0.23696
14/02/2024;ORIENTE;DESV. BATATAS;1.329;314100;0.6282
14/02/2024;ORIENTE;DESV. CHIVOR;1.55;366300;0.796304348
14/02/2024;ORIENTE;GUAVIO;10.951;2588100;0.731101695
14/02/2024;VALLE;ALTOANCHICAYA;16.83;1686500;0.434664949
14/02/2024;VALLE;CALIMA;0.37;16500;0.039285714
14/02/2024;VALLE;CAUCA SALVAJINA;62.47;3993300;0.438824176
14/02/2024;VALLE;DIGUA;8.54;123800;0.375151515
14/02/2024;VALLE;FLORIDA II;7.2;144000;0.96
15/02/2024;ANTIOQUIA;A. SAN LORENZO;10.85;2467600;0.496498994
15/02/2024;ANTIOQUIA;CARLOS LLERAS;18.76;2849100;0.774211957
15/02/2024;ANTIOQUIA;CONCEPCION;3.237;930000;0.694029851
15/02/2024;ANTIOQUIA;DESV. EEPPM (NEC.PAJ.DOL);4.132;1187200;0.608820513
15/02/2024;ANTIOQUIA;ESCUELA DE MINAS;14.59;5545200;0.668902292
15/02/2024;ANTIOQUIA;GRANDE;10.17;3458000;0.476965517
15/02/2024;ANTIOQUIA;GUADALUPE;6.392;1836500;0.510138889
15/02/2024;ANTIOQUIA;GUATAPE;7.579;1291400;0.338950131
15/02/2024;ANTIOQUIA;ITUANGO;230.512;9958700;0.365725303
15/02/2024;ANTIOQUIA;NARE CP;7.899;2698300;0.725349462
15/02/2024;ANTIOQUIA;PORCE III;9.864;728100;0.674166667
15/02/2024;ANTIOQUIA;PORCE2 CP;12.535;1550600;0.450755814
15/02/2024;ANTIOQUIA;QUEBRADONA;0.145;26400;0.528
15/02/2024;ANTIOQUIA;SAN CARLOS;20.88;2690000;1.318627451
15/02/2024;ANTIOQUIA;SAN MIGUEL;35.12;1185800;0.806666667
15/02/2024;ANTIOQUIA;TENCHE;2.241;643900;0.766547619
15/02/2024;CALDAS;CAMPOALEGRE;3.433;456600;0.600789474
15/02/2024;CALDAS;CHINCHINA;7.063;939400;0.458243902
15/02/2024;CALDAS;DESV. GUARINO;0;;
15/02/2024;CALDAS;DESV. MANSO;1.17;55200;0.112653061
15/02/2024;CALDAS;ESTRELLA;0.505;56900;0.299473684
15/02/2024;CALDAS;MIEL I;73.44;3467800;0.914986807
15/02/2024;CALDAS;SAN EUGENIO;4.533;510400;0.607619048
15/02/2024;CALDAS;SAN FRANCISCO;2.151;174400;0.830476191
15/02/2024;CARIBE;SINU URRA;77.3;893300;0.638071429
15/02/2024;CENTRO;AMOYA;10.93;1258600;0.817272727
15/02/2024;CENTRO;BETANIA CP;54.949;777600;0.3888
15/02/2024;CENTRO;BOGOTA N.R.;6.68;2570000;0.793209877
15/02/2024;CENTRO;CUCUANA;2.15;306900;0.652978723
15/02/2024;CENTRO;DESV. SAN MARCOS;0.66;94200;0.523333333
15/02/2024;CENTRO;EL QUIMBO;115.138;4653400;0.746934189
15/02/2024;CENTRO;PRADO;5.75;68200;0.1065625
15/02/2024;CENTRO;SOGAMOSO;67.42;2234200;0.344783951
15/02/2024;ORIENTE;BATA;9.42;1570800;0.685938865
15/02/2024;ORIENTE;BLANCO;0;;
15/02/2024;ORIENTE;CHUZA;0.87;334700;0.26776
15/02/2024;ORIENTE;DESV. BATATAS;1.118;264200;0.5284
15/02/2024;ORIENTE;DESV. CHIVOR;1.303;307900;0.669347826
15/02/2024;ORIENTE;GUAVIO;9.21;2176600;0.614858757
15/02/2024;VALLE;ALTOANCHICAYA;16.15;1618400;0.417113402
15/02/2024;VALLE;CALIMA;4.51;200900;0.478333333
15/02/2024;VALLE;CAUCA SALVAJINA;52.2;3336800;0.366681319
15/02/2024;VALLE;DIGUA;8.21;119000;0.360606061
15/02/2024;VALLE;FLORIDA II;7.2;144000;0.96
16/02/2024;ANTIOQUIA;A. SAN LORENZO;10.85;2467600;0.496498994
16/02/2024;ANTIOQUIA;CARLOS LLERAS;24.5;3720900;1.01111413
16/02/2024;ANTIOQUIA;CONCEPCION;4.361;1253000;0.935074627
16/02/2024;ANTIOQUIA;DESV. EEPPM (NEC.PAJ.DOL);4.006;1151000;0.59025641
16/02/2024;ANTIOQUIA;ESCUELA DE MINAS;12.83;4876300;0.588214717
16/02/2024;ANTIOQUIA;GRANDE;8.839;3005500;0.414551724
16/02/2024;ANTIOQUIA;GUADALUPE;6.241;1793200;0.498111111
16/02/2024;ANTIOQUIA;GUATAPE;12.069;2056500;0.53976378
16/02/2024;ANTIOQUIA;ITUANGO;186.751;8068100;0.296294528
16/02/2024;ANTIOQUIA;NARE CP;7.084;2419900;0.650510753
16/02/2024;ANTIOQUIA;PORCE III;8.181;603900;0.559166667
16/02/2024;ANTIOQUIA;PORCE2 CP;11.67;1443600;0.419651163
16/02/2024;ANTIOQUIA;QUEBRADONA;0.126;22900;0.458
16/02/2024;ANTIOQUIA;SAN CARLOS;20.35;2621700;1.285147059
16/02/2024;ANTIOQUIA;SAN MIGUEL;33.29;1124000;0.76462585
16/02/2024;ANTIOQUIA;TENCHE;1.805;518600;0.617380952
16/02/2024;CALDAS;CAMPOALEGRE;3.511;467000;0.614473684
16/02/2024;CALDAS;CHINCHINA;7.538;1002600;0.489073171
16/02/2024;CALDAS;DESV. GUARINO;0;;
16/02/2024;CALDAS;DESV. MANSO;0.04;1900;0.003877551
16/02/2024;CALDAS;ESTRELLA;0.507;57100;0.300526316
16/02/2024;CALDAS;MIEL I;55.21;2607000;0.687862797
16/02/2024;CALDAS;SAN EUGENIO;4.638;522200;0.621666667
16/02/2024;CALDAS;SAN FRANCISCO;2.175;176300;0.83952381
16/02/2024;CARIBE;SINU URRA;111;1282700;0.916214286
16/02/2024;CENTRO;AMOYA;10.9;1255100;0.815
16/02/2024;CENTRO;BETANIA CP;55.37;783500;0.39175
16/02/2024;CENTRO;BOGOTA N.R.;0;;
16/02/2024;CENTRO;CUCUANA;1.99;284100;0.604468085
16/02/2024;CENTRO;DESV. SAN MARCOS;0.66;94200;0.523333333
16/02/2024;CENTRO;EL QUIMBO;124.183;5019000;0.805617978
16/02/2024;CENTRO;PRADO;14.37;170400;0.26625
16/02/2024;CENTRO;SOGAMOSO;70.52;2337000;0.360648148
16/02/2024;ORIENTE;BATA;16.42;2738100;1.195676856
16/02/2024;ORIENTE;BLANCO;0;;
16/02/2024;ORIENTE;CHUZA;2.38;915700;0.73256
16/02/2024;ORIENTE;DESV. BATATAS;4.78;1129700;2.2594
16/02/2024;ORIENTE;DESV. CHIVOR;3.444;813900;1.769347826
16/02/2024;ORIENTE;GUAVIO;39.375;9305500;2.628672316
16/02/2024;VALLE;ALTOANCHICAYA;15.35;1538200;0.396443299
16/02/2024;VALLE;CALIMA;0.89;39600;0.094285714
16/02/2024;VALLE;CAUCA SALVAJINA;51.48;3290800;0.361626374
16/02/2024;VALLE;DIGUA;7.83;113500;0.343939394
16/02/2024;VALLE;FLORIDA II;7.2;144000;0.96
17/02/2024;ANTIOQUIA;A. SAN LORENZO;10.97;2494900;0.501991952
17/02/2024;ANTIOQUIA;CARLOS LLERAS;10;1518700;0.412690217
17/02/2024;ANTIOQUIA;CONCEPCION;3.172;911400;0.680149254
17/02/2024;ANTIOQUIA;DESV. EEPPM (NEC.PAJ.DOL);3.857;1108200;0.568307692
17/02/2024;ANTIOQUIA;ESCUELA DE MINAS;12.45;4731900;0.57079614
17/02/2024;ANTIOQUIA;GRANDE;10.426;3545100;0.48897931
17/02/2024;ANTIOQUIA;GUADALUPE;6.141;1764400;0.490111111
17/02/2024;ANTIOQUIA;GUATAPE;11.817;2013600;0.528503937
17/02/2024;ANTIOQUIA;ITUANGO;185.145;7998700;0.293745869
17/02/2024;ANTIOQUIA;NARE CP;6.746;2304400;0.619462366
17/02/2024;ANTIOQUIA;PORCE III;5.324;393000;0.363888889
17/02/2024;ANTIOQUIA;PORCE2 CP;6.81;842400;0.244883721
17/02/2024;ANTIOQUIA;QUEBRADONA;0.149;27100;0.542
17/02/2024;ANTIOQUIA;SAN CARLOS;19.82;2553400;1.251666667
17/02/2024;ANTIOQUIA;SAN MIGUEL;32.78;1106800;0.75292517
17/02/2024;ANTIOQUIA;TENCHE;1.273;365800;0.435476191
17/02/2024;CALDAS;CAMPOALEGRE;3.651;485600;0.638947368
17/02/2024;CALDAS;CHINCHINA;7.926;1054200;0.514243902
17/02/2024;CALDAS;DESV. GUARINO;0;;
17/02/2024;CALDAS;DESV. MANSO;0;;
17/02/2024;CALDAS;ESTRELLA;0.532;59900;0.315263158
17/02/2024;CALDAS;MIEL I;47.77;2255700;0.595171504
17/02/2024;CALDAS;SAN EUGENIO;4.823;543100;0.646547619
17/02/2024;CALDAS;SAN FRANCISCO;2.207;178900;0.851904762
17/02/2024;CARIBE;SINU URRA;105.84;1223100;0.873642857
17/02/2024;CENTRO;AMOYA;11.62;1338000;0.868831169
17/02/2024;CENTRO;BETANIA CP;122.352;1731300;0.86565
17/02/2024;CENTRO;BOGOTA N.R.;0;;
17/02/2024;CENTRO;CUCUANA;1.82;259800;0.552765957
17/02/2024;CENTRO;DESV. SAN MARCOS;0.66;94200;0.523333333
17/02/2024;CENTRO;EL QUIMBO;241.956;9778900;1.56964687
17/02/2024;CENTRO;PRADO;8.68;102900;0.16078125
17/02/2024;CENTRO;SOGAMOSO;69.86;2315100;0.357268519
17/02/2024;ORIENTE;BATA;13.13;2189500;0.956113537
17/02/2024;ORIENTE;BLANCO;0;;
17/02/2024;ORIENTE;CHUZA;3.41;1311900;1.04952
17/02/2024;ORIENTE;DESV. BATATAS;3.156;745900;1.4918
17/02/2024;ORIENTE;DESV. CHIVOR;2.176;514300;1.118043478
17/02/2024;ORIENTE;GUAVIO;25.996;6143600;1.735480226
17/02/2024;VALLE;ALTOANCHICAYA;14.64;1467100;0.378118557
17/02/2024;VALLE;CALIMA;3.74;166600;0.396666667
17/02/2024;VALLE;CAUCA SALVAJINA;50.14;3205100;0.352208791
17/02/2024;VALLE;DIGUA;7.49;108500;0.328787879
17/02/2024;VALLE;FLORIDA II;13.86;277200;1.848
18/02/2024;ANTIOQUIA;A. SAN LORENZO;10.81;2458500;0.494668008
18/02/2024;ANTIOQUIA;CARLOS LLERAS;24.68;3748200;1.018532609
18/02/2024;ANTIOQUIA;CONCEPCION;2.167;622600;0.464626866
18/02/2024;ANTIOQUIA;DESV. EEPPM (NEC.PAJ.DOL);3.794;1090100;0.559025641
18/02/2024;ANTIOQUIA;ESCUELA DE MINAS;12.15;4617900;0.557044632
18/02/2024;ANTIOQUIA;GRANDE;10.076;3426100;0.472565517
18/02/2024;ANTIOQUIA;GUADALUPE;6.007;1725900;0.479416667
18/02/2024;ANTIOQUIA;GUATAPE;7.029;1197700;0.314356955
18/02/2024;ANTIOQUIA;ITUANGO;193.2;8346700;0.306525891
18/02/2024;ANTIOQUIA;NARE CP;6.761;2309600;0.620860215
18/02/2024;ANTIOQUIA;PORCE III;18.09;1335300;1.236388889
18/02/2024;ANTIOQUIA;PORCE2 CP;10.611;1312600;0.381569767
18/02/2024;ANTIOQUIA;QUEBRADONA;0.144;26200;0.524
18/02/2024;ANTIOQUIA;SAN CARLOS;19.52;2514800;1.232745098
18/02/2024;ANTIOQUIA;SAN MIGUEL;32.21;1087500;0.739795918
18/02/2024;ANTIOQUIA;TENCHE;2.027;582400;0.693333333
18/02/2024;CALDAS;CAMPOALEGRE;3.525;468800;0.616842105
18/02/2024;CALDAS;CHINCHINA;7.737;1029000;0.50195122
18/02/2024;CALDAS;DESV. GUARINO;0;;
18/02/2024;CALDAS;DESV. MANSO;0;;
18/02/2024;CALDAS;ESTRELLA;0.582;65500;0.344736842
18/02/2024;CALDAS;MIEL I;43.56;2056900;0.542717678
18/02/2024;CALDAS;SAN EUGENIO;4.655;524200;0.624047619
18/02/2024;CALDAS;SAN FRANCISCO;2.17;175900;0.837619048
18/02/2024;CARIBE;SINU URRA;89.39;1033000;0.737857143
18/02/2024;CENTRO;AMOYA;11.55;1330000;0.863636364
18/02/2024;CENTRO;BETANIA CP;127.836;1808900;0.90445
18/02/2024;CENTRO;BOGOTA N.R.;0.8;307800;0.095
18/02/2024;CENTRO;CUCUANA;1.81;258400;0.549787234
18/02/2024;CENTRO;DESV. SAN MARCOS;0.66;94200;0.523333333
18/02/2024;CENTRO;EL QUIMBO;258.299;10439400;1.675666132
18/02/2024;CENTRO;PRADO;12.79;151700;0.23703125
18/02/2024;CENTRO;SOGAMOSO;66.8;2213700;0.34162037
18/02/2024;ORIENTE;BATA;12.57;2096100;0.915327511
18/02/2024;ORIENTE;BLANCO;0;;
18/02/2024;ORIENTE;CHUZA;1.55;596300;0.47704
18/02/2024;ORIENTE;DESV. BATATAS;1.883;445000;0.89
18/02/2024;ORIENTE;DESV. CHIVOR;2.194;518500;1.127173913
18/02/2024;ORIENTE;GUAVIO;15.509;3665200;1.035367232
18/02/2024;VALLE;ALTOANCHICAYA;16.05;1608400;0.414536083
18/02/2024;VALLE;CALIMA;2.46;109600;0.260952381
18/02/2024;VALLE;CAUCA SALVAJINA;68.08;4351900;0.478230769
18/02/2024;VALLE;DIGUA;8.16;118200;0.358181818
18/02/2024;VALLE;FLORIDA II;11.93;238600;1.590666667
19/02/2024;ANTIOQUIA;A. SAN LORENZO;10.85;2467600;0.496498994
19/02/2024;ANTIOQUIA;CARLOS LLERAS;8.94;1357700;0.368940217
19/02/2024;ANTIOQUIA;CONCEPCION;3.231;928300;0.692761194
19/02/2024;ANTIOQUIA;DESV. EEPPM (NEC.PAJ.DOL);4.155;1193800;0.612205128
19/02/2024;ANTIOQUIA;ESCUELA DE MINAS;11.65;4427800;0.53411339
19/02/2024;ANTIOQUIA;GRANDE;8.111;2757900;0.3804
19/02/2024;ANTIOQUIA;GUADALUPE;5.921;1701200;0.472555556
19/02/2024;ANTIOQUIA;GUATAPE;15.008;2557300;0.671207349
19/02/2024;ANTIOQUIA;ITUANGO;164.363;7100900;0.260774881
19/02/2024;ANTIOQUIA;NARE CP;6.445;2201600;0.591827957
19/02/2024;ANTIOQUIA;PORCE III;8.381;618600;0.572777778
19/02/2024;ANTIOQUIA;PORCE2 CP;13.346;1650900;0.479912791
19/02/2024;ANTIOQUIA;QUEBRADONA;0.116;21100;0.422
19/02/2024;ANTIOQUIA;SAN CARLOS;25.56;3292900;1.614166667
19/02/2024;ANTIOQUIA;SAN MIGUEL;32.28;1089900;0.741428571
19/02/2024;ANTIOQUIA;TENCHE;1.602;460300;0.547976191
19/02/2024;CALDAS;CAMPOALEGRE;3.313;440600;0.579736842
19/02/2024;CALDAS;CHINCHINA;7.628;1014500;0.494878049
19/02/2024;CALDAS;DESV. GUARINO;0;;
19/02/2024;CALDAS;DESV. MANSO;0;;
19/02/2024;CALDAS;ESTRELLA;0.574;64600;0.34
19/02/2024;CALDAS;MIEL I;42.87;2024300;0.534116095
19/02/2024;CALDAS;SAN EUGENIO;4.375;492600;0.586428571
19/02/2024;CALDAS;SAN FRANCISCO;2.117;171600;0.817142857
19/02/2024;CARIBE;SINU URRA;81.86;946000;0.675714286
19/02/2024;CENTRO;AMOYA;10.89;1254000;0.814285714
19/02/2024;CENTRO;BETANIA CP;71.681;1014300;0.50715
19/02/2024;CENTRO;BOGOTA N.R.;0.25;96200;0.029691358
19/02/2024;CENTRO;CUCUANA;1.75;249800;0.531489362
19/02/2024;CENTRO;DESV. SAN MARCOS;0.66;94200;0.523333333
19/02/2024;CENTRO;EL QUIMBO;129.659;5240300;0.841139647
19/02/2024;CENTRO;PRADO;5.76;68300;0.10671875
19/02/2024;CENTRO;SOGAMOSO;63.24;2095700;0.323410494
19/02/2024;ORIENTE;BATA;11.96;1994400;0.870917031
19/02/2024;ORIENTE;BLANCO;0;;
19/02/2024;ORIENTE;CHUZA;0;;
19/02/2024;ORIENTE;DESV. BATATAS;1.415;334400;0.6688
19/02/2024;ORIENTE;DESV. CHIVOR;1.65;389900;0.847608696
19/02/2024;ORIENTE;GUAVIO;11.657;2754900;0.778220339
19/02/2024;VALLE;ALTOANCHICAYA;24.54;2459100;0.63378866
19/02/2024;VALLE;CALIMA;1.43;63700;0.151666667
19/02/2024;VALLE;CAUCA SALVAJINA;66.86;4274000;0.46967033
19/02/2024;VALLE;DIGUA;12.24;177400;0.537575758
19/02/2024;VALLE;FLORIDA II;8.23;164600;1.097333333
20/02/2024;ANTIOQUIA;A. SAN LORENZO;10.6;2410700;0.485050302
20/02/2024;ANTIOQUIA;CARLOS LLERAS;22.87;3473300;0.943831522
20/02/2024;ANTIOQUIA;CONCEPCION;3.3;948200;0.70761194
20/02/2024;ANTIOQUIA;DESV. EEPPM (NEC.PAJ.DOL);3.708;1065400;0.546358974
20/02/2024;ANTIOQUIA;ESCUELA DE MINAS;11.82;4492400;0.541905911
20/02/2024;ANTIOQUIA;GRANDE;10.066;3422700;0.472096552
20/02/2024;ANTIOQUIA;GUADALUPE;5.791;1663900;0.462194444
20/02/2024;ANTIOQUIA;GUATAPE;6.235;1062400;0.278845144
20/02/2024;ANTIOQUIA;ITUANGO;154.983;6695600;0.245890562
20/02/2024;ANTIOQUIA;NARE CP;6.662;2275700;0.611747312
20/02/2024;ANTIOQUIA;PORCE III;12.191;899900;0.833240741
20/02/2024;ANTIOQUIA;PORCE2 CP;11.084;1371100;0.398575581
20/02/2024;ANTIOQUIA;QUEBRADONA;0.144;26200;0.524
20/02/2024;ANTIOQUIA;SAN CARLOS;20.55;2647400;1.297745098
20/02/2024;ANTIOQUIA;SAN MIGUEL;32.29;1090200;0.741632653
20/02/2024;ANTIOQUIA;TENCHE;2.516;722900;0.860595238
20/02/2024;CALDAS;CAMPOALEGRE;3.316;441000;0.580263158
20/02/2024;CALDAS;CHINCHINA;7.593;1009900;0.492634146
20/02/2024;CALDAS;DESV. GUARINO;0;;
20/02/2024;CALDAS;DESV. MANSO;0;;
20/02/2024;CALDAS;ESTRELLA;0.59;66400;0.349473684
20/02/2024;CALDAS;MIEL I;38.4;1813200;0.478416887
20/02/2024;CALDAS;SAN EUGENIO;4.38;493200;0.587142857
20/02/2024;CALDAS;SAN FRANCISCO;2.262;183400;0.873333333
20/02/2024;CARIBE;SINU URRA;78.27;904500;0.646071429
20/02/2024;CENTRO;AMOYA;10.43;1201000;0.77987013
20/02/2024;CENTRO;BETANIA CP;59.829;846600;0.4233
20/02/2024;CENTRO;BOGOTA N.R.;8.16;3139400;0.968950617
20/02/2024;CENTRO;CUCUANA;1.65;235500;0.50106383
20/02/2024;CENTRO;DESV. SAN MARCOS;0.66;94200;0.523333333
20/02/2024;CENTRO;EL QUIMBO;104.201;4211400;0.675987159
20/02/2024;CENTRO;PRADO;4.81;57000;0.0890625
20/02/2024;CENTRO;SOGAMOSO;61.68;2044000;0.315432099
20/02/2024;ORIENTE;BATA;10.38;1730900;0.755851528
20/02/2024;ORIENTE;BLANCO;0;;
20/02/2024;ORIENTE;CHUZA;1.37;527100;0.42168
20/02/2024;ORIENTE;DESV. BATATAS;1.311;309800;0.6196
20/02/2024;ORIENTE;DESV. CHIVOR;1.528;361100;0.785
20/02/2024;ORIENTE;GUAVIO;10.797;2551700;0.720819209
20/02/2024;VALLE;ALTOANCHICAYA;32.97;3303900;0.851520619
20/02/2024;VALLE;CALIMA;2.03;90400;0.215238095
20/02/2024;VALLE;CAUCA SALVAJINA;53.37;3411600;0.374901099
20/02/2024;VALLE;DIGUA;16.29;236100;0.715454546
20/02/2024;VALLE;FLORIDA II;7.26;145200;0.968
21/02/2024;ANTIOQUIA;A. SAN LORENZO;10.74;2442600;0.491468813
21/02/2024;ANTIOQUIA;CARLOS LLERAS;7.15;1085900;0.295081522
21/02/2024;ANTIOQUIA;CONCEPCION;3.668;1053900;0.786492537
21/02/2024;ANTIOQUIA;DESV. EEPPM (NEC.PAJ.DOL);3.645;1047300;0.537076923
21/02/2024;ANTIOQUIA;ESCUELA DE MINAS;11.73;4458200;0.537780458
21/02/2024;ANTIOQUIA;GRANDE;9.065;3082300;0.425144828
21/02/2024;ANTIOQUIA;GUADALUPE;5.845;1679400;0.4665
21/02/2024;ANTIOQUIA;GUATAPE;15.328;2611800;0.685511811
21/02/2024;ANTIOQUIA;ITUANGO;152.878;6604700;0.242552332
21/02/2024;ANTIOQUIA;NARE CP;6.606;2256600;0.606612903
21/02/2024;ANTIOQUIA;PORCE III;10.291;759600;0.703333333
21/02/2024;ANTIOQUIA;PORCE2 CP;11.365;1405900;0.408691861
21/02/2024;ANTIOQUIA;QUEBRADONA;0.13;23700;0.474
21/02/2024;ANTIOQUIA;SAN CARLOS;21.53;2773700;1.359656863
21/02/2024;ANTIOQUIA;SAN MIGUEL;32.05;1082100;0.736122449
21/02/2024;ANTIOQUIA;TENCHE;1.676;481500;0.573214286
21/02/2024;CALDAS;CAMPOALEGRE;4.627;615400;0.809736842
21/02/2024;CALDAS;CHINCHINA;10.13;1347300;0.657219512
21/02/2024;CALDAS;DESV. GUARINO;0.01;500;0.000337838
21/02/2024;CALDAS;DESV. MANSO;0.13;6100;0.01244898
21/02/2024;CALDAS;ESTRELLA;0.573;64500;0.339473684
21/02/2024;CALDAS;MIEL I;38.46;1816100;0.479182058
21/02/2024;CALDAS;SAN EUGENIO;6.11;688000;0.819047619
21/02/2024;CALDAS;SAN FRANCISCO;2.401;194700;0.927142857
21/02/2024;CARIBE;SINU URRA;90.92;1050700;0.7505
21/02/2024;CENTRO;AMOYA;10.21;1175700;0.763441558
21/02/2024;CENTRO;BETANIA CP;52.473;742500;0.37125
21/02/2024;CENTRO;BOGOTA N.R.;0;;
21/02/2024;CENTRO;CUCUANA;1.53;218400;0.464680851
21/02/2024;CENTRO;DESV. SAN MARCOS;0.66;94200;0.523333333
21/02/2024;CENTRO;EL QUIMBO;100.062;4044100;0.649133226
21/02/2024;CENTRO;PRADO;2.39;28300;0.04421875
21/02/2024;CENTRO;SOGAMOSO;95.07;3150500;0.486188272
21/02/2024;ORIENTE;BATA;9.52;1587500;0.693231441
21/02/2024;ORIENTE;BLANCO;0;;
21/02/2024;ORIENTE;CHUZA;1.02;392400;0.31392
21/02/2024;ORIENTE;DESV. BATATAS;1.287;304200;0.6084
21/02/2024;ORIENTE;DESV. CHIVOR;1.501;354700;0.771086957
21/02/2024;ORIENTE;GUAVIO;10.604;2506000;0.707909605
21/02/2024;VALLE;ALTOANCHICAYA;51.43;5153800;1.328298969
21/02/2024;VALLE;CALIMA;3.35;149200;0.355238095
21/02/2024;VALLE;CAUCA SALVAJINA;95.27;6090000;0.669230769
21/02/2024;VALLE;DIGUA;25.15;364500;1.104545455
21/02/2024;VALLE;FLORIDA II;11.83;236600;1.577333333
22/02/2024;ANTIOQUIA;A. SAN LORENZO;11.24;2556300;0.514346077
22/02/2024;ANTIOQUIA;CARLOS LLERAS;23.39;3552300;0.965298913
22/02/2024;ANTIOQUIA;CONCEPCION;3.424;983800;0.734179105
22/02/2024;ANTIOQUIA;DESV. EEPPM (NEC.PAJ.DOL);3.723;1069700;0.548564103
22/02/2024;ANTIOQUIA;ESCUELA DE MINAS;13.48;5123400;0.618021713
22/02/2024;ANTIOQUIA;GRANDE;9.183;3122400;0.430675862
22/02/2024;ANTIOQUIA;GUADALUPE;6.23;1790000;0.497222222
22/02/2024;ANTIOQUIA;GUATAPE;9.935;1692900;0.444330709
22/02/2024;ANTIOQUIA;ITUANGO;211.007;9116000;0.334777819
22/02/2024;ANTIOQUIA;NARE CP;7.389;2524100;0.678521505
22/02/2024;ANTIOQUIA;PORCE III;2.074;153100;0.141759259
22/02/2024;ANTIOQUIA;PORCE2 CP;11.728;1450800;0.421744186
22/02/2024;ANTIOQUIA;QUEBRADONA;0.131;23800;0.476
22/02/2024;ANTIOQUIA;SAN CARLOS;24.08;3102200;1.520686275
22/02/2024;ANTIOQUIA;SAN MIGUEL;34.05;1149600;0.782040816
22/02/2024;ANTIOQUIA;TENCHE;2.075;596200;0.709761905
22/02/2024;CALDAS;CAMPOALEGRE;5.715;760100;1.000131579
22/02/2024;CALDAS;CHINCHINA;10.514;1398400;0.682146342
22/02/2024;CALDAS;DESV. GUARINO;0;;
22/02/2024;CALDAS;DESV. MANSO;2.17;102500;0.209183674
22/02/2024;CALDAS;ESTRELLA;0.515;58000;0.305263158
22/02/2024;CALDAS;MIEL I;96.99;4579900;1.208416887
22/02/2024;CALDAS;SAN EUGENIO;7.547;849800;1.011666667
22/02/2024;CALDAS;SAN FRANCISCO;2.306;187000;0.890476191
22/02/2024;CARIBE;SINU URRA;82;947600;0.676857143
22/02/2024;CENTRO;AMOYA;10.36;1192900;0.77461039
22/02/2024;CENTRO;BETANIA CP;61.284;867200;0.4336
22/02/2024;CENTRO;BOGOTA N.R.;0;;
22/02/2024;CENTRO;CUCUANA;1.94;276900;0.589148936
22/02/2024;CENTRO;DESV. SAN MARCOS;0.66;94200;0.523333333
22/02/2024;CENTRO;EL QUIMBO;89.188;3604600;0.57858748
22/02/2024;CENTRO;PRADO;1.34;15900;0.02484375
22/02/2024;CENTRO;SOGAMOSO;99.17;3286400;0.507160494
22/02/2024;ORIENTE;BATA;9.01;1502500;0.656113537
22/02/2024;ORIENTE;BLANCO;0;;
22/02/2024;ORIENTE;CHUZA;0.69;265500;0.2124
22/02/2024;ORIENTE;DESV. BATATAS;1.34;316700;0.6334
22/02/2024;ORIENTE;DESV. CHIVOR;1.562;369100;0.802391304
22/02/2024;ORIENTE;GUAVIO;11.038;2608600;0.736892655
22/02/2024;VALLE;ALTOANCHICAYA;23.1;2314800;0.596597938
22/02/2024;VALLE;CALIMA;1.39;61900;0.147380952
22/02/2024;VALLE;CAUCA SALVAJINA;97.17;6211500;0.682582418
22/02/2024;VALLE;DIGUA;11.54;167200;0.506666667
22/02/2024;VALLE;FLORIDA II;8.73;174600;1.164
23/02/2024;ANTIOQUIA;A. SAN LORENZO;10.83;2463100;0.495593561
23/02/2024;ANTIOQUIA;CARLOS LLERAS;23.63;3588700;0.975190217
23/02/2024;ANTIOQUIA;CONCEPCION;3.277;941500;0.70261194
23/02/2024;ANTIOQUIA;DESV. EEPPM (NEC.PAJ.DOL);3.617;1039200;0.532923077
23/02/2024;ANTIOQUIA;ESCUELA DE MINAS;12.99;4937100;0.595548854
23/02/2024;ANTIOQUIA;GRANDE;9.867;3355000;0.462758621
23/02/2024;ANTIOQUIA;GUADALUPE;5.996;1722800;0.478555556
23/02/2024;ANTIOQUIA;GUATAPE;11.609;1978100;0.519186352
23/02/2024;ANTIOQUIA;ITUANGO;293.748;12690600;0.466052148
23/02/2024;ANTIOQUIA;NARE CP;7.381;2521300;0.677768817
23/02/2024;ANTIOQUIA;PORCE III;15.297;1129100;1.045462963
23/02/2024;ANTIOQUIA;PORCE2 CP;9.473;1171800;0.340639535
23/02/2024;ANTIOQUIA;QUEBRADONA;0.141;25700;0.514
23/02/2024;ANTIOQUIA;SAN CARLOS;20.88;2690000;1.318627451
23/02/2024;ANTIOQUIA;SAN MIGUEL;32.99;1113800;0.757687075
23/02/2024;ANTIOQUIA;TENCHE;2.208;634400;0.755238095
23/02/2024;CALDAS;CAMPOALEGRE;3.954;525900;0.691973684
23/02/2024;CALDAS;CHINCHINA;7.929;1054600;0.514439024
23/02/2024;CALDAS;DESV. GUARINO;0;;
23/02/2024;CALDAS;DESV. MANSO;0;;
23/02/2024;CALDAS;ESTRELLA;0.495;55700;0.293157895
23/02/2024;CALDAS;MIEL I;54.56;2576300;0.679762533
23/02/2024;CALDAS;SAN EUGENIO;5.223;588100;0.700119048
23/02/2024;CALDAS;SAN FRANCISCO;2.102;170400;0.811428571
23/02/2024;CARIBE;SINU URRA;92.92;1073800;0.767
23/02/2024;CENTRO;AMOYA;9.88;1137700;0.738766234
23/02/2024;CENTRO;BETANIA CP;50.353;712500;0.35625
23/02/2024;CENTRO;BOGOTA N.R.;0;;
23/02/2024;CENTRO;CUCUANA;1.65;235500;0.50106383
23/02/2024;CENTRO;DESV. SAN MARCOS;0.66;94200;0.523333333
23/02/2024;CENTRO;EL QUIMBO;83.731;3384100;0.543194222
23/02/2024;CENTRO;PRADO;1.24;14700;0.02296875
23/02/2024;CENTRO;SOGAMOSO;86.35;2861600;0.441604938
23/02/2024;ORIENTE;BATA;8.3;1384100;0.60441048
23/02/2024;ORIENTE;BLANCO;0;;
23/02/2024;ORIENTE;CHUZA;1.04;400100;0.32008
23/02/2024;ORIENTE;DESV. BATATAS;1.198;283100;0.5662
23/02/2024;ORIENTE;DESV. CHIVOR;1.396;329900;0.717173913
23/02/2024;ORIENTE;GUAVIO;9.866;2331600;0.658644068
23/02/2024;VALLE;ALTOANCHICAYA;18.11;1814800;0.467731959
23/02/2024;VALLE;CALIMA;3.08;137200;0.326666667
23/02/2024;VALLE;CAUCA SALVAJINA;66.07;4223500;0.464120879
23/02/2024;VALLE;DIGUA;9.15;132600;0.401818182
23/02/2024;VALLE;FLORIDA II;7.2;144000;0.96
24/02/2024;ANTIOQUIA;A. SAN LORENZO;10.42;2369800;0.476820926
24/02/2024;ANTIOQUIA;CARLOS LLERAS;13.59;2063900;0.560842391
24/02/2024;ANTIOQUIA;CONCEPCION;3.362;966000;0.720895522
24/02/2024;ANTIOQUIA;DESV. EEPPM (NEC.PAJ.DOL);3.552;1020600;0.523384615
24/02/2024;ANTIOQUIA;ESCUELA DE MINAS;11.59;4405000;0.531363088
24/02/2024;ANTIOQUIA;GRANDE;8.452;2873900;0.3964
24/02/2024;ANTIOQUIA;GUADALUPE;5.995;1722500;0.478472222
24/02/2024;ANTIOQUIA;GUATAPE;12.55;2138500;0.561286089
24/02/2024;ANTIOQUIA;ITUANGO;228.26;9861400;0.362152038
24/02/2024;ANTIOQUIA;NARE CP;6.65;2271600;0.610645161
24/02/2024;ANTIOQUIA;PORCE III;11.588;855400;0.792037037
24/02/2024;ANTIOQUIA;PORCE2 CP;10.156;1256300;0.365203488
24/02/2024;ANTIOQUIA;QUEBRADONA;0.121;22000;0.44
24/02/2024;ANTIOQUIA;SAN CARLOS;19.65;2531500;1.240931373
24/02/2024;ANTIOQUIA;SAN MIGUEL;31.7;1070300;0.728095238
24/02/2024;ANTIOQUIA;TENCHE;2.407;691600;0.823333333
24/02/2024;CALDAS;CAMPOALEGRE;3.629;482700;0.635131579
24/02/2024;CALDAS;CHINCHINA;7.657;1018400;0.496780488
24/02/2024;CALDAS;DESV. GUARINO;0;;
24/02/2024;CALDAS;DESV. MANSO;0;;
24/02/2024;CALDAS;ESTRELLA;0.516;58100;0.305789474
24/02/2024;CALDAS;MIEL I;46.52;2196700;0.579604222
24/02/2024;CALDAS;SAN EUGENIO;4.794;539800;0.642619048
24/02/2024;CALDAS;SAN FRANCISCO;2.071;167900;0.79952381
24/02/2024;CARIBE;SINU URRA;104.77;1210700;0.864785714
24/02/2024;CENTRO;AMOYA;9.65;1111200;0.721558442
24/02/2024;CENTRO;BETANIA CP;45.866;649000;0.3245
24/02/2024;CENTRO;BOGOTA N.R.;0;;
24/02/2024;CENTRO;CUCUANA;1.51;215500;0.458510638
24/02/2024;CENTRO;DESV. SAN MARCOS;0.66;94200;0.523333333
24/02/2024;CENTRO;EL QUIMBO;78.957;3191100;0.512215088
24/02/2024;CENTRO;PRADO;1.45;17200;0.026875
24/02/2024;CENTRO;SOGAMOSO;75.89;2514900;0.388101852
24/02/2024;ORIENTE;BATA;7.81;1302400;0.568733625
24/02/2024;ORIENTE;BLANCO;0;;
24/02/2024;ORIENTE;CHUZA;0.7;269300;0.21544
24/02/2024;ORIENTE;DESV. BATATAS;1.018;240600;0.4812
24/02/2024;ORIENTE;DESV. CHIVOR;1.187;280500;0.609782609
24/02/2024;ORIENTE;GUAVIO;8.388;1982300;0.559971751
24/02/2024;VALLE;ALTOANCHICAYA;18.94;1898000;0.489175258
24/02/2024;VALLE;CALIMA;0.25;11100;0.026428571
24/02/2024;VALLE;CAUCA SALVAJINA;54.86;3506900;0.385373626
24/02/2024;VALLE;DIGUA;9.55;138400;0.419393939
24/02/2024;VALLE;FLORIDA II;7.11;142200;0.948
25/02/2024;ANTIOQUIA;A. SAN LORENZO;10.25;2331100;0.469034205
25/02/2024;ANTIOQUIA;CARLOS LLERAS;13.07;1985000;0.539402174
25/02/2024;ANTIOQUIA;CONCEPCION;3.377;970300;0.724104478
25/02/2024;ANTIOQUIA;DESV. EEPPM (NEC.PAJ.DOL);3.514;1009600;0.51774359
25/02/2024;ANTIOQUIA;ESCUELA DE MINAS;11.59;4405000;0.531363088
25/02/2024;ANTIOQUIA;GRANDE;6.707;2280500;0.314551724
25/02/2024;ANTIOQUIA;GUADALUPE;5.974;1716400;0.476777778
25/02/2024;ANTIOQUIA;GUATAPE;13.032;2220600;0.582834646
25/02/2024;ANTIOQUIA;ITUANGO;224.78;9711000;0.356628718
25/02/2024;ANTIOQUIA;NARE CP;6.625;2263100;0.608360215
25/02/2024;ANTIOQUIA;PORCE III;6.344;468300;0.433611111
25/02/2024;ANTIOQUIA;PORCE2 CP;4.619;571400;0.166104651
25/02/2024;ANTIOQUIA;QUEBRADONA;0.096;17500;0.35
25/02/2024;ANTIOQUIA;SAN CARLOS;19.13;2464500;1.208088235
25/02/2024;ANTIOQUIA;SAN MIGUEL;31.59;1066600;0.725578231
25/02/2024;ANTIOQUIA;TENCHE;2.38;683800;0.814047619
25/02/2024;CALDAS;CAMPOALEGRE;3.803;505800;0.665526316
25/02/2024;CALDAS;CHINCHINA;7.706;1024900;0.49995122
25/02/2024;CALDAS;DESV. GUARINO;0;;
25/02/2024;CALDAS;DESV. MANSO;0;;
25/02/2024;CALDAS;ESTRELLA;0.677;76200;0.401052632
25/02/2024;CALDAS;MIEL I;43.1;2035200;0.536992084
25/02/2024;CALDAS;SAN EUGENIO;5.022;565500;0.673214286
25/02/2024;CALDAS;SAN FRANCISCO;2.992;242600;1.155238095
25/02/2024;CARIBE;SINU URRA;186.66;2157000;1.540714286
25/02/2024;CENTRO;AMOYA;9.53;1097400;0.712597403
25/02/2024;CENTRO;BETANIA CP;47.794;676300;0.33815
25/02/2024;CENTRO;BOGOTA N.R.;0;;
25/02/2024;CENTRO;CUCUANA;1.44;205500;0.437234043
25/02/2024;CENTRO;DESV. SAN MARCOS;0.64;91400;0.507777778
25/02/2024;CENTRO;EL QUIMBO;131.03;5295700;0.850032103
25/02/2024;CENTRO;PRADO;2.98;35300;0.05515625
25/02/2024;CENTRO;SOGAMOSO;74.33;2463200;0.380123457
25/02/2024;ORIENTE;BATA;7.46;1244000;0.543231441
25/02/2024;ORIENTE;BLANCO;0;;
25/02/2024;ORIENTE;CHUZA;0.71;273200;0.21856
25/02/2024;ORIENTE;DESV. BATATAS;1.072;253300;0.5066
25/02/2024;ORIENTE;DESV. CHIVOR;1.249;295200;0.64173913
25/02/2024;ORIENTE;GUAVIO;8.83;2086800;0.589491525
25/02/2024;VALLE;ALTOANCHICAYA;29.05;2911100;0.750283505
25/02/2024;VALLE;CALIMA;3.53;157200;0.374285714
25/02/2024;VALLE;CAUCA SALVAJINA;76.67;4901100;0.538582418
25/02/2024;VALLE;DIGUA;14.4;208700;0.632424242
25/02/2024;VALLE;FLORIDA II;7.2;144000;0.96
26/02/2024;ANTIOQUIA;A. SAN LORENZO;10.18;2315200;0.46583501
26/02/2024;ANTIOQUIA;CARLOS LLERAS;8.04;1221100;0.331820652
26/02/2024;ANTIOQUIA;CONCEPCION;3.431;985800;0.735671642
26/02/2024;ANTIOQUIA;DESV. EEPPM (NEC.PAJ.DOL);3.428;984900;0.505076923
26/02/2024;ANTIOQUIA;ESCUELA DE MINAS;11.96;4545700;0.548335344
26/02/2024;ANTIOQUIA;GRANDE;8.253;2806200;0.387062069
26/02/2024;ANTIOQUIA;GUADALUPE;5.887;1691400;0.469833333
26/02/2024;ANTIOQUIA;GUATAPE;12.341;2102800;0.551916011
26/02/2024;ANTIOQUIA;ITUANGO;262.127;11324500;0.415883217
26/02/2024;ANTIOQUIA;NARE CP;6.669;2278100;0.612392473
26/02/2024;ANTIOQUIA;PORCE III;3.731;275400;0.255
26/02/2024;ANTIOQUIA;PORCE2 CP;8.685;1074300;0.312296512
26/02/2024;ANTIOQUIA;QUEBRADONA;0.118;21500;0.43
26/02/2024;ANTIOQUIA;SAN CARLOS;19.06;2455500;1.203676471
26/02/2024;ANTIOQUIA;SAN MIGUEL;31.33;1057800;0.719591837
26/02/2024;ANTIOQUIA;TENCHE;2.466;708500;0.843452381
26/02/2024;CALDAS;CAMPOALEGRE;3.796;504900;0.664342105
26/02/2024;CALDAS;CHINCHINA;7.524;1000700;0.488146342
26/02/2024;CALDAS;DESV. GUARINO;0;;
26/02/2024;CALDAS;DESV. MANSO;0;;
26/02/2024;CALDAS;ESTRELLA;0.556;62600;0.329473684
26/02/2024;CALDAS;MIEL I;40.12;1894500;0.499868074
26/02/2024;CALDAS;SAN EUGENIO;5.014;564600;0.672142857
26/02/2024;CALDAS;SAN FRANCISCO;2.424;196500;0.935714286
26/02/2024;CARIBE;SINU URRA;148.68;1718100;1.227214286
26/02/2024;CENTRO;AMOYA;9.43;1085800;0.705064935
26/02/2024;CENTRO;BETANIA CP;73.428;1039000;0.5195
26/02/2024;CENTRO;BOGOTA N.R.;0;;
26/02/2024;CENTRO;CUCUANA;1.47;209800;0.446382979
26/02/2024;CENTRO;DESV. SAN MARCOS;0.59;84200;0.467777778
26/02/2024;CENTRO;EL QUIMBO;153.184;6191100;0.993756019
26/02/2024;CENTRO;PRADO;1.29;15300;0.02390625
26/02/2024;CENTRO;SOGAMOSO;65.22;2161300;0.333533951
26/02/2024;ORIENTE;BATA;7.25;1209000;0.527947598
26/02/2024;ORIENTE;BLANCO;0;;
26/02/2024;ORIENTE;CHUZA;1.07;411700;0.32936
26/02/2024;ORIENTE;DESV. BATATAS;0.924;218400;0.4368
26/02/2024;ORIENTE;DESV. CHIVOR;1.077;254500;0.55326087
26/02/2024;ORIENTE;GUAVIO;7.612;1798900;0.508163842
26/02/2024;VALLE;ALTOANCHICAYA;21.56;2160500;0.556829897
26/02/2024;VALLE;CALIMA;3.37;150100;0.357380952
26/02/2024;VALLE;CAUCA SALVAJINA;72.66;4644700;0.510406593
26/02/2024;VALLE;DIGUA;10.81;156600;0.474545455
26/02/2024;VALLE;FLORIDA II;8.17;163400;1.089333333
27/02/2024;ANTIOQUIA;A. SAN LORENZO;10.07;2290200;0.460804829
27/02/2024;ANTIOQUIA;CARLOS LLERAS;24.38;3702600;1.006141304
27/02/2024;ANTIOQUIA;CONCEPCION;3.95;1134900;0.846940299
27/02/2024;ANTIOQUIA;DESV. EEPPM (NEC.PAJ.DOL);2.979;855900;0.438923077
27/02/2024;ANTIOQUIA;ESCUELA DE MINAS;12.08;4591300;0.553835947
27/02/2024;ANTIOQUIA;GRANDE;10.634;3615800;0.498731035
27/02/2024;ANTIOQUIA;GUADALUPE;5.772;1658400;0.460666667
27/02/2024;ANTIOQUIA;GUATAPE;5.337;909400;0.238687664
27/02/2024;ANTIOQUIA;ITUANGO;200.915;8680000;0.318766067
27/02/2024;ANTIOQUIA;NARE CP;6.898;2356400;0.63344086
27/02/2024;ANTIOQUIA;PORCE III;1.885;139100;0.128796296
27/02/2024;ANTIOQUIA;PORCE2 CP;9.117;1127800;0.327848837
27/02/2024;ANTIOQUIA;QUEBRADONA;0.152;27700;0.554
27/02/2024;ANTIOQUIA;SAN CARLOS;19.09;2459400;1.205588235
27/02/2024;ANTIOQUIA;SAN MIGUEL;36.81;1242800;0.845442177
27/02/2024;ANTIOQUIA;TENCHE;1.97;566000;0.673809524
27/02/2024;CALDAS;CAMPOALEGRE;3.564;474000;0.623684211
27/02/2024;CALDAS;CHINCHINA;7.525;1000800;0.488195122
27/02/2024;CALDAS;DESV. GUARINO;2.65;125100;0.084527027
27/02/2024;CALDAS;DESV. MANSO;0;;
27/02/2024;CALDAS;ESTRELLA;0.565;63600;0.334736842
27/02/2024;CALDAS;MIEL I;52.01;2455900;0.647994723
27/02/2024;CALDAS;SAN EUGENIO;4.706;529900;0.630833333
27/02/2024;CALDAS;SAN FRANCISCO;2.304;186800;0.88952381
27/02/2024;CARIBE;SINU URRA;111.52;1288700;0.9205
27/02/2024;CENTRO;AMOYA;9.29;1069700;0.69461039
27/02/2024;CENTRO;BETANIA CP;70.27;994300;0.49715
27/02/2024;CENTRO;BOGOTA N.R.;0.81;311600;0.09617284
27/02/2024;CENTRO;CUCUANA;1.59;227000;0.482978723
27/02/2024;CENTRO;DESV. SAN MARCOS;0.59;84200;0.467777778
27/02/2024;CENTRO;EL QUIMBO;123.746;5001300;0.802776886
27/02/2024;CENTRO;PRADO;2.72;32300;0.05046875
27/02/2024;CENTRO;SOGAMOSO;82.82;2744600;0.423549383
27/02/2024;ORIENTE;BATA;6.98;1164000;0.508296943
27/02/2024;ORIENTE;BLANCO;0;;
27/02/2024;ORIENTE;CHUZA;0.76;292400;0.23392
27/02/2024;ORIENTE;DESV. BATATAS;1.152;272300;0.5446
27/02/2024;ORIENTE;DESV. CHIVOR;1.343;317400;0.69
27/02/2024;ORIENTE;GUAVIO;9.491;2243000;0.633615819
27/02/2024;VALLE;ALTOANCHICAYA;18.34;1837800;0.473659794
27/02/2024;VALLE;CALIMA;2;89100;0.212142857
27/02/2024;VALLE;CAUCA SALVAJINA;66.05;4222200;0.463978022
27/02/2024;VALLE;DIGUA;9.26;134200;0.406666667
27/02/2024;VALLE;FLORIDA II;7.2;144000;0.96
28/02/2024;ANTIOQUIA;A. SAN LORENZO;9.92;2256100;0.453943662
28/02/2024;ANTIOQUIA;CARLOS LLERAS;15.52;2357100;0.640516304
28/02/2024;ANTIOQUIA;CONCEPCION;3.563;1023700;0.763955224
28/02/2024;ANTIOQUIA;DESV. EEPPM (NEC.PAJ.DOL);3.197;918600;0.471076923
28/02/2024;ANTIOQUIA;ESCUELA DE MINAS;11.22;4264400;0.514402895
28/02/2024;ANTIOQUIA;GRANDE;10.568;3593400;0.495641379
28/02/2024;ANTIOQUIA;GUADALUPE;5.621;1615000;0.448611111
28/02/2024;ANTIOQUIA;GUATAPE;5.577;950300;0.249422572
28/02/2024;ANTIOQUIA;ITUANGO;178.613;7716500;0.283382299
28/02/2024;ANTIOQUIA;NARE CP;6.4;2186200;0.587688172
28/02/2024;ANTIOQUIA;PORCE III;0.996;73500;0.068055556
28/02/2024;ANTIOQUIA;PORCE2 CP;10.278;1271400;0.369593023
28/02/2024;ANTIOQUIA;QUEBRADONA;0.151;27500;0.55
28/02/2024;ANTIOQUIA;SAN CARLOS;18.67;2405200;1.179019608
28/02/2024;ANTIOQUIA;SAN MIGUEL;31.44;1061500;0.722108844
28/02/2024;ANTIOQUIA;TENCHE;2.636;757400;0.901666667
28/02/2024;CALDAS;CAMPOALEGRE;3.352;445800;0.586578947
28/02/2024;CALDAS;CHINCHINA;7.722;1027000;0.50097561
28/02/2024;CALDAS;DESV. GUARINO;0.97;45800;0.030945946
28/02/2024;CALDAS;DESV. MANSO;0;;
28/02/2024;CALDAS;ESTRELLA;0.557;62700;0.33
28/02/2024;CALDAS;MIEL I;54.92;2593300;0.684248021
28/02/2024;CALDAS;SAN EUGENIO;4.427;498500;0.593452381
28/02/2024;CALDAS;SAN FRANCISCO;2.14;173500;0.826190476
28/02/2024;CARIBE;SINU URRA;95.59;1104600;0.789
28/02/2024;CENTRO;AMOYA;9.48;1091600;0.708831169
28/02/2024;CENTRO;BETANIA CP;53.674;759500;0.37975
28/02/2024;CENTRO;BOGOTA N.R.;1.9;731000;0.225617284
28/02/2024;CENTRO;CUCUANA;1.46;208400;0.443404255
28/02/2024;CENTRO;DESV. SAN MARCOS;0.59;84200;0.467777778
28/02/2024;CENTRO;EL QUIMBO;105.348;4257700;0.683418941
28/02/2024;CENTRO;PRADO;3.08;36500;0.05703125
28/02/2024;CENTRO;SOGAMOSO;103.52;3430600;0.52941358
28/02/2024;ORIENTE;BATA;7.79;1299000;0.567248908
28/02/2024;ORIENTE;BLANCO;0;;
28/02/2024;ORIENTE;CHUZA;1.09;419400;0.33552
28/02/2024;ORIENTE;DESV. BATATAS;1.409;333000;0.666
28/02/2024;ORIENTE;DESV. CHIVOR;1.642;388100;0.843695652
28/02/2024;ORIENTE;GUAVIO;11.604;2742400;0.774689266
28/02/2024;VALLE;ALTOANCHICAYA;18.62;1865900;0.480902062
28/02/2024;VALLE;CALIMA;0.47;20900;0.049761905
28/02/2024;VALLE;CAUCA SALVAJINA;61.28;3917300;0.430472528
28/02/2024;VALLE;DIGUA;9.4;136200;0.412727273
28/02/2024;VALLE;FLORIDA II;7.2;144000;0.96
29/02/2024;ANTIOQUIA;A. SAN LORENZO;9.72;2210600;0.444788732
29/02/2024;ANTIOQUIA;CARLOS LLERAS;18.6;2824800;0.767608696
29/02/2024;ANTIOQUIA;CONCEPCION;3.47;997000;0.744029851
29/02/2024;ANTIOQUIA;DESV. EEPPM (NEC.PAJ.DOL);3.322;954500;0.48948718
29/02/2024;ANTIOQUIA;ESCUELA DE MINAS;11.1;4218800;0.508902292
29/02/2024;ANTIOQUIA;GRANDE;10.447;3552200;0.489958621
29/02/2024;ANTIOQUIA;GUADALUPE;5.591;1606400;0.446222222
29/02/2024;ANTIOQUIA;GUATAPE;13.251;2257900;0.592624672
29/02/2024;ANTIOQUIA;ITUANGO;163.963;7083600;0.260139552
29/02/2024;ANTIOQUIA;NARE CP;6.329;2162000;0.581182796
29/02/2024;ANTIOQUIA;PORCE III;17.039;1257700;1.164537037
29/02/2024;ANTIOQUIA;PORCE2 CP;11.051;1367000;0.397383721
29/02/2024;ANTIOQUIA;QUEBRADONA;0.149;27100;0.542
29/02/2024;ANTIOQUIA;SAN CARLOS;18.62;2398800;1.175882353
29/02/2024;ANTIOQUIA;SAN MIGUEL;30.87;1042300;0.709047619
29/02/2024;ANTIOQUIA;TENCHE;1.726;495900;0.590357143
29/02/2024;CALDAS;CAMPOALEGRE;3.882;516300;0.679342105
29/02/2024;CALDAS;CHINCHINA;7.44;989500;0.482682927
29/02/2024;CALDAS;DESV. GUARINO;0;;
29/02/2024;CALDAS;DESV. MANSO;0;;
29/02/2024;CALDAS;ESTRELLA;0.552;62200;0.327368421
29/02/2024;CALDAS;MIEL I;41.15;1943100;0.512691293
29/02/2024;CALDAS;SAN EUGENIO;5.127;577300;0.687261905
29/02/2024;CALDAS;SAN FRANCISCO;2.115;171500;0.816666667
29/02/2024;CARIBE;SINU URRA;86.16;995700;0.711214286
29/02/2024;CENTRO;AMOYA;9.31;1072000;0.696103896
29/02/2024;CENTRO;BETANIA CP;47.283;669100;0.33455
29/02/2024;CENTRO;BOGOTA N.R.;5.26;2023700;0.624598765
29/02/2024;CENTRO;CUCUANA;1.44;205500;0.437234043
29/02/2024;CENTRO;DESV. SAN MARCOS;0.59;84200;0.467777778
29/02/2024;CENTRO;EL QUIMBO;86.001;3475800;0.557913323
29/02/2024;CENTRO;PRADO;19.2;227700;0.35578125
29/02/2024;CENTRO;SOGAMOSO;85.56;2835400;0.437561728
29/02/2024;ORIENTE;BATA;7.5;1250700;0.546157205
29/02/2024;ORIENTE;BLANCO;0;;
29/02/2024;ORIENTE;CHUZA;0.77;296200;0.23696
29/02/2024;ORIENTE;DESV. BATATAS;1.202;284100;0.5682
29/02/2024;ORIENTE;DESV. CHIVOR;1.401;331100;0.719782609
29/02/2024;ORIENTE;GUAVIO;9.901;2339900;0.660988701
29/02/2024;VALLE;ALTOANCHICAYA;15.48;1551200;0.399793814
29/02/2024;VALLE;CALIMA;0.43;19200;0.045714286
29/02/2024;VALLE;CAUCA SALVAJINA;59.12;3779200;0.415296703
29/02/2024;VALLE;DIGUA;8;115900;0.351212121
29/02/2024;VALLE;FLORIDA II;7.2;144000;0.96
