Fecha;Recurso;Codigo Agente;Version;Hora;Valor;Precio ofertado;MPO;Tecnologia;Ajuste;Precio ajustado;Prediccion_MPO
2016-02-01;GUAVIO;ENDG;TX5;0;196997.54;440.0;440.0;HIDRAULICA;384.48;384.48;451.05738292474683
2016-02-01;GUATRON;EPMG;TX5;1;384154.97;425.0;425.0;HIDRAULICA;384.48;384.48;437.08419448781103
2016-02-01;GUATRON;EPMG;TX5;2;228565.77;425.0;425.0;HIDRAULICA;384.48;384.48;437.2948426937139
2016-02-01;GUATRON;EPMG;TX5;3;211303.4;425.0;425.0;HIDRAULICA;384.48;384.48;440.75931576600124
2016-02-01;GUATRON;EPMG;TX5;4;434400.21;425.0;425.0;HIDRAULICA;384.48;384.48;438.1602914681136
2016-02-01;GUAVIO;ENDG;TX5;5;641308.63;440.0;440.0;HIDRAULICA;384.48;384.48;449.6677482725853
2016-02-01;GUAVIO;ENDG;TX5;6;878519.0;440.0;440.0;HIDRAULICA;384.48;384.48;457.10667910969335
2016-02-01;GUAVIO;ENDG;TX5;7;1141018.35;440.0;440.0;HIDRAULICA;384.48;384.48;455.56133893454125
2016-02-01;CHIVOR;CHVG;TX5;8;211583.83;451.01;451.01;HIDRAULICA;384.48;384.48;465.8464511690558
2016-02-01;CHIVOR;CHVG;TX5;9;617146.4;451.01;451.01;HIDRAULICA;384.48;384.48;466.36097575259254
2016-02-01;ALBAN;EPSG;TX5;10;272000.0;464.0;464.0;AUTOG;384.48;464.0;480.1543515465991
2016-02-01;SAN CARLOS;ISGG;TX5;11;221796.87;464.0;464.0;HIDRAULICA;384.48;384.48;482.0463990672552
2016-02-01;ALBAN;EPSG;TX5;12;263856.19;464.0;464.0;AUTOG;384.48;464.0;478.4900600195896
2016-02-01;ALBAN;EPSG;TX5;13;272000.0;464.0;464.0;AUTOG;384.48;464.0;479.6899389891469
2016-02-01;SAN CARLOS;ISGG;TX5;14;374488.72;464.0;464.0;HIDRAULICA;384.48;384.48;476.52086077320683
2016-02-01;SAN CARLOS;ISGG;TX5;15;328750.14;464.0;464.0;HIDRAULICA;384.48;384.48;478.5124485046779
2016-02-01;ALBAN;EPSG;TX5;16;272000.0;464.0;464.0;AUTOG;384.48;464.0;476.14294652995056
2016-02-01;CHIVOR;CHVG;TX5;17;819532.64;451.01;451.01;HIDRAULICA;384.48;384.48;461.0756650735451
2016-02-01;SAN CARLOS;ISGG;TX5;18;261365.16;464.0;464.0;HIDRAULICA;384.48;384.48;480.83428171196715
2016-02-01;SAN CARLOS;ISGG;TX5;19;720762.24;464.0;464.0;HIDRAULICA;384.48;384.48;478.53922353008306
2016-02-01;SAN CARLOS;ISGG;TX5;20;603909.24;464.0;464.0;HIDRAULICA;384.48;384.48;481.00420302113116
2016-02-01;SAN CARLOS;ISGG;TX5;21;296895.6;464.0;464.0;HIDRAULICA;384.48;384.48;482.04092884647287
2016-02-01;CHIVOR;CHVG;TX5;22;648124.98;451.01;451.01;HIDRAULICA;384.48;384.48;461.762686794382
2016-02-01;GUAVIO;ENDG;TX5;23;1136486.38;440.0;440.0;HIDRAULICA;384.48;384.48;449.6823822836629
2016-02-02;SAN CARLOS;ISGG;TX5;0;544310.88;416.0;416.0;HIDRAULICA;391.61;391.61;426.40512664471584
2016-02-02;SAN CARLOS;ISGG;TX5;1;241834.97;416.0;416.0;HIDRAULICA;391.61;391.61;424.7911786114586
2016-02-02;SAN CARLOS;ISGG;TX5;2;134887.68;416.0;416.0;HIDRAULICA;391.61;391.61;424.52165349680416
2016-02-02;SAN CARLOS;ISGG;TX5;3;122357.23;416.0;416.0;HIDRAULICA;391.61;391.61;427.15102706304356
2016-02-02;SAN CARLOS;ISGG;TX5;4;380720.34;416.0;416.0;HIDRAULICA;391.61;391.61;427.19425121225345
2016-02-02;SAN CARLOS;ISGG;TX5;5;1161304.75;416.0;416.0;HIDRAULICA;391.61;391.61;431.09141868686265
2016-02-02;SAN CARLOS;ISGG;TX5;6;1240000.0;416.0;416.0;HIDRAULICA;391.61;391.61;427.94168842112583
2016-02-02;GUATRON;EPMG;TX5;7;512000.0;425.0;425.0;HIDRAULICA;391.61;391.61;434.9021494133032
2016-02-02;PORCE III;EPMG;TX5;8;299402.27;480.0;480.0;HIDRAULICA;475.95;475.95;494.3461012102995
2016-02-02;CHIVOR;CHVG;TX5;9;276003.81;481.12;481.12;HIDRAULICA;475.95;475.95;497.2792938424193
2016-02-02;CHIVOR;CHVG;TX5;10;597557.8;481.12;481.12;HIDRAULICA;475.95;475.95;495.08488679713247
2016-02-02;CHIVOR;CHVG;TX5;11;868261.88;481.12;481.12;HIDRAULICA;475.95;475.95;498.31160343305123
2016-02-02;CHIVOR;CHVG;TX5;12;447193.54;481.12;481.12;HIDRAULICA;475.95;475.95;493.1585913356473
2016-02-02;CHIVOR;CHVG;TX5;13;482757.16;481.12;481.12;HIDRAULICA;475.95;475.95;490.82994368201145
2016-02-02;CHIVOR;CHVG;TX5;14;864990.94;481.12;481.12;HIDRAULICA;475.95;475.95;497.26469869448886
2016-02-02;CHIVOR;CHVG;TX5;15;875000.0;481.12;481.12;HIDRAULICA;475.95;475.95;491.30592359502924
2016-02-02;CHIVOR;CHVG;TX5;16;683285.8;481.12;481.12;HIDRAULICA;475.95;475.95;494.491903333918
2016-02-02;CHIVOR;CHVG;TX5;17;273828.92;481.12;481.12;HIDRAULICA;475.95;475.95;499.2681155562879
2016-02-02;CHIVOR;CHVG;TX5;18;326559.08;481.12;481.12;HIDRAULICA;475.95;475.95;491.8104101165923
2016-02-02;CHIVOR;CHVG;TX5;19;768299.86;481.12;481.12;HIDRAULICA;475.95;475.95;496.13271476357505
2016-02-02;CHIVOR;CHVG;TX5;20;528065.29;481.12;481.12;HIDRAULICA;475.95;475.95;496.1372647714675
2016-02-02;PORCE III;EPMG;TX5;21;700000.0;480.0;480.0;HIDRAULICA;475.95;475.95;492.109552108314
2016-02-02;LA TASAJERA;EPMG;TX5;22;293328.51;450.0;450.0;HIDRAULICA;391.61;391.61;465.82050787239837
2016-02-02;SAN CARLOS;ISGG;TX5;23;1240000.0;416.0;416.0;HIDRAULICA;391.61;391.61;425.38209334236325
2016-02-03;GUATAPE;EPMG;TX5;0;420000.0;400.0;400.0;HIDRAULICA;395.62;395.62;415.7859084110585
2016-02-03;GUATAPE;EPMG;TX5;1;306543.89;400.0;400.0;HIDRAULICA;395.62;395.62;410.84632317859865
2016-02-03;FLORES 1;TMFG;TX5;2;150000.0;380.0;380.0;AUTOG;366.13;380.0;391.5542530078963
2016-02-03;FLORES 1;TMFG;TX5;3;150000.0;380.0;380.0;AUTOG;366.13;380.0;393.9004584575693
2016-02-03;MERILECTRICA 1;CIVG;TX5;4;165000.0;395.62;395.62;TERMICA;366.13;395.62;408.61551175192807
2016-02-03;PORCE II;EPMG;TX5;5;405000.0;460.0;460.0;HIDRAULICA;366.13;395.62;477.1721811470138
2016-02-03;BETANIA;ENDG;TX5;6;330000.0;465.0;465.0;HIDRAULICA;366.13;395.62;474.843697820764
2016-02-03;PAGUA;ENDG;TX5;7;463620.07;470.0;470.0;HIDRAULICA;366.13;395.62;482.4743268600383
2016-02-03;SAN CARLOS;ISGG;TX5;8;496427.92;475.0;475.0;HIDRAULICA;366.13;395.62;485.1253261205514
2016-02-03;SAN CARLOS;ISGG;TX5;9;836509.72;475.0;475.0;HIDRAULICA;366.13;395.62;493.490461394296
2016-02-03;SAN CARLOS;ISGG;TX5;10;1183370.71;475.0;475.0;HIDRAULICA;366.13;395.62;492.45369613973054
2016-02-03;SAN CARLOS;ISGG;TX5;11;1240000.0;475.0;475.0;HIDRAULICA;366.13;395.62;487.5470508507275
2016-02-03;SAN CARLOS;ISGG;TX5;12;1070814.76;475.0;475.0;HIDRAULICA;366.13;395.62;484.65149072540316
2016-02-03;SAN CARLOS;ISGG;TX5;13;1170844.06;475.0;475.0;HIDRAULICA;366.13;395.62;492.6823442761302
2016-02-03;SAN CARLOS;ISGG;TX5;14;1240000.0;475.0;475.0;HIDRAULICA;366.13;395.62;487.10131395225113
2016-02-03;SAN CARLOS;ISGG;TX5;15;1240000.0;475.0;475.0;HIDRAULICA;366.13;395.62;490.83415464938383
2016-02-03;SAN CARLOS;ISGG;TX5;16;1210792.9;475.0;475.0;HIDRAULICA;366.13;395.62;493.7771068670214
2016-02-03;SAN CARLOS;ISGG;TX5;17;569277.54;475.0;475.0;HIDRAULICA;366.13;395.62;484.9182681808445
2016-02-03;SAN CARLOS;ISGG;TX5;18;937831.1;475.0;475.0;HIDRAULICA;366.13;395.62;488.4323413129749
2016-02-03;SAN CARLOS;ISGG;TX5;19;1240000.0;475.0;475.0;HIDRAULICA;366.13;395.62;490.11443497571537
2016-02-03;SAN CARLOS;ISGG;TX5;20;988665.95;475.0;475.0;HIDRAULICA;366.13;395.62;488.22899213113584
2016-02-03;SAN CARLOS;ISGG;TX5;21;765459.92;475.0;475.0;HIDRAULICA;366.13;395.62;490.5019337723482
2016-02-03;PAGUA;ENDG;TX5;22;535347.06;470.0;470.0;HIDRAULICA;366.13;395.62;488.0444600734186
2016-02-03;PORCE II;EPMG;TX5;23;389250.0;460.0;460.0;HIDRAULICA;366.13;395.62;470.0270660130958
2016-02-04;PORCE III;EPMG;TX5;0;694756.86;440.0;440.0;HIDRAULICA;439.08;439.08;455.84404009946473
2016-02-04;PORCE III;EPMG;TX5;1;313612.51;440.0;440.0;HIDRAULICA;439.08;439.08;454.42655444588047
2016-02-04;CARTAGENA 1;ENDG;TX5;2;51000.0;434.49;434.49;TERMICA;366.5;434.49;447.672512234785
2016-02-04;GUATAPE;EPMG;TX5;3;420000.0;430.0;430.0;HIDRAULICA;366.5;366.5;445.192821075448
2016-02-04;PORCE III;EPMG;TX5;4;323745.44;440.0;440.0;HIDRAULICA;439.08;439.08;454.92165126722495
2016-02-04;SAN CARLOS;ISGG;TX5;5;316576.03;459.0;459.0;HIDRAULICA;441.31;441.31;475.4874903333721
2016-02-04;SAN CARLOS;ISGG;TX5;6;658794.66;459.0;459.0;HIDRAULICA;441.31;441.31;469.1366332257121
2016-02-04;SAN CARLOS;ISGG;TX5;7;1083393.84;459.0;459.0;HIDRAULICA;441.31;441.31;470.88454136565525
2016-02-04;SAN CARLOS;ISGG;TX5;8;1112262.28;459.0;459.0;HIDRAULICA;441.31;441.31;473.5160550698075
2016-02-04;SAN CARLOS;ISGG;TX5;9;1240000.0;459.0;459.0;HIDRAULICA;441.31;441.31;475.4512611074182
2016-02-04;PAGUA;ENDG;TX5;10;400000.0;478.0;478.0;HIDRAULICA;441.31;441.31;493.6495486506115
2016-02-04;CHIVOR;CHVG;TX5;11;386930.47;478.69;478.69;HIDRAULICA;441.31;441.31;496.2851303004398
2016-02-04;PAGUA;ENDG;TX5;12;400000.0;478.0;478.0;HIDRAULICA;441.31;441.31;491.69297583629196
2016-02-04;PAGUA;ENDG;TX5;13;400000.0;478.0;478.0;HIDRAULICA;441.31;441.31;490.35675220679195
2016-02-04;CHIVOR;CHVG;TX5;14;368956.67;478.69;478.69;HIDRAULICA;441.31;441.31;489.8754005536019
2016-02-04;CHIVOR;CHVG;TX5;15;365983.36;478.69;478.69;HIDRAULICA;441.31;441.31;488.7954618346015
2016-02-04;PAGUA;ENDG;TX5;16;400000.0;478.0;478.0;HIDRAULICA;441.31;441.31;496.2427861038268
2016-02-04;CHIVOR;CHVG;TX5;17;433103.72;478.69;478.69;HIDRAULICA;441.31;441.31;497.7610791065241
2016-02-04;CHIVOR;CHVG;TX5;18;849708.44;478.69;478.69;HIDRAULICA;441.31;441.31;490.08257495110604
2016-02-04;CHIVOR;CHVG;TX5;19;843521.31;478.69;478.69;HIDRAULICA;441.31;441.31;491.9075028899849
2016-02-04;CHIVOR;CHVG;TX5;20;600726.95;478.69;478.69;HIDRAULICA;441.31;441.31;491.35791449054284
2016-02-04;CHIVOR;CHVG;TX5;21;534239.71;478.69;478.69;HIDRAULICA;441.31;441.31;493.32346528020815
2016-02-04;SAN CARLOS;ISGG;TX5;22;1240000.0;459.0;459.0;HIDRAULICA;441.31;441.31;475.2646289570016
2016-02-04;SAN CARLOS;ISGG;TX5;23;424470.53;459.0;459.0;HIDRAULICA;441.31;441.31;473.1660082485027
2016-02-05;PORCE II;EPMG;TX5;0;304725.82;450.0;450.0;HIDRAULICA;441.31;441.31;460.5038606827993
2016-02-05;GUATAPE;EPMG;TX5;1;291886.33;430.0;430.0;HIDRAULICA;364.94;364.94;440.74738318547475
2016-02-05;PLAYAS;EPMG;TX5;2;139973.96;400.0;400.0;HIDRAULICA;364.94;364.94;410.1768720026031
2016-02-05;PLAYAS;EPMG;TX5;3;74384.5;400.0;400.0;HIDRAULICA;364.94;364.94;409.853189851652
2016-02-05;GUATAPE;EPMG;TX5;4;29603.09;430.0;430.0;HIDRAULICA;364.94;364.94;441.4607487575334
2016-02-05;CHIVOR;CHVG;TX5;5;20332.75;484.76;484.76;HIDRAULICA;441.31;441.31;498.9357102568801
2016-02-05;PORCE III;EPMG;TX5;6;173903.78;460.0;460.0;HIDRAULICA;441.31;441.31;475.6186870736336
2016-02-05;PORCE III;EPMG;TX5;7;445272.72;460.0;460.0;HIDRAULICA;441.31;441.31;471.7180981525112
2016-02-05;CHIVOR;CHVG;TX5;8;174097.27;484.76;484.76;HIDRAULICA;441.31;441.31;495.48236600937344
2016-02-05;CHIVOR;CHVG;TX5;9;375765.89;484.76;484.76;HIDRAULICA;441.31;441.31;498.8244280404243
2016-02-05;CHIVOR;CHVG;TX5;10;704175.34;484.76;484.76;HIDRAULICA;441.31;441.31;503.42388825495124
2016-02-05;ALBAN;EPSG;TX5;11;75997.57;489.0;489.0;AUTOG;441.31;489.0;503.62251312859155
2016-02-05;CHIVOR;CHVG;TX5;12;786891.37;484.76;484.76;HIDRAULICA;441.31;441.31;502.75161493215955
2016-02-05;ALBAN;EPSG;TX5;13;70888.41;489.0;489.0;AUTOG;441.31;489.0;501.1886395722756
2016-02-05;ALBAN;EPSG;TX5;14;74700.36;489.0;489.0;AUTOG;441.31;489.0;500.51747874350366
2016-02-05;CHIVOR;CHVG;TX5;15;869533.36;484.76;484.76;HIDRAULICA;441.31;441.31;496.6825242901105
2016-02-05;CHIVOR;CHVG;TX5;16;290563.47;484.76;484.76;HIDRAULICA;441.31;441.31;502.0013409428866
2016-02-05;PORCE III;EPMG;TX5;17;671221.17;460.0;460.0;HIDRAULICA;441.31;441.31;470.63025380839696
2016-02-05;CHIVOR;CHVG;TX5;18;473402.08;484.76;484.76;HIDRAULICA;441.31;441.31;503.56553961871253
2016-02-05;CHIVOR;CHVG;TX5;19;799250.47;484.76;484.76;HIDRAULICA;441.31;441.31;502.91143208384955
2016-02-05;CHIVOR;CHVG;TX5;20;772749.9;484.76;484.76;HIDRAULICA;441.31;441.31;498.77787559263226
2016-02-05;CHIVOR;CHVG;TX5;21;337963.76;484.76;484.76;HIDRAULICA;441.31;441.31;501.7765556536714
2016-02-05;PORCE III;EPMG;TX5;22;343580.31;460.0;460.0;HIDRAULICA;441.31;441.31;476.0367817356644
2016-02-05;CARTAGENA 2;ENDG;TX5;23;44854.72;439.08;439.08;TERMICA;434.49;439.08;456.0958361548554
2016-02-06;GUATRON;EPMG;TX5;0;70395.97;450.0;450.0;HIDRAULICA;441.31;441.31;459.9143707709673
2016-02-06;GUATAPE;EPMG;TX5;1;226076.83;430.0;430.0;HIDRAULICA;363.32;363.32;440.01299813656334
2016-02-06;GUATAPE;EPMG;TX5;2;104099.02;430.0;430.0;HIDRAULICA;363.32;363.32;439.5489527293836
2016-02-06;GUATAPE;EPMG;TX5;3;42531.42;430.0;430.0;HIDRAULICA;363.32;363.32;445.65900352048357
2016-02-06;GUATAPE;EPMG;TX5;4;344241.7;430.0;430.0;HIDRAULICA;363.32;363.32;443.0752752750881
2016-02-06;GUATRON;EPMG;TX5;5;65177.74;450.0;450.0;HIDRAULICA;441.31;441.31;464.01809333860575
2016-02-06;GUATRON;EPMG;TX5;6;178806.07;450.0;450.0;HIDRAULICA;441.31;441.31;459.13746480704077
2016-02-06;LA TASAJERA;EPMG;TX5;7;57660.85;470.0;470.0;HIDRAULICA;441.31;441.31;486.3287927326106
2016-02-06;PAGUA;ENDG;TX5;8;321527.24;480.0;480.0;HIDRAULICA;441.31;441.31;493.462999841178
2016-02-06;SAN CARLOS;ISGG;TX5;9;244681.24;487.0;487.0;HIDRAULICA;441.31;441.31;505.2233670682106
2016-02-06;SAN CARLOS;ISGG;TX5;10;546406.34;487.0;487.0;HIDRAULICA;441.31;441.31;500.93351903356915
2016-02-06;SAN CARLOS;ISGG;TX5;11;717062.94;487.0;487.0;HIDRAULICA;441.31;441.31;498.2276083784803
2016-02-06;SAN CARLOS;ISGG;TX5;12;624397.02;487.0;487.0;HIDRAULICA;441.31;441.31;504.80768821206493
2016-02-06;SAN CARLOS;ISGG;TX5;13;469336.41;487.0;487.0;HIDRAULICA;441.31;441.31;497.3724568300076
2016-02-06;SAN CARLOS;ISGG;TX5;14;296368.76;487.0;487.0;HIDRAULICA;441.31;441.31;506.47090804337165
2016-02-06;SAN CARLOS;ISGG;TX5;15;181623.12;487.0;487.0;HIDRAULICA;441.31;441.31;499.30107255811896
2016-02-06;SAN CARLOS;ISGG;TX5;16;84392.83;487.0;487.0;HIDRAULICA;441.31;441.31;499.3788909095723
2016-02-06;PAGUA;ENDG;TX5;17;581215.0;480.0;480.0;HIDRAULICA;441.31;441.31;491.5522657579786
2016-02-06;SAN CARLOS;ISGG;TX5;18;742112.02;487.0;487.0;HIDRAULICA;441.31;441.31;502.83275618585066
2016-02-06;SAN CARLOS;ISGG;TX5;19;874042.42;487.0;487.0;HIDRAULICA;441.31;441.31;503.7346456567636
2016-02-06;SAN CARLOS;ISGG;TX5;20;657532.02;487.0;487.0;HIDRAULICA;441.31;441.31;500.8855189583875
2016-02-06;CHIVOR;CHVG;TX5;21;170268.42;565.15;565.15;HIDRAULICA;441.31;441.31;584.7276068987918
2016-02-06;SAN CARLOS;ISGG;TX5;22;1083748.73;487.0;487.0;HIDRAULICA;441.31;441.31;502.45768175350474
2016-02-06;SAN CARLOS;ISGG;TX5;23;465404.25;487.0;487.0;HIDRAULICA;441.31;441.31;499.6278446311172
2016-02-07;GUATRON;EPMG;TX5;0;435289.73;450.0;450.0;HIDRAULICA;441.31;441.31;460.3685004225556
2016-02-07;GUATRON;EPMG;TX5;1;42971.62;450.0;450.0;HIDRAULICA;441.31;441.31;465.23128361060685
2016-02-07;LA TASAJERA;EPMG;TX5;2;232835.86;440.0;440.0;HIDRAULICA;439.08;439.08;454.4232584564704
2016-02-07;LA TASAJERA;EPMG;TX5;3;96043.93;440.0;440.0;HIDRAULICA;439.08;439.08;452.7052735986763
2016-02-07;LA TASAJERA;EPMG;TX5;4;41314.59;440.0;440.0;HIDRAULICA;439.08;439.08;449.6965390052348
2016-02-07;LA TASAJERA;EPMG;TX5;5;55387.69;440.0;440.0;HIDRAULICA;439.08;439.08;449.5403662105985
2016-02-07;GUATAPE;EPMG;TX5;6;278208.78;430.0;430.0;HIDRAULICA;365.25;365.25;441.3438386544271
2016-02-07;LA TASAJERA;EPMG;TX5;7;73912.28;440.0;440.0;HIDRAULICA;439.08;439.08;453.44579516172024
2016-02-07;GUATRON;EPMG;TX5;8;198059.39;450.0;450.0;HIDRAULICA;441.31;441.31;466.1371541489631
2016-02-07;GUATRON;EPMG;TX5;9;450234.31;450.0;450.0;HIDRAULICA;441.31;441.31;464.63017250063507
2016-02-07;GUATRON;EPMG;TX5;10;512000.0;450.0;450.0;HIDRAULICA;441.31;441.31;465.33901507135795
2016-02-07;GUATRON;EPMG;TX5;11;512000.0;450.0;450.0;HIDRAULICA;441.31;441.31;467.4698456807306
2016-02-07;GUATRON;EPMG;TX5;12;512000.0;450.0;450.0;HIDRAULICA;441.31;441.31;465.920253562239
2016-02-07;GUATRON;EPMG;TX5;13;512000.0;450.0;450.0;HIDRAULICA;441.31;441.31;459.48584687926143
2016-02-07;GUATRON;EPMG;TX5;14;512000.0;450.0;450.0;HIDRAULICA;441.31;441.31;459.7527943307512
2016-02-07;GUATRON;EPMG;TX5;15;512000.0;450.0;450.0;HIDRAULICA;441.31;441.31;464.4948990470715
2016-02-07;GUATRON;EPMG;TX5;16;512000.0;450.0;450.0;HIDRAULICA;441.31;441.31;466.2293229055669
2016-02-07;GUATRON;EPMG;TX5;17;512000.0;450.0;450.0;HIDRAULICA;441.31;441.31;467.91007239182346
2016-02-07;GUATRON;EPMG;TX5;18;512000.0;450.0;450.0;HIDRAULICA;441.31;441.31;465.7637236997368
2016-02-07;SAN CARLOS;ISGG;TX5;19;534333.03;478.5;478.5;HIDRAULICA;441.31;441.31;493.68210362331575
2016-02-07;SAN CARLOS;ISGG;TX5;20;461552.41;478.5;478.5;HIDRAULICA;441.31;441.31;488.73100628314194
2016-02-07;SAN CARLOS;ISGG;TX5;21;306118.48;478.5;478.5;HIDRAULICA;441.31;441.31;496.17014227658996
2016-02-07;GUATRON;EPMG;TX5;22;512000.0;450.0;450.0;HIDRAULICA;441.31;441.31;462.15564209799936
2016-02-07;GUATRON;EPMG;TX5;23;512000.0;450.0;450.0;HIDRAULICA;441.31;441.31;466.8309963092048
2016-02-08;TEBSAB;GECG;TX5;0;785233.01;344.19;344.19;AUTOG;278.67;344.19;355.09007949239856
2016-02-08;MERILECTRICA 1;CIVG;TX5;1;120114.54;350.0;350.0;TERMICA;346.6;350.0;362.58989977075396
2016-02-08;MERILECTRICA 1;CIVG;TX5;2;93773.5;350.0;350.0;TERMICA;346.6;350.0;362.8388967836598
2016-02-08;BARRANQUILLA 4;GECG;TX5;3;44760.55;346.6;346.6;TERMICA;345.59;346.6;355.6141771982229
2016-02-08;TERMOCENTRO CC;ISGG;TX5;4;110424.19;367.82;367.82;TERMICA;350.0;367.82;378.2788071619507
2016-02-08;CARTAGENA 1;ENDG;TX5;5;31993.1;439.08;439.08;TERMICA;434.49;439.08;454.38107639339165
2016-02-08;GUATAPE;EPMG;TX5;6;413103.65;430.0;430.0;HIDRAULICA;367.82;367.82;439.48252032626306
2016-02-08;PLAYAS;EPMG;TX5;7;171391.98;450.0;450.0;HIDRAULICA;441.31;441.31;464.2511579406299
2016-02-08;PORCE III;EPMG;TX5;8;475794.98;460.0;460.0;HIDRAULICA;441.31;441.31;474.9131898119023
2016-02-08;PAGUA;ENDG;TX5;9;172584.36;465.0;465.0;HIDRAULICA;441.31;441.31;480.4116660520759
2016-02-08;PAGUA;ENDG;TX5;10;189472.25;465.0;465.0;HIDRAULICA;441.31;441.31;479.9075215047652
2016-02-08;BETANIA;ENDG;TX5;11;312415.36;466.0;466.0;HIDRAULICA;441.31;441.31;483.8936054576481
2016-02-08;PAGUA;ENDG;TX5;12;196147.64;465.0;465.0;HIDRAULICA;441.31;441.31;479.19385251026836
2016-02-08;PAGUA;ENDG;TX5;13;217369.49;465.0;465.0;HIDRAULICA;441.31;441.31;479.1698273645351
2016-02-08;BETANIA;ENDG;TX5;14;117459.79;466.0;466.0;HIDRAULICA;441.31;441.31;477.4032790994086
2016-02-08;PAGUA;ENDG;TX5;15;384641.84;465.0;465.0;HIDRAULICA;441.31;441.31;481.11608454099263
2016-02-08;PAGUA;ENDG;TX5;16;254997.58;465.0;465.0;HIDRAULICA;441.31;441.31;477.51154327381266
2016-02-08;PORCE III;EPMG;TX5;17;678049.45;460.0;460.0;HIDRAULICA;441.31;441.31;474.43432786385625
2016-02-08;BETANIA;ENDG;TX5;18;130807.92;466.0;466.0;HIDRAULICA;441.31;441.31;477.5106369947208
2016-02-08;SAN CARLOS;ISGG;TX5;19;202850.64;478.5;478.5;HIDRAULICA;441.31;441.31;491.2089605653461
2016-02-08;BETANIA;ENDG;TX5;20;289869.22;466.0;466.0;HIDRAULICA;441.31;441.31;480.1233139799214
2016-02-08;PAGUA;ENDG;TX5;21;190087.89;465.0;465.0;HIDRAULICA;441.31;441.31;475.747435424758
2016-02-08;PORCE III;EPMG;TX5;22;196307.14;460.0;460.0;HIDRAULICA;441.31;441.31;474.37731200218604
2016-02-08;GUATAPE;EPMG;TX5;23;237670.6;430.0;430.0;HIDRAULICA;367.82;367.82;446.11732339666617
2016-02-09;SAN CARLOS;ISGG;TX5;0;163833.0;368.0;368.0;HIDRAULICA;367.82;367.82;381.0363973701253
2016-02-09;TERMOEMCALI 1;TEMG;TX5;1;193131.54;364.05;364.05;AUTOG;350.0;364.05;372.61877772852847
2016-02-09;TERMOCENTRO CC;ISGG;TX5;2;162716.52;367.82;367.82;TERMICA;350.0;367.82;376.8494584614943
2016-02-09;TERMOEMCALI 1;TEMG;TX5;3;188841.6;364.05;364.05;AUTOG;350.0;364.05;377.18744464991767
2016-02-09;SAN CARLOS;ISGG;TX5;4;154667.22;368.0;368.0;HIDRAULICA;367.82;367.82;381.6541825129305
2016-02-09;SAN CARLOS;ISGG;TX5;5;744534.77;368.0;368.0;HIDRAULICA;367.82;367.82;378.72339745474284
2016-02-09;SAN CARLOS;ISGG;TX5;6;815794.65;368.0;368.0;HIDRAULICA;367.82;367.82;379.3597370545176
2016-02-09;SAN CARLOS;ISGG;TX5;7;1122680.73;368.0;368.0;HIDRAULICA;367.82;367.82;376.42125834288464
2016-02-09;GUATAPE;EPMG;TX5;8;123898.36;430.0;430.0;HIDRAULICA;367.82;367.82;439.5918542463848
2016-02-09;PORCE III;EPMG;TX5;9;183785.34;455.0;455.0;HIDRAULICA;439.08;439.08;471.96038906531726
2016-02-09;PORCE III;EPMG;TX5;10;523286.91;455.0;455.0;HIDRAULICA;439.08;439.08;465.29182113824487
2016-02-09;PORCE III;EPMG;TX5;11;654639.92;455.0;455.0;HIDRAULICA;439.08;439.08;472.0243361352387
2016-02-09;PORCE III;EPMG;TX5;12;208609.7;455.0;455.0;HIDRAULICA;439.08;439.08;468.1176914496495
2016-02-09;PORCE III;EPMG;TX5;13;134883.91;455.0;455.0;HIDRAULICA;439.08;439.08;466.4589338662378
2016-02-09;PORCE III;EPMG;TX5;14;316561.24;455.0;455.0;HIDRAULICA;439.08;439.08;464.8948972881808
2016-02-09;PORCE III;EPMG;TX5;15;227141.87;455.0;455.0;HIDRAULICA;439.08;439.08;467.94472580214756
2016-02-09;PLAYAS;EPMG;TX5;16;179924.09;450.0;450.0;HIDRAULICA;439.08;439.08;459.21189357739826
2016-02-09;CARTAGENA 1;ENDG;TX5;17;49838.53;439.08;439.08;TERMICA;367.82;439.08;450.32668487056117
2016-02-09;PORCE III;EPMG;TX5;18;166031.32;455.0;455.0;HIDRAULICA;439.08;439.08;470.92553081296194
2016-02-09;PORCE III;EPMG;TX5;19;499043.23;455.0;455.0;HIDRAULICA;439.08;439.08;470.41669978052613
2016-02-09;PORCE III;EPMG;TX5;20;244904.51;455.0;455.0;HIDRAULICA;439.08;439.08;465.6294219530906
2016-02-09;BETANIA;ENDG;TX5;21;80379.18;465.0;465.0;HIDRAULICA;439.08;439.08;477.06852590054723
2016-02-09;SAN CARLOS;ISGG;TX5;22;1238791.12;368.0;368.0;HIDRAULICA;367.82;367.82;382.54134661971455
2016-02-09;SAN CARLOS;ISGG;TX5;23;642648.4;368.0;368.0;HIDRAULICA;367.82;367.82;381.956031688503
2016-02-10;SAN CARLOS;ISGG;TX5;0;916319.47;358.0;358.0;HIDRAULICA;350.0;350.0;370.7468365370567
2016-02-10;SAN CARLOS;ISGG;TX5;1;699674.73;358.0;358.0;HIDRAULICA;350.0;350.0;369.0108144915566
2016-02-10;SAN CARLOS;ISGG;TX5;2;837427.48;358.0;358.0;HIDRAULICA;350.0;350.0;366.01943996542565
2016-02-10;SAN CARLOS;ISGG;TX5;3;777716.9;358.0;358.0;HIDRAULICA;350.0;350.0;367.61733271149615
2016-02-10;SAN CARLOS;ISGG;TX5;4;953064.05;358.0;358.0;HIDRAULICA;350.0;350.0;370.59460125189264
2016-02-10;GUATAPE;EPMG;TX5;5;52353.37;430.0;430.0;HIDRAULICA;350.0;350.0;446.8914310653615
2016-02-10;GUATAPE;EPMG;TX5;6;77624.67;430.0;430.0;HIDRAULICA;350.0;350.0;438.6873793131607
2016-02-10;GUATAPE;EPMG;TX5;7;408468.01;430.0;430.0;HIDRAULICA;350.0;350.0;438.9616156622816
2016-02-10;GUATRON;EPMG;TX5;8;411131.39;440.0;440.0;HIDRAULICA;434.49;434.49;454.337211583785
2016-02-10;GUATRON;EPMG;TX5;9;453844.41;440.0;440.0;HIDRAULICA;434.49;434.49;450.6800652089793
2016-02-10;PAGUA;ENDG;TX5;10;138921.64;460.0;460.0;HIDRAULICA;434.49;434.49;471.10700239088345
2016-02-10;PAGUA;ENDG;TX5;11;346151.45;460.0;460.0;HIDRAULICA;434.49;434.49;469.800919772981
2016-02-10;PAGUA;ENDG;TX5;12;190387.47;460.0;460.0;HIDRAULICA;434.49;434.49;470.2156476878053
2016-02-10;PAGUA;ENDG;TX5;13;220768.6;460.0;460.0;HIDRAULICA;434.49;434.49;478.2353356879532
2016-02-10;BETANIA;ENDG;TX5;14;107549.0;461.0;461.0;HIDRAULICA;434.49;434.49;474.22470862240965
2016-02-10;BETANIA;ENDG;TX5;15;268443.23;461.0;461.0;HIDRAULICA;434.49;434.49;479.12293308904896
2016-02-10;PAGUA;ENDG;TX5;16;234559.85;460.0;460.0;HIDRAULICA;434.49;434.49;477.693234132587
2016-02-10;BETANIA;ENDG;TX5;17;71255.46;461.0;461.0;HIDRAULICA;434.49;434.49;476.0278335359421
2016-02-10;BETANIA;ENDG;TX5;18;70512.06;461.0;461.0;HIDRAULICA;434.49;434.49;479.18779916478843
2016-02-10;CHIVOR;CHVG;TX5;19;50806.73;472.69;472.69;HIDRAULICA;434.49;434.49;485.9373830002346
2016-02-10;BETANIA;ENDG;TX5;20;153364.51;461.0;461.0;HIDRAULICA;434.49;434.49;478.1503166534994
2016-02-10;BETANIA;ENDG;TX5;21;103997.56;461.0;461.0;HIDRAULICA;434.49;434.49;478.241713846828
2016-02-10;GUATAPE;EPMG;TX5;22;266324.02;430.0;430.0;HIDRAULICA;350.0;350.0;441.52595130753116
2016-02-10;TERMOSIERRAB;EPMG;TX5;23;329209.83;365.7;365.7;AUTOG;350.0;365.7;378.90138092072164
2016-02-11;PORCE II;EPMG;TX5;0;405000.0;445.0;445.0;HIDRAULICA;441.31;441.31;462.26312650884205
2016-02-11;PORCE II;EPMG;TX5;1;405000.0;445.0;445.0;HIDRAULICA;441.31;441.31;459.3689126820918
2016-02-11;PORCE II;EPMG;TX5;2;405000.0;445.0;445.0;HIDRAULICA;441.31;441.31;462.46490881103347
2016-02-11;PORCE II;EPMG;TX5;3;405000.0;445.0;445.0;HIDRAULICA;441.31;441.31;456.9727108656132
2016-02-11;PORCE II;EPMG;TX5;4;405000.0;445.0;445.0;HIDRAULICA;441.31;441.31;457.0179377546526
2016-02-11;SAN CARLOS;ISGG;TX5;5;76376.47;451.0;451.0;HIDRAULICA;441.31;441.31;468.01637129069
2016-02-11;SAN CARLOS;ISGG;TX5;6;208827.12;451.0;451.0;HIDRAULICA;441.31;441.31;460.1334529828854
2016-02-11;SAN CARLOS;ISGG;TX5;7;509830.82;451.0;451.0;HIDRAULICA;441.31;441.31;460.4834926124708
2016-02-11;SAN CARLOS;ISGG;TX5;8;1005511.39;451.0;451.0;HIDRAULICA;441.31;441.31;467.83708402593203
2016-02-11;ALBAN;EPSG;TX5;9;43410.42;455.0;455.0;AUTOG;441.31;455.0;467.6502118596249
2016-02-11;PAGUA;ENDG;TX5;10;121174.32;460.0;460.0;HIDRAULICA;441.31;441.31;477.0918917102505
2016-02-11;PAGUA;ENDG;TX5;11;349953.11;460.0;460.0;HIDRAULICA;441.31;441.31;469.75579341225495
2016-02-11;PAGUA;ENDG;TX5;12;188825.07;460.0;460.0;HIDRAULICA;441.31;441.31;476.6148935116199
2016-02-11;PAGUA;ENDG;TX5;13;185753.91;460.0;460.0;HIDRAULICA;441.31;441.31;472.3522854902711
2016-02-11;PAGUA;ENDG;TX5;14;391906.98;460.0;460.0;HIDRAULICA;441.31;441.31;471.18918927378564
2016-02-11;BETANIA;ENDG;TX5;15;80722.16;461.0;461.0;HIDRAULICA;441.31;441.31;475.00570303057964
2016-02-11;PAGUA;ENDG;TX5;16;215323.78;460.0;460.0;HIDRAULICA;441.31;441.31;474.69070044272854
2016-02-11;ALBAN;EPSG;TX5;17;167943.5;455.0;455.0;AUTOG;441.31;455.0;465.7208057115719
2016-02-11;PAGUA;ENDG;TX5;18;348054.76;460.0;460.0;HIDRAULICA;441.31;441.31;473.55388211766063
2016-02-11;LA TASAJERA;EPMG;TX5;19;46426.32;475.0;475.0;HIDRAULICA;441.31;441.31;493.8795623608921
2016-02-11;BETANIA;ENDG;TX5;20;160812.61;461.0;461.0;HIDRAULICA;441.31;441.31;470.42722286905854
2016-02-11;BETANIA;ENDG;TX5;21;118832.71;461.0;461.0;HIDRAULICA;441.31;441.31;477.82031566177835
2016-02-11;SAN CARLOS;ISGG;TX5;22;784570.48;451.0;451.0;HIDRAULICA;441.31;441.31;462.92802133089253
2016-02-11;SAN CARLOS;ISGG;TX5;23;104173.86;451.0;451.0;HIDRAULICA;441.31;441.31;468.4666192524635
2016-02-12;GUATRON;EPMG;TX5;0;298082.6;440.0;440.0;HIDRAULICA;439.08;439.08;452.48639498350644
2016-02-12;CARTAGENA 1;ENDG;TX5;1;47949.92;439.08;439.08;TERMICA;434.49;439.08;454.26344045025445
2016-02-12;GUATAPE;EPMG;TX5;2;381597.16;400.0;400.0;HIDRAULICA;350.0;350.0;413.36524681205543
2016-02-12;GUATAPE;EPMG;TX5;3;368842.65;400.0;400.0;HIDRAULICA;350.0;350.0;414.2504223539937
2016-02-12;GUATRON;EPMG;TX5;4;97039.49;440.0;440.0;HIDRAULICA;439.08;439.08;449.6910130929465
2016-02-12;GUAVIO;ENDG;TX5;5;208476.65;458.0;458.0;HIDRAULICA;441.31;441.31;474.8895113197172
2016-02-12;GUAVIO;ENDG;TX5;6;301823.26;458.0;458.0;HIDRAULICA;441.31;441.31;468.40462192668053
2016-02-12;GUAVIO;ENDG;TX5;7;652429.05;458.0;458.0;HIDRAULICA;441.31;441.31;472.2091593339942
2016-02-12;GUAVIO;ENDG;TX5;8;1127496.05;458.0;458.0;HIDRAULICA;441.31;441.31;471.07298493879085
2016-02-12;PORCE III;EPMG;TX5;9;525950.43;465.0;465.0;HIDRAULICA;441.31;441.31;482.35636530824485
2016-02-12;LA TASAJERA;EPMG;TX5;10;74958.86;485.0;485.0;HIDRAULICA;441.31;441.31;501.89974045712495
2016-02-12;LA TASAJERA;EPMG;TX5;11;277326.54;485.0;485.0;HIDRAULICA;441.31;441.31;500.7417136708184
2016-02-12;PORCE III;EPMG;TX5;12;700000.0;465.0;465.0;HIDRAULICA;441.31;441.31;483.56995154509815
2016-02-12;LA TASAJERA;EPMG;TX5;13;93273.2;485.0;485.0;HIDRAULICA;441.31;441.31;503.52907257435663
2016-02-12;SAN CARLOS;ISGG;TX5;14;129260.43;505.1;505.1;HIDRAULICA;441.31;441.31;515.965184805652
2016-02-12;SAN CARLOS;ISGG;TX5;15;152268.66;505.1;505.1;HIDRAULICA;441.31;441.31;524.873778642825
2016-02-12;LA TASAJERA;EPMG;TX5;16;290332.49;485.0;485.0;HIDRAULICA;441.31;441.31;503.9231884795955
2016-02-12;PORCE III;EPMG;TX5;17;630464.81;465.0;465.0;HIDRAULICA;441.31;441.31;478.7389202166293
2016-02-12;LA TASAJERA;EPMG;TX5;18;280926.3;485.0;485.0;HIDRAULICA;441.31;441.31;502.95828122828203
2016-02-12;SAN CARLOS;ISGG;TX5;19;351140.6;505.1;505.1;HIDRAULICA;441.31;441.31;523.3496518847622
2016-02-12;SAN CARLOS;ISGG;TX5;20;39140.06;505.1;505.1;HIDRAULICA;441.31;441.31;522.6198193133462
2016-02-12;PORCE III;EPMG;TX5;21;642324.24;465.0;465.0;HIDRAULICA;441.31;441.31;475.0640543881325
2016-02-12;GUAVIO;ENDG;TX5;22;1039155.05;458.0;458.0;HIDRAULICA;441.31;441.31;472.43467139443624
2016-02-12;GUAVIO;ENDG;TX5;23;367558.05;458.0;458.0;HIDRAULICA;441.31;441.31;474.83071940543005
2016-02-13;GUAVIO;ENDG;TX5;0;552301.89;470.0;470.0;HIDRAULICA;439.08;439.08;488.232891401551
2016-02-13;GUAVIO;ENDG;TX5;1;222820.52;470.0;470.0;HIDRAULICA;439.08;439.08;483.73620763670743
2016-02-13;GUAVIO;ENDG;TX5;2;108103.59;470.0;470.0;HIDRAULICA;439.08;439.08;484.25504882007505
2016-02-13;PLAYAS;EPMG;TX5;3;180237.14;450.0;450.0;HIDRAULICA;439.08;439.08;460.91865874762055
2016-02-13;GUAVIO;ENDG;TX5;4;71850.15;470.0;470.0;HIDRAULICA;439.08;439.08;483.84015937177156
2016-02-13;GUAVIO;ENDG;TX5;5;257567.69;470.0;470.0;HIDRAULICA;439.08;439.08;480.40114915272846
2016-02-13;GUAVIO;ENDG;TX5;6;318857.23;470.0;470.0;HIDRAULICA;439.08;439.08;485.38635787953103
2016-02-13;GUAVIO;ENDG;TX5;7;779941.29;470.0;470.0;HIDRAULICA;439.08;439.08;482.4553127984738
2016-02-13;PORCE III;EPMG;TX5;8;170382.99;510.0;510.0;HIDRAULICA;439.08;439.08;524.0286505731156
2016-02-13;PORCE III;EPMG;TX5;9;670529.91;510.0;510.0;HIDRAULICA;439.08;439.08;522.0120023379453
2016-02-13;CHIVOR;CHVG;TX5;10;58804.49;536.1;536.1;HIDRAULICA;439.08;439.08;550.5334998312363
2016-02-13;CHIVOR;CHVG;TX5;11;262703.11;536.1;536.1;HIDRAULICA;439.08;439.08;550.8819932086994
2016-02-13;CHIVOR;CHVG;TX5;12;333784.96;536.1;536.1;HIDRAULICA;439.08;439.08;549.3521758374349
2016-02-13;CHIVOR;CHVG;TX5;13;242590.51;536.1;536.1;HIDRAULICA;439.08;439.08;556.5130332698055
2016-02-13;CHIVOR;CHVG;TX5;14;129474.76;536.1;536.1;HIDRAULICA;439.08;439.08;546.8335744490817
2016-02-13;LA TASAJERA;EPMG;TX5;15;245813.98;530.0;530.0;HIDRAULICA;439.08;439.08;549.7236479551608
2016-02-13;LA TASAJERA;EPMG;TX5;16;85445.57;530.0;530.0;HIDRAULICA;439.08;439.08;541.3563191813221
2016-02-13;CHIVOR;CHVG;TX5;17;68781.76;536.1;536.1;HIDRAULICA;439.08;439.08;548.9751046276003
2016-02-13;CHIVOR;CHVG;TX5;18;501016.83;536.1;536.1;HIDRAULICA;439.08;439.08;554.029856079524
2016-02-13;CHIVOR;CHVG;TX5;19;875000.0;536.1;536.1;HIDRAULICA;439.08;439.08;549.022005217055
2016-02-13;CHIVOR;CHVG;TX5;20;366390.6;536.1;536.1;HIDRAULICA;439.08;439.08;555.7338475623758
2016-02-13;LA TASAJERA;EPMG;TX5;21;237055.11;530.0;530.0;HIDRAULICA;439.08;439.08;545.2212211874024
2016-02-13;PORCE III;EPMG;TX5;22;367361.83;510.0;510.0;HIDRAULICA;439.08;439.08;527.5454455744424
2016-02-13;GUAVIO;ENDG;TX5;23;1089734.52;470.0;470.0;HIDRAULICA;439.08;439.08;484.186455823115
2016-02-14;GUAVIO;ENDG;TX5;0;771060.45;525.0;525.0;HIDRAULICA;439.08;439.08;536.4658031401641
2016-02-14;GUAVIO;ENDG;TX5;1;458997.71;525.0;525.0;HIDRAULICA;439.08;439.08;540.5642445798183
2016-02-14;GUAVIO;ENDG;TX5;2;439676.81;525.0;525.0;HIDRAULICA;439.08;439.08;545.8295867525163
2016-02-14;GUAVIO;ENDG;TX5;3;407071.47;525.0;525.0;HIDRAULICA;439.08;439.08;544.6213792829244
2016-02-14;GUAVIO;ENDG;TX5;4;288616.25;525.0;525.0;HIDRAULICA;439.08;439.08;542.5291677532114
2016-02-14;GUAVIO;ENDG;TX5;5;392972.33;525.0;525.0;HIDRAULICA;439.08;439.08;537.5145902879628
2016-02-14;GUAVIO;ENDG;TX5;6;489574.62;525.0;525.0;HIDRAULICA;439.08;439.08;538.0176426696459
2016-02-14;GUAVIO;ENDG;TX5;7;667763.65;525.0;525.0;HIDRAULICA;439.08;439.08;538.3626471759083
2016-02-14;GUAVIO;ENDG;TX5;8;933473.8;525.0;525.0;HIDRAULICA;439.08;439.08;539.7857485585569
2016-02-14;ALBAN;EPSG;TX5;9;48846.98;532.0;532.0;AUTOG;439.08;532.0;549.8657133814174
2016-02-14;ALBAN;EPSG;TX5;10;196326.13;532.0;532.0;AUTOG;439.08;532.0;546.9544013070843
2016-02-14;LA TASAJERA;EPMG;TX5;11;208640.0;560.0;560.0;HIDRAULICA;439.08;439.08;573.5514405574263
2016-02-14;CHIVOR;CHVG;TX5;12;132577.77;583.1;583.1;HIDRAULICA;439.08;439.08;599.3453022001926
2016-02-14;CHIVOR;CHVG;TX5;13;95493.2;583.1;583.1;HIDRAULICA;439.08;439.08;595.9392497583043
2016-02-14;LA TASAJERA;EPMG;TX5;14;209001.0;560.0;560.0;HIDRAULICA;439.08;439.08;576.0677864004421
2016-02-14;LA TASAJERA;EPMG;TX5;15;58647.93;560.0;560.0;HIDRAULICA;439.08;439.08;576.553434296989
2016-02-14;ALBAN;EPSG;TX5;16;194904.0;532.0;532.0;AUTOG;439.08;532.0;543.3206606076576
2016-02-14;ALBAN;EPSG;TX5;17;119093.32;532.0;532.0;AUTOG;439.08;532.0;543.2934067369281
2016-02-14;CHIVOR;CHVG;TX5;18;354682.22;583.1;583.1;HIDRAULICA;439.08;439.08;600.7763041943928
2016-02-14;SAN CARLOS;ISGG;TX5;19;77893.75;605.0;605.0;HIDRAULICA;439.08;439.08;623.699655598484
2016-02-14;CHIVOR;CHVG;TX5;20;570002.87;583.1;583.1;HIDRAULICA;439.08;439.08;597.9314765985756
2016-02-14;CHIVOR;CHVG;TX5;21;300528.99;583.1;583.1;HIDRAULICA;439.08;439.08;597.0212122428014
2016-02-14;LA TASAJERA;EPMG;TX5;22;53533.94;560.0;560.0;HIDRAULICA;439.08;439.08;579.7531682301337
2016-02-14;GUAVIO;ENDG;TX5;23;903885.28;525.0;525.0;HIDRAULICA;439.08;439.08;536.0981666964867
2016-02-15;PORCE III;EPMG;TX5;0;308617.01;435.0;435.0;HIDRAULICA;434.49;434.49;445.54470167937876
2016-02-15;GUATAPE;EPMG;TX5;1;348616.14;400.0;400.0;HIDRAULICA;371.76;371.76;408.3363134781833
2016-02-15;GUATAPE;EPMG;TX5;2;247819.01;400.0;400.0;HIDRAULICA;371.76;371.76;411.4022552232383
2016-02-15;GUATAPE;EPMG;TX5;3;282007.42;400.0;400.0;HIDRAULICA;371.76;371.76;408.4192232961494
2016-02-15;PLAYAS;EPMG;TX5;4;107972.1;420.0;420.0;HIDRAULICA;371.76;371.76;436.4878212331499
2016-02-15;PORCE III;EPMG;TX5;5;556128.87;435.0;435.0;HIDRAULICA;434.49;434.49;445.0076401586807
2016-02-15;LA TASAJERA;EPMG;TX5;6;10426.9;560.0;560.0;HIDRAULICA;439.08;439.08;572.3338288220839
2016-02-15;MIEL I;ISGG;TX5;7;102177.52;580.0;580.0;HIDRAULICA;439.08;439.08;600.3968821883634
2016-02-15;CHIVOR;CHVG;TX5;8;455436.59;670.7;670.7;HIDRAULICA;439.08;439.08;689.9851890666533
2016-02-15;CHIVOR;CHVG;TX5;9;823994.88;670.7;670.7;HIDRAULICA;439.08;439.08;684.8123458777851
2016-02-15;GUATRON;EPMG;TX5;10;276618.33;690.0;690.0;HIDRAULICA;439.08;439.08;705.3254545420607
2016-02-15;PORCE II;EPMG;TX5;11;86545.16;700.0;700.0;HIDRAULICA;439.08;439.08;727.8249211611884
2016-02-15;GUATRON;EPMG;TX5;12;418315.63;690.0;690.0;HIDRAULICA;439.08;439.08;709.6594172120573
2016-02-15;PORCE II;EPMG;TX5;13;110476.26;700.0;700.0;HIDRAULICA;439.08;439.08;720.9550630655484
2016-02-15;PORCE II;EPMG;TX5;14;205083.78;700.0;700.0;HIDRAULICA;439.08;439.08;720.5095731986522
2016-02-15;PORCE II;EPMG;TX5;15;243699.97;700.0;700.0;HIDRAULICA;439.08;439.08;727.3164224519729
2016-02-15;PORCE II;EPMG;TX5;16;141975.48;700.0;700.0;HIDRAULICA;439.08;439.08;716.2574500292577
2016-02-15;GUATRON;EPMG;TX5;17;386337.64;690.0;690.0;HIDRAULICA;439.08;439.08;707.5310695453372
2016-02-15;PORCE II;EPMG;TX5;18;297565.46;700.0;700.0;HIDRAULICA;439.08;439.08;724.4345111817663
2016-02-15;GUAVIO;ENDG;TX5;19;258088.51;800.0;800.0;HIDRAULICA;439.08;439.08;831.2514405224103
2016-02-15;BETANIA;ENDG;TX5;20;67823.8;876.61;876.61;HIDRAULICA;439.08;439.08;909.2170958441753
2016-02-15;GUATRON;EPMG;TX5;21;461866.33;690.0;690.0;HIDRAULICA;439.08;439.08;709.332404122156
2016-02-15;CHIVOR;CHVG;TX5;22;628641.45;670.7;670.7;HIDRAULICA;439.08;439.08;691.4180240435326
2016-02-15;LA TASAJERA;EPMG;TX5;23;252214.35;560.0;560.0;HIDRAULICA;439.08;439.08;578.1576272312002
2016-02-16;SAN CARLOS;ISGG;TX5;0;749543.73;518.0;518.0;HIDRAULICA;422.24;422.24;533.1218608511634
2016-02-16;SAN CARLOS;ISGG;TX5;1;500395.8;518.0;518.0;HIDRAULICA;422.24;422.24;530.7047396593584
2016-02-16;SAN CARLOS;ISGG;TX5;2;386840.88;518.0;518.0;HIDRAULICA;422.24;422.24;533.6150737253997
2016-02-16;SAN CARLOS;ISGG;TX5;3;452660.9;518.0;518.0;HIDRAULICA;422.24;422.24;530.8528760288809
2016-02-16;SAN CARLOS;ISGG;TX5;4;581547.57;518.0;518.0;HIDRAULICA;422.24;422.24;537.6692498338099
2016-02-16;SAN CARLOS;ISGG;TX5;5;1221597.88;518.0;518.0;HIDRAULICA;422.24;422.24;531.9460292652477
2016-02-16;LA TASAJERA;EPMG;TX5;6;97601.01;590.0;590.0;HIDRAULICA;422.24;422.24;605.893983471108
2016-02-16;ALBAN;EPSG;TX5;7;156843.48;620.0;620.0;AUTOG;422.24;620.0;638.0959675683704
2016-02-16;GUAVIO;ENDG;TX5;8;439643.07;660.0;660.0;HIDRAULICA;422.24;422.24;681.0173196457198
2016-02-16;GUAVIO;ENDG;TX5;9;762261.19;660.0;660.0;HIDRAULICA;422.24;422.24;678.4552757422903
2016-02-16;GUAVIO;ENDG;TX5;10;1137563.52;660.0;660.0;HIDRAULICA;422.24;422.24;683.1841249944619
2016-02-16;PORCE II;EPMG;TX5;11;233318.71;840.0;840.0;HIDRAULICA;714.54;714.54;869.4209726181177
2016-02-16;PORCE II;EPMG;TX5;12;279392.33;840.0;840.0;HIDRAULICA;714.54;714.54;860.4245993745678
2016-02-16;GUATRON;EPMG;TX5;13;16656.36;850.0;850.0;HIDRAULICA;714.54;714.54;881.3407131285518
2016-02-16;GUATRON;EPMG;TX5;14;127523.31;850.0;850.0;HIDRAULICA;714.54;714.54;878.5283861888107
2016-02-16;GUATRON;EPMG;TX5;15;169948.58;850.0;850.0;HIDRAULICA;714.54;714.54;872.7584497250326
2016-02-16;PORCE II;EPMG;TX5;16;400379.77;840.0;840.0;HIDRAULICA;714.54;714.54;864.94246284026
2016-02-16;PORCE II;EPMG;TX5;17;111238.3;840.0;840.0;HIDRAULICA;714.54;714.54;871.9379604174825
2016-02-16;GUATRON;EPMG;TX5;18;225069.47;850.0;850.0;HIDRAULICA;714.54;714.54;870.9245001913422
2016-02-16;GUATRON;EPMG;TX5;19;481474.06;850.0;850.0;HIDRAULICA;714.54;714.54;875.3591823480142
2016-02-16;GUATRON;EPMG;TX5;20;304536.62;850.0;850.0;HIDRAULICA;714.54;714.54;882.3132318734911
2016-02-16;PORCE II;EPMG;TX5;21;289784.1;840.0;840.0;HIDRAULICA;714.54;714.54;869.22479280854
2016-02-16;GUAVIO;ENDG;TX5;22;770557.02;660.0;660.0;HIDRAULICA;422.24;422.24;677.33459587148
2016-02-16;ALBAN;EPSG;TX5;23;270685.41;620.0;620.0;AUTOG;422.24;620.0;641.848229282742
2016-02-17;GUAVIO;ENDG;TX5;0;169033.11;845.0;845.0;HIDRAULICA;714.54;714.54;877.6010605210264
2016-02-17;PORCE II;EPMG;TX5;1;207632.86;840.0;840.0;HIDRAULICA;714.54;714.54;866.7832858327847
2016-02-17;PORCE II;EPMG;TX5;2;111289.05;840.0;840.0;HIDRAULICA;714.54;714.54;871.3352751074566
2016-02-17;PORCE II;EPMG;TX5;3;81158.64;840.0;840.0;HIDRAULICA;714.54;714.54;865.2877729634984
2016-02-17;PORCE II;EPMG;TX5;4;253635.94;840.0;840.0;HIDRAULICA;714.54;714.54;861.2721745274678
2016-02-17;GUAVIO;ENDG;TX5;5;493811.61;845.0;845.0;HIDRAULICA;714.54;714.54;872.2928460470224
2016-02-17;GUAVIO;ENDG;TX5;6;603869.54;845.0;845.0;HIDRAULICA;714.54;714.54;865.6571022489899
2016-02-17;GUAVIO;ENDG;TX5;7;778267.54;845.0;845.0;HIDRAULICA;714.54;714.54;866.5574488325794
2016-02-17;CALIMA;EPSG;TX5;8;101277.98;876.5;876.5;HIDRAULICA;714.54;714.54;905.8739416846453
2016-02-17;SAN CARLOS;ISGG;TX5;9;219994.43;876.6;876.6;HIDRAULICA;714.54;714.54;904.0155358729545
2016-02-17;SAN CARLOS;ISGG;TX5;10;659073.84;876.6;876.6;HIDRAULICA;714.54;714.54;910.9056023541117
2016-02-17;SAN CARLOS;ISGG;TX5;11;885601.48;876.6;876.6;HIDRAULICA;714.54;714.54;901.6246717356361
2016-02-17;SAN CARLOS;ISGG;TX5;12;716396.38;876.6;876.6;HIDRAULICA;714.54;714.54;911.6108854023379
2016-02-17;SAN CARLOS;ISGG;TX5;13;805354.76;876.6;876.6;HIDRAULICA;714.54;714.54;895.651432433641
2016-02-17;SAN CARLOS;ISGG;TX5;14;1011365.97;876.6;876.6;HIDRAULICA;714.54;714.54;904.0832728187097
2016-02-17;SAN CARLOS;ISGG;TX5;15;1010802.45;876.6;876.6;HIDRAULICA;714.54;714.54;898.2658713907808
2016-02-17;SAN CARLOS;ISGG;TX5;16;892838.09;876.6;876.6;HIDRAULICA;714.54;714.54;902.2588576104154
2016-02-17;SAN CARLOS;ISGG;TX5;17;579709.85;876.6;876.6;HIDRAULICA;714.54;714.54;907.6358956284098
2016-02-17;SAN CARLOS;ISGG;TX5;18;1025853.71;876.6;876.6;HIDRAULICA;714.54;714.54;898.4487467559914
2016-02-17;SAN CARLOS;ISGG;TX5;19;1160442.16;876.6;876.6;HIDRAULICA;714.54;714.54;902.3541556251854
2016-02-17;SAN CARLOS;ISGG;TX5;20;916935.35;876.6;876.6;HIDRAULICA;714.54;714.54;904.3183397740542
2016-02-17;SAN CARLOS;ISGG;TX5;21;375986.13;876.6;876.6;HIDRAULICA;714.54;714.54;898.3391553042023
2016-02-17;GUAVIO;ENDG;TX5;22;948949.78;845.0;845.0;HIDRAULICA;714.54;714.54;869.7703706843678
2016-02-17;GUAVIO;ENDG;TX5;23;244335.32;845.0;845.0;HIDRAULICA;714.54;714.54;864.4641561999562
2016-02-18;LA TASAJERA;EPMG;TX5;0;249957.02;860.0;860.0;HIDRAULICA;714.54;714.54;882.778465882578
2016-02-18;LA TASAJERA;EPMG;TX5;1;18039.32;860.0;860.0;HIDRAULICA;714.54;714.54;884.39500300846
2016-02-18;GUATRON;EPMG;TX5;2;450445.8;850.0;850.0;HIDRAULICA;714.54;714.54;875.8817978832753
2016-02-18;GUATRON;EPMG;TX5;3;394823.87;850.0;850.0;HIDRAULICA;714.54;714.54;872.368924708518
2016-02-18;LA TASAJERA;EPMG;TX5;4;90033.18;860.0;860.0;HIDRAULICA;714.54;714.54;885.4773109059978
2016-02-18;SAN CARLOS;ISGG;TX5;5;159552.12;876.6;876.6;HIDRAULICA;714.54;714.54;902.5318254395706
2016-02-18;SAN CARLOS;ISGG;TX5;6;253214.27;876.6;876.6;HIDRAULICA;714.54;714.54;898.5059882411277
2016-02-18;SAN CARLOS;ISGG;TX5;7;466297.94;876.6;876.6;HIDRAULICA;714.54;714.54;899.3011575559798
2016-02-18;SAN CARLOS;ISGG;TX5;8;947666.88;876.6;876.6;HIDRAULICA;714.54;714.54;894.9971351016909
2016-02-18;SAN CARLOS;ISGG;TX5;9;1240000.0;876.6;876.6;HIDRAULICA;714.54;714.54;900.5368693002891
2016-02-18;GUAVIO;ENDG;TX5;10;339054.96;876.6;876.6;HIDRAULICA;714.54;714.54;906.7742229003607
2016-02-18;GUAVIO;ENDG;TX5;11;560123.24;876.6;876.6;HIDRAULICA;714.54;714.54;906.6967456029157
2016-02-18;GUAVIO;ENDG;TX5;12;316686.1;876.6;876.6;HIDRAULICA;714.54;714.54;894.508646835981
2016-02-18;GUAVIO;ENDG;TX5;13;407774.28;876.6;876.6;HIDRAULICA;714.54;714.54;896.058621482493
2016-02-18;GUAVIO;ENDG;TX5;14;630454.43;876.6;876.6;HIDRAULICA;714.54;714.54;897.8829553420213
2016-02-18;GUAVIO;ENDG;TX5;15;566831.23;876.6;876.6;HIDRAULICA;714.54;714.54;910.6246406315857
2016-02-18;GUAVIO;ENDG;TX5;16;412771.85;876.6;876.6;HIDRAULICA;714.54;714.54;894.480294985465
2016-02-18;GUAVIO;ENDG;TX5;17;79480.02;876.6;876.6;HIDRAULICA;714.54;714.54;909.7797121256425
2016-02-18;GUAVIO;ENDG;TX5;18;509046.33;876.6;876.6;HIDRAULICA;714.54;714.54;902.0616036446548
2016-02-18;GUAVIO;ENDG;TX5;19;894192.33;876.6;876.6;HIDRAULICA;714.54;714.54;909.8155728236152
2016-02-18;GUAVIO;ENDG;TX5;20;580028.0;876.6;876.6;HIDRAULICA;714.54;714.54;901.1706032966196
2016-02-18;GUAVIO;ENDG;TX5;21;225384.77;876.6;876.6;HIDRAULICA;714.54;714.54;898.167913337114
2016-02-18;SAN CARLOS;ISGG;TX5;22;772450.15;876.6;876.6;HIDRAULICA;714.54;714.54;899.7794092275713
2016-02-18;SAN CARLOS;ISGG;TX5;23;69516.69;876.6;876.6;HIDRAULICA;714.54;714.54;899.7448075717349
2016-02-19;PORCE III;EPMG;TX5;0;367459.03;870.0;870.0;HIDRAULICA;714.54;714.54;899.3743935315192
2016-02-19;PLAYAS;EPMG;TX5;1;191881.78;850.0;850.0;HIDRAULICA;714.54;714.54;877.0357826373787
2016-02-19;LA TASAJERA;EPMG;TX5;2;23234.8;875.0;875.0;HIDRAULICA;714.54;714.54;908.9863772572022
2016-02-19;LA TASAJERA;EPMG;TX5;3;23196.39;875.0;875.0;HIDRAULICA;714.54;714.54;902.4427555210217
2016-02-19;PORCE III;EPMG;TX5;4;210784.73;870.0;870.0;HIDRAULICA;714.54;714.54;890.8625302665497
2016-02-19;LA TASAJERA;EPMG;TX5;5;231524.05;875.0;875.0;HIDRAULICA;714.54;714.54;909.045578386365
2016-02-19;GUAVIO;ENDG;TX5;6;77217.84;876.6;876.6;HIDRAULICA;714.54;714.54;901.3997851304856
2016-02-19;GUAVIO;ENDG;TX5;7;562725.51;876.6;876.6;HIDRAULICA;714.54;714.54;901.9118183590084
2016-02-19;MIEL I;ISGG;TX5;8;278030.07;876.6;876.6;HIDRAULICA;714.54;714.54;907.260090646914
2016-02-19;BETANIA;ENDG;TX5;9;199351.35;876.61;876.61;HIDRAULICA;714.54;714.54;902.6863278911899
2016-02-19;SOGAMOSO;ISGG;TX5;10;338314.05;876.61;876.61;HIDRAULICA;714.54;714.54;897.0153509138836
2016-02-19;GUATRON;EPMG;TX5;11;115892.25;876.61;876.61;HIDRAULICA;714.54;714.54;907.4186764728976
2016-02-19;SOGAMOSO;ISGG;TX5;12;324489.86;876.61;876.61;HIDRAULICA;714.54;714.54;906.4154686977804
2016-02-19;SOGAMOSO;ISGG;TX5;13;387224.61;876.61;876.61;HIDRAULICA;714.54;714.54;909.0367531036744
2016-02-19;GUATRON;EPMG;TX5;14;112227.73;876.61;876.61;HIDRAULICA;714.54;714.54;895.4918584029506
2016-02-19;GUATRON;EPMG;TX5;15;49803.95;876.61;876.61;HIDRAULICA;714.54;714.54;905.6069549086395
2016-02-19;SOGAMOSO;ISGG;TX5;16;361841.57;876.61;876.61;HIDRAULICA;714.54;714.54;909.1494144241527
2016-02-19;BETANIA;ENDG;TX5;17;187724.14;876.61;876.61;HIDRAULICA;714.54;714.54;908.3275610879888
2016-02-19;SOGAMOSO;ISGG;TX5;18;399448.56;876.61;876.61;HIDRAULICA;714.54;714.54;905.8214299109001
2016-02-19;GUATRON;EPMG;TX5;19;78746.77;876.61;876.61;HIDRAULICA;714.54;714.54;900.6632800875924
2016-02-19;SOGAMOSO;ISGG;TX5;20;508178.84;876.61;876.61;HIDRAULICA;714.54;714.54;906.4308374543327
2016-02-19;BETANIA;ENDG;TX5;21;238495.72;876.61;876.61;HIDRAULICA;714.54;714.54;897.6799696695006
2016-02-19;GUAVIO;ENDG;TX5;22;768652.08;876.6;876.6;HIDRAULICA;714.54;714.54;908.2924804738259
2016-02-19;GUAVIO;ENDG;TX5;23;258296.12;876.6;876.6;HIDRAULICA;714.54;714.54;907.1934026658392
2016-02-20;GUAVIO;ENDG;TX5;0;322682.06;876.6;876.6;HIDRAULICA;714.74;714.74;908.6327449337952
2016-02-20;SAN CARLOS;ISGG;TX5;1;1179007.43;876.6;876.6;HIDRAULICA;714.74;714.74;896.0608211561447
2016-02-20;SAN CARLOS;ISGG;TX5;2;1117805.47;876.6;876.6;HIDRAULICA;714.74;714.74;905.1334258271928
2016-02-20;SAN CARLOS;ISGG;TX5;3;1097442.26;876.6;876.6;HIDRAULICA;714.74;714.74;903.1298225253404
2016-02-20;SAN CARLOS;ISGG;TX5;4;1137115.2;876.6;876.6;HIDRAULICA;714.74;714.74;904.3349762282822
2016-02-20;GUAVIO;ENDG;TX5;5;76464.6;876.6;876.6;HIDRAULICA;714.74;714.74;895.7150731780333
2016-02-20;GUAVIO;ENDG;TX5;6;201678.79;876.6;876.6;HIDRAULICA;714.74;714.74;909.9940990318303
2016-02-20;GUAVIO;ENDG;TX5;7;552580.64;876.6;876.6;HIDRAULICA;714.74;714.74;906.3460707471046
2016-02-20;MIEL I;ISGG;TX5;8;200911.11;876.6;876.6;HIDRAULICA;714.74;714.74;901.7331692481251
2016-02-20;BETANIA;ENDG;TX5;9;124686.4;876.61;876.61;HIDRAULICA;714.74;714.74;901.9160338579367
2016-02-20;LA TASAJERA;EPMG;TX5;10;9921.99;876.61;876.61;HIDRAULICA;714.74;714.74;906.5192187457067
2016-02-20;LA TASAJERA;EPMG;TX5;11;81583.07;876.61;876.61;HIDRAULICA;714.74;714.74;896.0694434923813
2016-02-20;BETANIA;ENDG;TX5;12;267607.01;876.61;876.61;HIDRAULICA;714.74;714.74;907.2107801797883
2016-02-20;BETANIA;ENDG;TX5;13;65818.37;876.61;876.61;HIDRAULICA;714.74;714.74;902.8284667477758
2016-02-20;JAGUAS;ISGG;TX5;14;31494.04;876.61;876.61;HIDRAULICA;714.74;714.74;900.5499583766799
2016-02-20;MIEL I;ISGG;TX5;15;50735.43;876.6;876.6;HIDRAULICA;714.74;714.74;894.7650681170413
2016-02-20;GUAVIO;ENDG;TX5;16;770868.93;876.6;876.6;HIDRAULICA;714.74;714.74;898.853533671069
2016-02-20;GUAVIO;ENDG;TX5;17;723691.18;876.6;876.6;HIDRAULICA;714.74;714.74;896.3771921084568
2016-02-20;BETANIA;ENDG;TX5;18;66743.48;876.61;876.61;HIDRAULICA;714.74;714.74;905.7632427865035
2016-02-20;LA TASAJERA;EPMG;TX5;19;104381.33;876.61;876.61;HIDRAULICA;714.74;714.74;904.4279297566873
2016-02-20;BETANIA;ENDG;TX5;20;159350.48;876.61;876.61;HIDRAULICA;714.74;714.74;910.2601485912037
2016-02-20;JAGUAS;ISGG;TX5;21;26529.95;876.61;876.61;HIDRAULICA;714.74;714.74;903.4343252552914
2016-02-20;GUAVIO;ENDG;TX5;22;540502.15;876.6;876.6;HIDRAULICA;714.74;714.74;904.7619021582174
2016-02-20;CALIMA;EPSG;TX5;23;30431.03;876.6;876.6;HIDRAULICA;714.74;714.74;897.3735116190329
2016-02-21;GUAVIO;ENDG;TX5;0;375361.9;876.6;876.6;HIDRAULICA;714.74;714.74;899.4256211201127
2016-02-21;GUAVIO;ENDG;TX5;1;75954.55;876.6;876.6;HIDRAULICA;714.74;714.74;909.0011593872675
2016-02-21;PORCE III;EPMG;TX5;2;659775.74;876.5;876.5;HIDRAULICA;714.74;714.74;896.7515611056917
2016-02-21;PORCE III;EPMG;TX5;3;531036.32;876.5;876.5;HIDRAULICA;714.74;714.74;901.9415918868675
2016-02-21;PORCE III;EPMG;TX5;4;417015.36;876.5;876.5;HIDRAULICA;714.74;714.74;904.1202187584732
2016-02-21;PORCE III;EPMG;TX5;5;391088.52;876.5;876.5;HIDRAULICA;714.74;714.74;900.5501978211878
2016-02-21;PORCE III;EPMG;TX5;6;183739.82;876.5;876.5;HIDRAULICA;714.74;714.74;903.3800297056779
2016-02-21;PORCE III;EPMG;TX5;7;407360.31;876.5;876.5;HIDRAULICA;714.74;714.74;903.8488705238246
2016-02-21;PORCE III;EPMG;TX5;8;685705.37;876.5;876.5;HIDRAULICA;714.74;714.74;902.0331333256984
2016-02-21;GUAVIO;ENDG;TX5;9;235749.62;876.6;876.6;HIDRAULICA;714.74;714.74;902.4854552363697
2016-02-21;GUAVIO;ENDG;TX5;10;505701.51;876.6;876.6;HIDRAULICA;714.74;714.74;906.4155269089342
2016-02-21;GUAVIO;ENDG;TX5;11;783389.22;876.6;876.6;HIDRAULICA;714.74;714.74;898.4200433942168
2016-02-21;GUAVIO;ENDG;TX5;12;898691.63;876.6;876.6;HIDRAULICA;714.74;714.74;903.70488991434
2016-02-21;JAGUAS;ISGG;TX5;13;43350.38;876.6;876.6;HIDRAULICA;714.74;714.74;905.797608357074
2016-02-21;GUAVIO;ENDG;TX5;14;921046.05;876.6;876.6;HIDRAULICA;714.74;714.74;907.2366967616895
2016-02-21;GUAVIO;ENDG;TX5;15;844679.14;876.6;876.6;HIDRAULICA;714.74;714.74;907.8779344806717
2016-02-21;GUAVIO;ENDG;TX5;16;766980.14;876.6;876.6;HIDRAULICA;714.74;714.74;903.4387751953285
2016-02-21;GUAVIO;ENDG;TX5;17;798539.32;876.6;876.6;HIDRAULICA;714.74;714.74;909.6855316602757
2016-02-21;BETANIA;ENDG;TX5;18;330788.21;876.61;876.61;HIDRAULICA;714.74;714.74;907.412250891067
2016-02-21;SOGAMOSO;ISGG;TX5;19;438293.39;876.61;876.61;HIDRAULICA;714.74;714.74;906.473125364096
2016-02-21;SOGAMOSO;ISGG;TX5;20;287524.77;876.61;876.61;HIDRAULICA;714.74;714.74;910.6695799620672
2016-02-21;LA TASAJERA;EPMG;TX5;21;104399.89;876.61;876.61;HIDRAULICA;714.74;714.74;903.7674422265285
2016-02-21;GUAVIO;ENDG;TX5;22;890669.76;876.6;876.6;HIDRAULICA;714.74;714.74;902.1024433848862
2016-02-21;GUAVIO;ENDG;TX5;23;463884.44;876.6;876.6;HIDRAULICA;714.74;714.74;904.981419710753
2016-02-22;ALBAN;EPSG;TX5;0;204503.93;780.0;780.0;AUTOG;714.74;780.0;800.2568502610186
2016-02-22;TERMOVALLE 1;TMVG;TX5;1;133082.27;412.69;412.69;AUTOG;391.46;412.69;420.9801706874978
2016-02-22;TEBSAB;GECG;TX5;2;391468.55;337.74;337.74;AUTOG;278.67;337.74;347.3397029255915
2016-02-22;TEBSAB;GECG;TX5;3;399933.91;337.74;337.74;AUTOG;278.67;337.74;349.90086331947265
2016-02-22;MERILECTRICA 1;CIVG;TX5;4;133211.0;391.46;391.46;TERMICA;361.11;391.46;400.0640393566427
2016-02-22;PORCE II;EPMG;TX5;5;171109.92;876.59;876.59;HIDRAULICA;714.74;714.74;907.0847450765526
2016-02-22;GUAVIO;ENDG;TX5;6;138432.01;876.6;876.6;HIDRAULICA;714.74;714.74;896.4443630423802
2016-02-22;GUAVIO;ENDG;TX5;7;512207.25;876.6;876.6;HIDRAULICA;714.74;714.74;910.6312797414176
2016-02-22;MIEL I;ISGG;TX5;8;94372.93;876.6;876.6;HIDRAULICA;714.74;714.74;908.4825773256603
2016-02-22;BETANIA;ENDG;TX5;9;76776.69;876.61;876.61;HIDRAULICA;714.74;714.74;909.2039058304108
2016-02-22;LA TASAJERA;EPMG;TX5;10;113188.75;876.61;876.61;HIDRAULICA;714.74;714.74;904.293943866853
2016-02-22;GUATRON;EPMG;TX5;11;80479.91;876.61;876.61;HIDRAULICA;714.74;714.74;902.942336613654
2016-02-22;BETANIA;ENDG;TX5;12;278233.37;876.61;876.61;HIDRAULICA;714.74;714.74;897.6099873842467
2016-02-22;LA TASAJERA;EPMG;TX5;13;299537.4;876.61;876.61;HIDRAULICA;714.74;714.74;902.9598543802082
2016-02-22;LA TASAJERA;EPMG;TX5;14;172231.77;876.61;876.61;HIDRAULICA;714.74;714.74;909.2748107986204
2016-02-22;LA TASAJERA;EPMG;TX5;15;169186.23;876.61;876.61;HIDRAULICA;714.74;714.74;902.1133223394813
2016-02-22;LA TASAJERA;EPMG;TX5;16;75231.9;876.61;876.61;HIDRAULICA;714.74;714.74;909.9710144081718
2016-02-22;BETANIA;ENDG;TX5;17;61351.56;876.61;876.61;HIDRAULICA;714.74;714.74;908.2864889407481
2016-02-22;LA TASAJERA;EPMG;TX5;18;141078.27;876.61;876.61;HIDRAULICA;714.74;714.74;896.5434869013958
2016-02-22;GUATRON;EPMG;TX5;19;237977.82;876.61;876.61;HIDRAULICA;714.74;714.74;899.6432543123274
2016-02-22;LA TASAJERA;EPMG;TX5;20;280078.96;876.61;876.61;HIDRAULICA;714.74;714.74;909.012901461564
2016-02-22;BETANIA;ENDG;TX5;21;138176.2;876.61;876.61;HIDRAULICA;714.74;714.74;897.619049660624
2016-02-22;GUAVIO;ENDG;TX5;22;596454.68;876.6;876.6;HIDRAULICA;424.36;424.36;905.0734488955626
2016-02-22;PORCE II;EPMG;TX5;23;309541.02;876.59;876.59;HIDRAULICA;424.36;424.36;900.8541084701602
2016-02-23;TEBSAB;GECG;TX5;0;495163.39;335.74;335.74;AUTOG;287.31;335.74;348.74864574169465
2016-02-23;TEBSAB;GECG;TX5;1;527813.34;335.74;335.74;AUTOG;287.31;335.74;346.4699831915079
2016-02-23;TERMOSIERRAB;EPMG;TX5;2;335450.91;336.37;336.37;AUTOG;287.31;336.37;348.22635309968246
2016-02-23;TEBSAB;GECG;TX5;3;598895.17;335.74;335.74;AUTOG;287.31;335.74;346.7920164630512
2016-02-23;TERMOVALLE 1;TMVG;TX5;4;114469.22;370.0;370.0;AUTOG;359.11;370.0;384.5737553437071
2016-02-23;PORCE III;EPMG;TX5;5;345778.52;875.5;875.5;HIDRAULICA;714.74;714.74;909.2437994370581
2016-02-23;PORCE III;EPMG;TX5;6;498700.2;875.5;875.5;HIDRAULICA;714.74;714.74;898.6414275394461
2016-02-23;GUATRON;EPMG;TX5;7;78604.01;876.0;876.0;HIDRAULICA;714.74;714.74;906.8170404533425
2016-02-23;PLAYAS;EPMG;TX5;8;117851.78;876.5;876.5;HIDRAULICA;714.74;714.74;905.5225869603807
2016-02-23;PAGUA;ENDG;TX5;9;178091.77;876.6;876.6;HIDRAULICA;714.74;714.74;903.8418506834558
2016-02-23;MIEL I;ISGG;TX5;10;302753.02;876.6;876.6;HIDRAULICA;714.74;714.74;908.5116374036747
2016-02-23;JAGUAS;ISGG;TX5;11;139780.3;876.61;876.61;HIDRAULICA;714.74;714.74;898.0246445608184
2016-02-23;JAGUAS;ISGG;TX5;12;27639.55;876.61;876.61;HIDRAULICA;714.74;714.74;906.2915368174265
2016-02-23;JAGUAS;ISGG;TX5;13;78480.03;876.61;876.61;HIDRAULICA;714.74;714.74;898.7662851908631
2016-02-23;BETANIA;ENDG;TX5;14;274475.33;876.61;876.61;HIDRAULICA;714.74;714.74;896.2450721918019
2016-02-23;BETANIA;ENDG;TX5;15;244263.28;876.61;876.61;HIDRAULICA;714.74;714.74;896.0276997563467
2016-02-23;BETANIA;ENDG;TX5;16;102926.58;876.61;876.61;HIDRAULICA;714.74;714.74;896.0516014064815
2016-02-23;PAGUA;ENDG;TX5;17;259531.64;876.6;876.6;HIDRAULICA;714.74;714.74;908.1761165186962
2016-02-23;JAGUAS;ISGG;TX5;18;81176.75;876.61;876.61;HIDRAULICA;714.74;714.74;910.9234239288492
2016-02-23;LA TASAJERA;EPMG;TX5;19;11519.3;876.61;876.61;HIDRAULICA;714.74;714.74;906.2203978526979
2016-02-23;BETANIA;ENDG;TX5;20;178183.88;876.61;876.61;HIDRAULICA;714.74;714.74;906.595318223389
2016-02-23;MIEL I;ISGG;TX5;21;36568.05;876.6;876.6;HIDRAULICA;714.74;714.74;907.4274728742918
2016-02-23;GUATRON;EPMG;TX5;22;355110.3;876.0;876.0;HIDRAULICA;714.74;714.74;894.7007902535477
2016-02-23;PORCE III;EPMG;TX5;23;321357.67;875.5;875.5;HIDRAULICA;714.74;714.74;894.276025628471
2016-02-24;GUAVIO;ENDG;TX5;0;552145.18;876.6;876.6;HIDRAULICA;714.74;714.74;903.7758117326287
2016-02-24;GUAVIO;ENDG;TX5;1;228235.72;876.6;876.6;HIDRAULICA;714.74;714.74;895.3453315428442
2016-02-24;GUAVIO;ENDG;TX5;2;136716.48;876.6;876.6;HIDRAULICA;714.74;714.74;903.7301952221654
2016-02-24;GUAVIO;ENDG;TX5;3;94867.83;876.6;876.6;HIDRAULICA;714.74;714.74;897.3119252874094
2016-02-24;GUAVIO;ENDG;TX5;4;286934.71;876.6;876.6;HIDRAULICA;714.74;714.74;895.2370212250195
2016-02-24;MIEL I;ISGG;TX5;5;106464.73;876.6;876.6;HIDRAULICA;714.74;714.74;900.3273989156514
2016-02-24;MIEL I;ISGG;TX5;6;276080.05;876.6;876.6;HIDRAULICA;714.74;714.74;896.0215854225968
2016-02-24;LA TASAJERA;EPMG;TX5;7;40696.02;876.6;876.6;HIDRAULICA;714.74;714.74;894.1939763770774
2016-02-24;GUATRON;EPMG;TX5;8;246360.23;876.61;876.61;HIDRAULICA;714.74;714.74;896.562716396924
2016-02-24;SOGAMOSO;ISGG;TX5;9;156373.55;876.61;876.61;HIDRAULICA;714.74;714.74;907.6470596216251
2016-02-24;CHIVOR;CHVG;TX5;10;97796.18;876.61;876.61;HIDRAULICA;714.74;714.74;910.4709685819771
2016-02-24;CHIVOR;CHVG;TX5;11;268636.22;876.61;876.61;HIDRAULICA;714.74;714.74;901.576273498127
2016-02-24;SOGAMOSO;ISGG;TX5;12;570495.88;876.61;876.61;HIDRAULICA;714.74;714.74;905.2980369251823
2016-02-24;SOGAMOSO;ISGG;TX5;13;648942.86;876.61;876.61;HIDRAULICA;714.74;714.74;908.8005811506473
2016-02-24;CHIVOR;CHVG;TX5;14;259814.79;876.61;876.61;HIDRAULICA;714.74;714.74;896.78824788819
2016-02-24;CHIVOR;CHVG;TX5;15;206345.53;876.61;876.61;HIDRAULICA;714.74;714.74;900.5218861106831
2016-02-24;CHIVOR;CHVG;TX5;16;108871.48;876.61;876.61;HIDRAULICA;714.74;714.74;907.457794535959
2016-02-24;GUATRON;EPMG;TX5;17;472283.13;876.61;876.61;HIDRAULICA;714.74;714.74;897.1318161103612
2016-02-24;CHIVOR;CHVG;TX5;18;237263.3;876.61;876.61;HIDRAULICA;714.74;714.74;905.4970873678689
2016-02-24;CHIVOR;CHVG;TX5;19;498979.52;876.61;876.61;HIDRAULICA;422.24;422.24;900.5720336039986
2016-02-24;CHIVOR;CHVG;TX5;20;204128.06;876.61;876.61;HIDRAULICA;422.24;422.24;895.8648843852596
2016-02-24;GUATRON;EPMG;TX5;21;458233.65;876.61;876.61;HIDRAULICA;422.24;422.24;906.9770716398157
2016-02-24;LA TASAJERA;EPMG;TX5;22;155120.79;876.6;876.6;HIDRAULICA;422.24;422.24;908.4660483351518
2016-02-24;GUAVIO;ENDG;TX5;23;914021.95;876.6;876.6;HIDRAULICA;422.24;422.24;910.2079123981124
2016-02-25;GUAVIO;ENDG;TX5;0;214149.34;876.6;876.6;HIDRAULICA;428.78;428.78;904.0982288393303
2016-02-25;PAGUA;ENDG;TX5;1;285406.84;876.6;876.6;HIDRAULICA;428.78;428.78;909.2934589861759
2016-02-25;PAGUA;ENDG;TX5;2;159929.04;876.6;876.6;HIDRAULICA;428.78;428.78;911.4238750601427
2016-02-25;PAGUA;ENDG;TX5;3;100607.2;876.6;876.6;HIDRAULICA;428.78;428.78;904.0574129410396
2016-02-25;PAGUA;ENDG;TX5;4;285959.34;876.6;876.6;HIDRAULICA;428.78;428.78;899.9669140215902
2016-02-25;GUAVIO;ENDG;TX5;5;660993.43;876.6;876.6;HIDRAULICA;428.78;428.78;905.4641886897238
2016-02-25;GUAVIO;ENDG;TX5;6;866230.48;876.6;876.6;HIDRAULICA;428.78;428.78;900.6525210020295
2016-02-25;BETANIA;ENDG;TX5;7;128940.29;876.6;876.6;HIDRAULICA;428.78;428.78;906.2615926352959
2016-02-25;LA TASAJERA;EPMG;TX5;8;138146.98;876.61;876.61;HIDRAULICA;428.78;428.78;901.8290551876953
2016-02-25;GUATRON;EPMG;TX5;9;131469.89;876.61;876.61;HIDRAULICA;428.78;428.78;896.2577479494987
2016-02-25;GUATRON;EPMG;TX5;10;357345.48;876.61;876.61;HIDRAULICA;428.78;428.78;895.4627251760394
2016-02-25;SOGAMOSO;ISGG;TX5;11;275660.13;876.61;876.61;HIDRAULICA;428.78;428.78;906.1915615233494
2016-02-25;SOGAMOSO;ISGG;TX5;12;140289.32;876.61;876.61;HIDRAULICA;428.78;428.78;898.9236755154761
2016-02-25;SOGAMOSO;ISGG;TX5;13;197391.67;876.61;876.61;HIDRAULICA;428.78;428.78;904.021932992905
2016-02-25;GUATRON;EPMG;TX5;14;419961.39;876.61;876.61;HIDRAULICA;428.78;428.78;904.4895707756264
2016-02-25;SOGAMOSO;ISGG;TX5;15;330328.01;876.61;876.61;HIDRAULICA;428.78;428.78;906.890665912091
2016-02-25;SOGAMOSO;ISGG;TX5;16;272918.86;876.61;876.61;HIDRAULICA;428.78;428.78;908.5042179780327
2016-02-25;GUATRON;EPMG;TX5;17;149921.9;876.61;876.61;HIDRAULICA;428.78;428.78;911.4409710450532
2016-02-25;GUATRON;EPMG;TX5;18;456295.99;876.61;876.61;HIDRAULICA;428.78;428.78;910.8258557388542
2016-02-25;PORCE II;EPMG;TX5;19;92710.81;876.61;876.61;HIDRAULICA;428.78;428.78;903.0740396682316
2016-02-25;GUATRON;EPMG;TX5;20;356018.43;876.61;876.61;HIDRAULICA;428.78;428.78;900.3416920647795
2016-02-25;GUATRON;EPMG;TX5;21;56938.44;876.61;876.61;HIDRAULICA;428.78;428.78;897.1724995460853
2016-02-25;JAGUAS;ISGG;TX5;22;135573.59;876.6;876.6;HIDRAULICA;428.78;428.78;903.5975288644871
2016-02-25;GUAVIO;ENDG;TX5;23;400364.09;876.6;876.6;HIDRAULICA;428.78;428.78;911.0899324032491
2016-02-26;GUAVIO;ENDG;TX5;0;910788.05;876.6;876.6;HIDRAULICA;428.78;428.78;911.198165263128
2016-02-26;GUAVIO;ENDG;TX5;1;591359.16;876.6;876.6;HIDRAULICA;428.78;428.78;900.0180462810373
2016-02-26;GUAVIO;ENDG;TX5;2;508867.09;876.6;876.6;HIDRAULICA;428.78;428.78;902.3486440837971
2016-02-26;GUAVIO;ENDG;TX5;3;504456.02;876.6;876.6;HIDRAULICA;428.78;428.78;907.1523061922572
2016-02-26;GUAVIO;ENDG;TX5;4;679026.79;876.6;876.6;HIDRAULICA;428.78;428.78;903.6786271112574
2016-02-26;JAGUAS;ISGG;TX5;5;167463.49;876.6;876.6;HIDRAULICA;428.78;428.78;896.2778443486957
2016-02-26;BETANIA;ENDG;TX5;6;260280.1;876.6;876.6;HIDRAULICA;428.78;428.78;907.6233308205115
2016-02-26;LA TASAJERA;EPMG;TX5;7;244837.05;876.61;876.61;HIDRAULICA;428.78;428.78;906.5411298008413
2016-02-26;GUATRON;EPMG;TX5;8;402576.43;876.61;876.61;HIDRAULICA;428.78;428.78;904.6995742670599
2016-02-26;GUATRON;EPMG;TX5;9;508562.2;876.61;876.61;HIDRAULICA;428.78;428.78;905.1346061429834
2016-02-26;CHIVOR;CHVG;TX5;10;143477.64;876.61;876.61;HIDRAULICA;428.78;428.78;909.8594114468765
2016-02-26;CHIVOR;CHVG;TX5;11;285109.33;876.61;876.61;HIDRAULICA;428.78;428.78;898.9135277022202
2016-02-26;SOGAMOSO;ISGG;TX5;12;580748.24;876.61;876.61;HIDRAULICA;428.78;428.78;908.574651104802
2016-02-26;SOGAMOSO;ISGG;TX5;13;621553.27;876.61;876.61;HIDRAULICA;428.78;428.78;906.4644012161045
2016-02-26;CHIVOR;CHVG;TX5;14;127161.91;876.61;876.61;HIDRAULICA;428.78;428.78;902.8784097491812
2016-02-26;CHIVOR;CHVG;TX5;15;159242.02;876.61;876.61;HIDRAULICA;428.78;428.78;902.6410162102042
2016-02-26;CHIVOR;CHVG;TX5;16;40295.7;876.61;876.61;HIDRAULICA;428.78;428.78;895.797482592411
2016-02-26;SOGAMOSO;ISGG;TX5;17;356887.85;876.61;876.61;HIDRAULICA;428.78;428.78;900.3489526379785
2016-02-26;CHIVOR;CHVG;TX5;18;467307.38;876.61;876.61;HIDRAULICA;428.78;428.78;900.621601431989
2016-02-26;CHIVOR;CHVG;TX5;19;488946.47;876.61;876.61;HIDRAULICA;428.78;428.78;907.736269678612
2016-02-26;CHIVOR;CHVG;TX5;20;125443.33;876.61;876.61;HIDRAULICA;428.78;428.78;895.7320138457821
2016-02-26;SOGAMOSO;ISGG;TX5;21;430878.02;876.61;876.61;HIDRAULICA;428.78;428.78;911.025240361972
2016-02-26;GUATRON;EPMG;TX5;22;164296.24;876.61;876.61;HIDRAULICA;428.78;428.78;899.8854822231824
2016-02-26;JAGUAS;ISGG;TX5;23;168469.78;876.6;876.6;HIDRAULICA;428.78;428.78;899.3706833564931
2016-02-27;SAN CARLOS;ISGG;TX5;0;607853.16;876.6;876.6;HIDRAULICA;562.47;562.47;896.8732186464761
2016-02-27;SAN CARLOS;ISGG;TX5;1;292332.28;876.6;876.6;HIDRAULICA;562.47;562.47;895.7151381953103
2016-02-27;SAN CARLOS;ISGG;TX5;2;167618.27;876.6;876.6;HIDRAULICA;562.47;562.47;908.4911959130086
2016-02-27;SAN CARLOS;ISGG;TX5;3;47289.62;876.6;876.6;HIDRAULICA;562.47;562.47;898.1087964652629
2016-02-27;SAN CARLOS;ISGG;TX5;4;24349.39;876.6;876.6;HIDRAULICA;562.47;562.47;908.9478849842405
2016-02-27;SAN CARLOS;ISGG;TX5;5;266842.62;876.6;876.6;HIDRAULICA;562.47;562.47;894.4941821976141
2016-02-27;SAN CARLOS;ISGG;TX5;6;372749.16;876.6;876.6;HIDRAULICA;562.47;562.47;901.280170679743
2016-02-27;SAN CARLOS;ISGG;TX5;7;862644.14;876.6;876.6;HIDRAULICA;562.47;562.47;902.3975696702938
2016-02-27;GUAVIO;ENDG;TX5;8;287212.31;876.6;876.6;HIDRAULICA;562.47;562.47;909.6108351235733
2016-02-27;GUAVIO;ENDG;TX5;9;694721.81;876.6;876.6;HIDRAULICA;562.47;562.47;906.4362157445709
2016-02-27;MIEL I;ISGG;TX5;10;57173.94;876.6;876.6;HIDRAULICA;562.47;562.47;899.2678058563546
2016-02-27;MIEL I;ISGG;TX5;11;181199.52;876.6;876.6;HIDRAULICA;562.47;562.47;910.4288349423955
2016-02-27;MIEL I;ISGG;TX5;12;125984.41;876.6;876.6;HIDRAULICA;562.47;562.47;898.0385252472747
2016-02-27;GUAVIO;ENDG;TX5;13;817265.72;876.6;876.6;HIDRAULICA;562.47;562.47;904.427348781521
2016-02-27;GUAVIO;ENDG;TX5;14;670098.84;876.6;876.6;HIDRAULICA;562.47;562.47;910.8215939888009
2016-02-27;GUAVIO;ENDG;TX5;15;492907.09;876.6;876.6;HIDRAULICA;562.47;562.47;907.2262271737105
2016-02-27;GUAVIO;ENDG;TX5;16;337209.15;876.6;876.6;HIDRAULICA;562.47;562.47;910.6155737382495
2016-02-27;GUAVIO;ENDG;TX5;17;280988.26;876.6;876.6;HIDRAULICA;562.47;562.47;903.981542580447
2016-02-27;MIEL I;ISGG;TX5;18;221770.36;876.6;876.6;HIDRAULICA;562.47;562.47;896.286739790178
2016-02-27;LA TASAJERA;EPMG;TX5;19;125228.19;876.6;876.6;HIDRAULICA;562.47;562.47;899.1496327417982
2016-02-27;BETANIA;ENDG;TX5;20;231681.04;876.6;876.6;HIDRAULICA;562.47;562.47;909.9434113066122
2016-02-27;GUAVIO;ENDG;TX5;21;868031.73;876.6;876.6;HIDRAULICA;562.47;562.47;907.6636619677295
2016-02-27;GUAVIO;ENDG;TX5;22;303390.94;876.6;876.6;HIDRAULICA;562.47;562.47;904.361015522298
2016-02-27;SAN CARLOS;ISGG;TX5;23;978921.71;876.6;876.6;HIDRAULICA;562.47;562.47;910.8241331977471
2016-02-28;GUAVIO;ENDG;TX5;0;363070.48;876.6;876.6;HIDRAULICA;562.47;562.47;897.9656857306557
2016-02-28;MIEL I;ISGG;TX5;1;41601.13;876.6;876.6;HIDRAULICA;562.47;562.47;905.3724339684643
2016-02-28;PORCE III;EPMG;TX5;2;565655.12;876.59;876.59;HIDRAULICA;562.47;562.47;903.9755401554091
2016-02-28;PORCE III;EPMG;TX5;3;478001.4;876.59;876.59;HIDRAULICA;562.47;562.47;894.6739418246484
2016-02-28;PORCE III;EPMG;TX5;4;404350.99;876.59;876.59;HIDRAULICA;562.47;562.47;902.0561119962716
2016-02-28;PORCE III;EPMG;TX5;5;394838.83;876.59;876.59;HIDRAULICA;562.47;562.47;896.6630140046813
2016-02-28;PORCE III;EPMG;TX5;6;222757.49;876.59;876.59;HIDRAULICA;562.47;562.47;896.8426835087133
2016-02-28;PORCE III;EPMG;TX5;7;533498.44;876.59;876.59;HIDRAULICA;562.47;562.47;902.4038492662328
2016-02-28;GUAVIO;ENDG;TX5;8;294399.52;876.6;876.6;HIDRAULICA;562.47;562.47;904.7705336857772
2016-02-28;GUAVIO;ENDG;TX5;9;551754.07;876.6;876.6;HIDRAULICA;562.47;562.47;903.5813438444553
2016-02-28;GUAVIO;ENDG;TX5;10;787786.74;876.6;876.6;HIDRAULICA;562.47;562.47;908.8778042368548
2016-02-28;MIEL I;ISGG;TX5;11;75408.18;876.6;876.6;HIDRAULICA;562.47;562.47;896.3035655359513
2016-02-28;MIEL I;ISGG;TX5;12;160419.54;876.6;876.6;HIDRAULICA;562.47;562.47;899.0931483410533
2016-02-28;MIEL I;ISGG;TX5;13;71914.6;876.6;876.6;HIDRAULICA;562.47;562.47;899.9259155703547
2016-02-28;GUAVIO;ENDG;TX5;14;839460.09;876.6;876.6;HIDRAULICA;562.47;562.47;895.0944407710141
2016-02-28;BETANIA;ENDG;TX5;15;60366.46;876.6;876.6;HIDRAULICA;562.47;562.47;900.5406200388403
2016-02-28;MIEL I;ISGG;TX5;16;145889.37;876.6;876.6;HIDRAULICA;562.47;562.47;905.1487299578993
2016-02-28;MIEL I;ISGG;TX5;17;127728.84;876.6;876.6;HIDRAULICA;562.47;562.47;900.5246285266261
2016-02-28;GUATRON;EPMG;TX5;18;68814.77;876.61;876.61;HIDRAULICA;562.47;562.47;897.9893609900375
2016-02-28;SOGAMOSO;ISGG;TX5;19;412644.72;876.61;876.61;HIDRAULICA;562.47;562.47;910.1320177248882
2016-02-28;SOGAMOSO;ISGG;TX5;20;421737.37;876.61;876.61;HIDRAULICA;562.47;562.47;902.2384813025899
2016-02-28;GUATRON;EPMG;TX5;21;337712.77;876.61;876.61;HIDRAULICA;562.47;562.47;906.5062475257695
2016-02-28;LA TASAJERA;EPMG;TX5;22;55374.87;876.6;876.6;HIDRAULICA;562.47;562.47;910.3794869085358
2016-02-28;GUAVIO;ENDG;TX5;23;732478.2;876.6;876.6;HIDRAULICA;562.47;562.47;897.9730204120505
2016-02-29;SAN CARLOS;ISGG;TX5;0;654440.69;876.6;876.6;HIDRAULICA;562.47;562.47;911.5401130703566
2016-02-29;SAN CARLOS;ISGG;TX5;1;382925.34;876.6;876.6;HIDRAULICA;562.47;562.47;903.1341173482205
2016-02-29;SAN CARLOS;ISGG;TX5;2;289113.87;876.6;876.6;HIDRAULICA;562.47;562.47;911.2771908413148
2016-02-29;SAN CARLOS;ISGG;TX5;3;280456.82;876.6;876.6;HIDRAULICA;562.47;562.47;900.6175045341668
2016-02-29;SAN CARLOS;ISGG;TX5;4;513452.03;876.6;876.6;HIDRAULICA;562.47;562.47;906.3035133455608
2016-02-29;SAN CARLOS;ISGG;TX5;5;1179344.28;876.6;876.6;HIDRAULICA;562.47;562.47;905.6410233213908
2016-02-29;GUAVIO;ENDG;TX5;6;110089.73;876.6;876.6;HIDRAULICA;562.47;562.47;903.3554626404458
2016-02-29;GUAVIO;ENDG;TX5;7;470091.97;876.6;876.6;HIDRAULICA;562.47;562.47;898.0058015114389
2016-02-29;MIEL I;ISGG;TX5;8;156558.55;876.6;876.6;HIDRAULICA;562.47;562.47;899.5376496616295
2016-02-29;BETANIA;ENDG;TX5;9;307763.15;876.6;876.6;HIDRAULICA;562.47;562.47;909.9070193947723
2016-02-29;GUATRON;EPMG;TX5;10;80403.74;876.61;876.61;HIDRAULICA;562.47;562.47;910.9839415562409
2016-02-29;GUATRON;EPMG;TX5;11;333223.07;876.61;876.61;HIDRAULICA;562.47;562.47;907.3665145829789
2016-02-29;GUATRON;EPMG;TX5;12;173191.17;876.61;876.61;HIDRAULICA;562.47;562.47;899.3224002411247
2016-02-29;GUATRON;EPMG;TX5;13;237499.54;876.61;876.61;HIDRAULICA;562.47;562.47;901.6659678803028
2016-02-29;GUATRON;EPMG;TX5;14;482685.32;876.61;876.61;HIDRAULICA;562.47;562.47;909.0329207991135
2016-02-29;GUATRON;EPMG;TX5;15;381941.09;876.61;876.61;HIDRAULICA;562.47;562.47;903.5150377227188
2016-02-29;GUATRON;EPMG;TX5;16;219635.54;876.61;876.61;HIDRAULICA;562.47;562.47;898.8309443666918
2016-02-29;LA TASAJERA;EPMG;TX5;17;204750.34;876.6;876.6;HIDRAULICA;562.47;562.47;906.7633706756993
2016-02-29;GUATRON;EPMG;TX5;18;362097.11;876.61;876.61;HIDRAULICA;562.47;562.47;909.3475654630462
2016-02-29;SOGAMOSO;ISGG;TX5;19;253314.09;876.61;876.61;HIDRAULICA;562.47;562.47;903.7216500298144
2016-02-29;GUATRON;EPMG;TX5;20;388430.71;876.61;876.61;HIDRAULICA;562.47;562.47;911.0624257250275
2016-02-29;GUATRON;EPMG;TX5;21;27564.09;876.61;876.61;HIDRAULICA;562.47;562.47;898.024680206205
2016-02-29;GUAVIO;ENDG;TX5;22;803571.9;876.6;876.6;HIDRAULICA;562.47;562.47;903.9686863363781
2016-02-29;GUAVIO;ENDG;TX5;23;127793.86;876.6;876.6;HIDRAULICA;562.47;562.47;896.627267904382
