Fecha;Recurso;Código Agente;Precio de Oferta Ideal $/kWh;Precio de Oferta de Despacho $/kWh;Precio de Oferta Declarado $/kWh
1/02/2016;ALBAN;EPSG;455.646367;464.000;464.000
1/02/2016;BARRANQUILLA 3;GECG;332.161367;340.515;340.515
1/02/2016;BARRANQUILLA 4;GECG;331.254367;339.608;339.608
1/02/2016;BETANIA;ENDG;860.076367;1500.000;1500.000
1/02/2016;CALIMA;EPSG;860.075367;869.000;869.000
1/02/2016;CARTAGENA 1;ENDG;473.101367;481.455;481.455
1/02/2016;CARTAGENA 2;ENDG;475.780367;484.134;484.134
1/02/2016;CARTAGENA 3;ENDG;467.592367;475.946;475.946
1/02/2016;CHIVOR;CHVG;442.656367;451.010;451.010
1/02/2016;CIMARRON;TMRG;71.646367;80.000;80.000
1/02/2016;EL QUIMBO;ENDG;860.072367;1000.000;1000.000
1/02/2016;FLORES 1;TMFG;375.646367;384.000;384.000
1/02/2016;FLORES 4B;TMFG;335.122367;343.476;343.476
1/02/2016;GECELCA 3;GECG;161.897367;170.251;170.251
1/02/2016;GUAJIRA 1;GECG;188.232367;196.586;196.586
1/02/2016;GUAJIRA 2;GECG;181.701367;190.055;190.055
1/02/2016;GUATAPE;EPMG;391.646367;400.000;400.000
1/02/2016;GUATRON;EPMG;416.646367;425.000;425.000
1/02/2016;GUAVIO;ENDG;431.646367;440.000;440.000
1/02/2016;JAGUAS;ISGG;483.646367;492.000;492.000
1/02/2016;LA TASAJERA;EPMG;441.646367;450.000;450.000
1/02/2016;MERILECTRICA 1;CIVG;376.126367;384.480;384.480
1/02/2016;MIEL I;ISGG;860.074367;1157.900;1157.900
1/02/2016;PAGUA;ENDG;58.648367;67.002;67.002
1/02/2016;PAIPA 1;HIMG;154.099367;162.453;162.453
1/02/2016;PAIPA 2;HIMG;135.174367;143.528;143.528
1/02/2016;PAIPA 3;HIMG;141.858367;150.212;150.212
1/02/2016;PAIPA 4;HIMG;129.499367;137.853;137.853
1/02/2016;PLAYAS;EPMG;371.646367;380.000;380.000
1/02/2016;PORCE II;EPMG;561.646367;570.000;570.000
1/02/2016;PORCE III;EPMG;471.646367;480.000;480.000
1/02/2016;PRADO;EPSG;860.073367;870.000;870.000
1/02/2016;PROELECTRICA 1;PRIG;270.316367;278.670;278.670
1/02/2016;PROELECTRICA 2;PRIG;270.316367;278.670;278.670
1/02/2016;SALVAJINA;EPSG;860.077367;880.000;880.000
1/02/2016;SAN CARLOS;ISGG;455.647367;464.001;464.001
1/02/2016;SOGAMOSO;ISGG;860.078367;1157.900;1157.900
1/02/2016;TASAJERO 1;TRMG;152.626367;160.980;160.980
1/02/2016;TASAJERO 2;TERG;163.126367;171.480;171.480
1/02/2016;TEBSAB;GECG;326.825367;335.179;335.179
1/02/2016;TERMOCANDELARIA 1;TCIG;803.080367;848.067;848.067
1/02/2016;TERMOCANDELARIA 2;TCIG;803.441367;856.547;856.547
1/02/2016;TERMOCENTRO CC;ISGG;354.756367;363.110;363.110
1/02/2016;TERMODORADA 1;EPMG;706.186367;714.540;714.540
1/02/2016;TERMOEMCALI 1;TEMG;355.697367;364.051;364.051
1/02/2016;TERMOSIERRAB;EPMG;347.983367;356.337;356.337
1/02/2016;TERMOVALLE 1;TMVG;425.885367;434.239;434.239
1/02/2016;TERMOYOPAL 2;TYPG;71.646367;80.000;80.000
1/02/2016;URRA;EMUG;58.649367;67.003;67.003
1/02/2016;ZIPAEMG 2;ENDG;164.014367;172.368;172.368
1/02/2016;ZIPAEMG 3;ENDG;167.637367;175.991;175.991
1/02/2016;ZIPAEMG 4;ENDG;165.570367;173.924;173.924
1/02/2016;ZIPAEMG 5;ENDG;161.708367;170.062;170.062
2/02/2016;ALBAN;EPSG;591.646367;600.000;600.000
2/02/2016;BARRANQUILLA 3;GECG;334.161367;342.515;342.515
2/02/2016;BARRANQUILLA 4;GECG;333.254367;341.608;341.608
2/02/2016;BETANIA;ENDG;860.076367;1500.000;1500.000
2/02/2016;CALIMA;EPSG;860.075367;869.000;869.000
2/02/2016;CARTAGENA 1;ENDG;467.592367;475.946;475.946
2/02/2016;CARTAGENA 2;ENDG;475.780367;484.134;484.134
2/02/2016;CARTAGENA 3;ENDG;473.101367;481.455;481.455
2/02/2016;CHIVOR;CHVG;472.762367;481.116;481.116
2/02/2016;CIMARRON;TMRG;71.646367;80.000;80.000
2/02/2016;EL QUIMBO;ENDG;860.072367;1000.000;1000.000
2/02/2016;FLORES 1;TMFG;382.646367;391.000;391.000
2/02/2016;FLORES 4B;TMFG;327.433367;335.787;335.787
2/02/2016;GECELCA 3;GECG;163.897367;172.251;172.251
2/02/2016;GUAJIRA 1;GECG;190.232367;198.586;198.586
2/02/2016;GUAJIRA 2;GECG;183.701367;192.055;192.055
2/02/2016;GUATAPE;EPMG;391.646367;400.000;400.000
2/02/2016;GUATRON;EPMG;416.646367;425.000;425.000
2/02/2016;GUAVIO;ENDG;58.648367;67.002;67.002
2/02/2016;JAGUAS;ISGG;483.646367;492.000;492.000
2/02/2016;LA TASAJERA;EPMG;441.646367;450.000;450.000
2/02/2016;MERILECTRICA 1;CIVG;383.257367;391.611;391.611
2/02/2016;MIEL I;ISGG;860.074367;1157.900;1157.900
2/02/2016;PAGUA;ENDG;501.646367;510.000;510.000
2/02/2016;PAIPA 1;HIMG;154.099367;162.453;162.453
2/02/2016;PAIPA 2;HIMG;135.174367;143.528;143.528
2/02/2016;PAIPA 3;HIMG;141.858367;150.212;150.212
2/02/2016;PAIPA 4;HIMG;129.499367;137.853;137.853
2/02/2016;PLAYAS;EPMG;371.646367;380.000;380.000
2/02/2016;PORCE II;EPMG;561.646367;570.000;570.000
2/02/2016;PORCE III;EPMG;471.646367;480.000;480.000
2/02/2016;PRADO;EPSG;860.073367;870.000;870.000
2/02/2016;PROELECTRICA 1;PRIG;270.316367;278.670;278.670
2/02/2016;PROELECTRICA 2;PRIG;270.316367;278.670;278.670
2/02/2016;SALVAJINA;EPSG;860.077367;880.000;880.000
2/02/2016;SAN CARLOS;ISGG;407.647367;416.001;416.001
2/02/2016;SOGAMOSO;ISGG;860.078367;1157.900;1157.900
2/02/2016;TASAJERO 1;TRMG;152.626367;160.980;160.980
2/02/2016;TASAJERO 2;TERG;163.126367;171.480;171.480
2/02/2016;TEBSAB;GECG;332.500367;340.854;340.854
2/02/2016;TERMOCANDELARIA 1;TCIG;803.080367;848.067;848.067
2/02/2016;TERMOCANDELARIA 2;TCIG;803.441367;856.547;856.547
2/02/2016;TERMOCENTRO CC;ISGG;354.756367;363.110;363.110
2/02/2016;TERMODORADA 1;EPMG;706.186367;714.540;714.540
2/02/2016;TERMOEMCALI 1;TEMG;355.697367;364.051;364.051
2/02/2016;TERMOSIERRAB;EPMG;347.983367;356.337;356.337
2/02/2016;TERMOVALLE 1;TMVG;425.885367;434.239;434.239
2/02/2016;TERMOYOPAL 2;TYPG;71.646367;80.000;80.000
2/02/2016;URRA;EMUG;58.649367;67.003;67.003
2/02/2016;ZIPAEMG 2;ENDG;164.014367;172.368;172.368
2/02/2016;ZIPAEMG 3;ENDG;165.570367;173.924;173.924
2/02/2016;ZIPAEMG 4;ENDG;167.637367;175.991;175.991
2/02/2016;ZIPAEMG 5;ENDG;161.708367;170.062;170.062
3/02/2016;ALBAN;EPSG;591.646367;600.000;600.000
3/02/2016;BARRANQUILLA 3;GECG;334.161367;342.515;342.515
3/02/2016;BARRANQUILLA 4;GECG;333.254367;341.608;341.608
3/02/2016;BETANIA;ENDG;456.646367;465.000;465.000
3/02/2016;CALIMA;EPSG;860.075367;869.000;869.000
3/02/2016;CARTAGENA 1;ENDG;411.646367;420.000;420.000
3/02/2016;CARTAGENA 2;ENDG;352.646367;361.000;361.000
3/02/2016;CARTAGENA 3;ENDG;351.646367;360.000;360.000
3/02/2016;CHIVOR;CHVG;58.648367;67.002;67.002
3/02/2016;CIMARRON;TMRG;71.646367;80.000;80.000
3/02/2016;EL QUIMBO;ENDG;860.072367;1000.000;1000.000
3/02/2016;FLORES 1;TMFG;371.646367;380.000;380.000
3/02/2016;FLORES 4B;TMFG;325.602367;333.956;333.956
3/02/2016;GECELCA 3;GECG;163.897367;172.251;172.251
3/02/2016;GUAJIRA 1;GECG;190.232367;198.586;198.586
3/02/2016;GUAJIRA 2;GECG;183.701367;192.055;192.055
3/02/2016;GUATAPE;EPMG;391.646367;400.000;400.000
3/02/2016;GUATRON;EPMG;541.646367;550.000;550.000
3/02/2016;GUAVIO;ENDG;58.648367;67.002;67.002
3/02/2016;JAGUAS;ISGG;241.646367;250.000;250.000
3/02/2016;LA TASAJERA;EPMG;476.646367;485.000;485.000
3/02/2016;MERILECTRICA 1;CIVG;387.262367;395.616;395.616
3/02/2016;MIEL I;ISGG;860.074367;1157.900;1157.900
3/02/2016;PAGUA;ENDG;461.646367;470.000;470.000
3/02/2016;PAIPA 1;HIMG;154.099367;162.453;162.453
3/02/2016;PAIPA 2;HIMG;135.174367;143.528;143.528
3/02/2016;PAIPA 3;HIMG;141.858367;150.212;150.212
3/02/2016;PAIPA 4;HIMG;129.499367;137.853;137.853
3/02/2016;PLAYAS;EPMG;860.078367;900.000;900.000
3/02/2016;PORCE II;EPMG;451.646367;460.000;460.000
3/02/2016;PORCE III;EPMG;471.646367;480.000;480.000
3/02/2016;PRADO;EPSG;860.073367;870.000;870.000
3/02/2016;PROELECTRICA 1;PRIG;270.316367;278.670;278.670
3/02/2016;PROELECTRICA 2;PRIG;270.316367;278.670;278.670
3/02/2016;SALVAJINA;EPSG;860.076367;880.000;880.000
3/02/2016;SAN CARLOS;ISGG;466.647367;475.001;475.001
3/02/2016;SOGAMOSO;ISGG;860.077367;1157.900;1157.900
3/02/2016;TASAJERO 1;TRMG;152.626367;160.980;160.980
3/02/2016;TASAJERO 2;TERG;163.126367;171.480;171.480
3/02/2016;TEBSAB;GECG;332.825367;341.179;341.179
3/02/2016;TERMOCANDELARIA 1;TCIG;803.080367;858.323;858.323
3/02/2016;TERMOCANDELARIA 2;TCIG;803.441367;866.907;866.907
3/02/2016;TERMOCENTRO CC;ISGG;357.773367;366.127;366.127
3/02/2016;TERMODORADA 1;EPMG;706.186367;714.540;714.540
3/02/2016;TERMOEMCALI 1;TEMG;355.697367;364.051;364.051
3/02/2016;TERMOSIERRAB;EPMG;347.983367;356.337;356.337
3/02/2016;TERMOVALLE 1;TMVG;425.885367;434.239;434.239
3/02/2016;TERMOYOPAL 2;TYPG;71.646367;80.000;80.000
3/02/2016;URRA;EMUG;58.649367;67.003;67.003
3/02/2016;ZIPAEMG 2;ENDG;163.102367;171.456;171.456
3/02/2016;ZIPAEMG 3;ENDG;163.646367;172.000;172.000
3/02/2016;ZIPAEMG 4;ENDG;164.146367;172.500;172.500
3/02/2016;ZIPAEMG 5;ENDG;161.523367;169.877;169.877
4/02/2016;ALBAN;EPSG;491.646367;500.000;500.000
4/02/2016;BARRANQUILLA 3;GECG;339.484367;347.838;347.838
4/02/2016;BARRANQUILLA 4;GECG;340.118367;348.472;348.472
4/02/2016;BETANIA;ENDG;860.076367;1000.000;1000.000
4/02/2016;CALIMA;EPSG;860.075367;869.000;869.000
4/02/2016;CARTAGENA 1;ENDG;426.132367;434.486;434.486
4/02/2016;CARTAGENA 2;ENDG;430.721367;439.075;439.075
4/02/2016;CARTAGENA 3;ENDG;432.952367;441.306;441.306
4/02/2016;CHIVOR;CHVG;470.336367;478.690;478.690
4/02/2016;CIMARRON;TMRG;71.646367;80.000;80.000
4/02/2016;EL QUIMBO;ENDG;860.072367;1000.000;1000.000
4/02/2016;FLORES 1;TMFG;346.646367;355.000;355.000
4/02/2016;FLORES 4B;TMFG;326.301367;334.655;334.655
4/02/2016;GECELCA 3;GECG;163.897367;172.251;172.251
4/02/2016;GUAJIRA 1;GECG;190.232367;198.586;198.586
4/02/2016;GUAJIRA 2;GECG;183.701367;192.055;192.055
4/02/2016;GUATAPE;EPMG;421.646367;430.000;430.000
4/02/2016;GUATRON;EPMG;741.646367;750.000;750.000
4/02/2016;GUAVIO;ENDG;58.648367;67.002;67.002
4/02/2016;JAGUAS;ISGG;58.648367;67.002;67.002
4/02/2016;LA TASAJERA;EPMG;541.646367;550.000;550.000
4/02/2016;MERILECTRICA 1;CIVG;351.646367;360.000;360.000
4/02/2016;MIEL I;ISGG;860.074367;1157.900;1157.900
4/02/2016;PAGUA;ENDG;469.646367;478.000;478.000
4/02/2016;PAIPA 1;HIMG;154.099367;162.453;162.453
4/02/2016;PAIPA 2;HIMG;135.174367;143.528;143.528
4/02/2016;PAIPA 3;HIMG;141.858367;150.212;150.212
4/02/2016;PAIPA 4;HIMG;129.499367;137.853;137.853
4/02/2016;PLAYAS;EPMG;391.646367;400.000;400.000
4/02/2016;PORCE II;EPMG;481.646367;490.000;490.000
4/02/2016;PORCE III;EPMG;431.646367;440.000;440.000
4/02/2016;PRADO;EPSG;860.073367;870.000;870.000
4/02/2016;PROELECTRICA 1;PRIG;270.316367;278.670;278.670
4/02/2016;PROELECTRICA 2;PRIG;270.316367;278.670;278.670
4/02/2016;SALVAJINA;EPSG;860.077367;880.000;880.000
4/02/2016;SAN CARLOS;ISGG;450.647367;459.001;459.001
4/02/2016;SOGAMOSO;ISGG;860.078367;1157.900;1157.900
4/02/2016;TASAJERO 1;TRMG;152.626367;160.980;160.980
4/02/2016;TASAJERO 2;TERG;163.126367;171.480;171.480
4/02/2016;TEBSAB;GECG;336.939367;345.293;345.293
4/02/2016;TERMOCANDELARIA 1;TCIG;802.395367;858.323;858.323
4/02/2016;TERMOCANDELARIA 2;TCIG;802.760367;866.907;866.907
4/02/2016;TERMOCENTRO CC;ISGG;358.149367;366.503;366.503
4/02/2016;TERMODORADA 1;EPMG;706.186367;714.540;714.540
4/02/2016;TERMOEMCALI 1;TEMG;355.697367;364.051;364.051
4/02/2016;TERMOSIERRAB;EPMG;347.983367;356.337;356.337
4/02/2016;TERMOVALLE 1;TMVG;425.885367;434.239;434.239
4/02/2016;TERMOYOPAL 2;TYPG;71.646367;80.000;80.000
4/02/2016;URRA;EMUG;58.649367;67.003;67.003
4/02/2016;ZIPAEMG 2;ENDG;163.102367;171.456;171.456
4/02/2016;ZIPAEMG 3;ENDG;163.646367;172.000;172.000
4/02/2016;ZIPAEMG 4;ENDG;164.146367;172.500;172.500
4/02/2016;ZIPAEMG 5;ENDG;161.523367;169.877;169.877
5/02/2016;ALBAN;EPSG;480.646367;455.000;489.000
5/02/2016;BARRANQUILLA 3;GECG;337.239367;343.961;345.593
5/02/2016;BARRANQUILLA 4;GECG;338.248367;343.416;346.602
5/02/2016;BETANIA;ENDG;860.077367;461.000;1000.000
5/02/2016;CALIMA;EPSG;860.076367;879.000;869.000
5/02/2016;CARTAGENA 1;ENDG;426.132367;439.075;434.486
5/02/2016;CARTAGENA 2;ENDG;430.721367;441.306;439.075
5/02/2016;CARTAGENA 3;ENDG;432.952367;434.486;441.306
5/02/2016;CHIVOR;CHVG;476.402367;493.110;484.756
5/02/2016;CIMARRON;TMRG;71.646367;80.000;80.000
5/02/2016;EL QUIMBO;ENDG;860.073367;1000.000;1000.000
5/02/2016;FLORES 1;TMFG;346.646367;345.000;355.000
5/02/2016;FLORES 4B;TMFG;330.082367;345.000;338.436
5/02/2016;GECELCA 3;GECG;163.897367;172.520;172.251
5/02/2016;GUAJIRA 1;GECG;190.232367;198.855;198.586
5/02/2016;GUAJIRA 2;GECG;183.701367;192.325;192.055
5/02/2016;GUATAPE;EPMG;421.646367;400.000;430.000
5/02/2016;GUATRON;EPMG;551.646367;800.000;560.000
5/02/2016;GUAVIO;ENDG;58.648367;445.000;67.002
5/02/2016;JAGUAS;ISGG;58.648367;1168.800;67.002
5/02/2016;LA TASAJERA;EPMG;541.646367;475.000;550.000
5/02/2016;MERILECTRICA 1;CIVG;351.646367;350.000;360.000
5/02/2016;MIEL I;ISGG;860.075367;67.002;1157.900
5/02/2016;PAGUA;ENDG;860.072367;460.000;1000.000
5/02/2016;PAIPA 1;HIMG;154.099367;162.453;162.453
5/02/2016;PAIPA 2;HIMG;135.174367;143.528;143.528
5/02/2016;PAIPA 3;HIMG;141.858367;150.212;150.212
5/02/2016;PAIPA 4;HIMG;129.499367;137.853;137.853
5/02/2016;PLAYAS;EPMG;391.646367;450.000;400.000
5/02/2016;PORCE II;EPMG;441.646367;445.000;450.000
5/02/2016;PORCE III;EPMG;451.646367;830.000;460.000
5/02/2016;PRADO;EPSG;860.074367;880.000;870.000
5/02/2016;PROELECTRICA 1;PRIG;270.316367;278.670;278.670
5/02/2016;PROELECTRICA 2;PRIG;270.316367;278.670;278.670
5/02/2016;SALVAJINA;EPSG;860.078367;890.000;880.000
5/02/2016;SAN CARLOS;ISGG;860.071367;451.000;868.425
5/02/2016;SOGAMOSO;ISGG;361.646367;1168.800;370.000
5/02/2016;TASAJERO 1;TRMG;152.626367;160.980;160.980
5/02/2016;TASAJERO 2;TERG;163.126367;171.480;171.480
5/02/2016;TEBSAB;GECG;335.834367;340.589;344.188
5/02/2016;TERMOCANDELARIA 1;TCIG;801.340367;858.323;858.323
5/02/2016;TERMOCANDELARIA 2;TCIG;801.711367;866.907;866.907
5/02/2016;TERMOCENTRO CC;ISGG;356.590367;287.310;364.944
5/02/2016;TERMODORADA 1;EPMG;706.186367;714.540;714.540
5/02/2016;TERMOEMCALI 1;TEMG;355.697367;364.051;364.051
5/02/2016;TERMOSIERRAB;EPMG;347.983367;365.699;356.337
5/02/2016;TERMOVALLE 1;TMVG;425.885367;434.239;434.239
5/02/2016;TERMOYOPAL 2;TYPG;71.646367;80.000;80.000
5/02/2016;URRA;EMUG;58.649367;67.003;67.003
5/02/2016;ZIPAEMG 2;ENDG;163.102367;196.096;171.456
5/02/2016;ZIPAEMG 3;ENDG;163.646367;196.728;172.000
5/02/2016;ZIPAEMG 4;ENDG;164.146367;197.674;172.500
5/02/2016;ZIPAEMG 5;ENDG;161.523367;193.758;169.877
6/02/2016;ALBAN;EPSG;541.646367;550.000;550.000
6/02/2016;BARRANQUILLA 3;GECG;337.239367;345.593;345.593
6/02/2016;BARRANQUILLA 4;GECG;338.248367;346.602;346.602
6/02/2016;BETANIA;ENDG;860.076367;1000.000;1000.000
6/02/2016;CALIMA;EPSG;860.075367;869.000;869.000
6/02/2016;CARTAGENA 1;ENDG;426.132367;434.486;434.486
6/02/2016;CARTAGENA 2;ENDG;432.952367;441.306;441.306
6/02/2016;CARTAGENA 3;ENDG;430.721367;439.075;439.075
6/02/2016;CHIVOR;CHVG;556.792367;565.146;565.146
6/02/2016;CIMARRON;TMRG;71.646367;80.000;80.000
6/02/2016;EL QUIMBO;ENDG;860.072367;1000.000;1000.000
6/02/2016;FLORES 1;TMFG;336.646367;345.000;345.000
6/02/2016;FLORES 4B;TMFG;327.909367;336.263;336.263
6/02/2016;GECELCA 3;GECG;163.897367;172.251;172.251
6/02/2016;GUAJIRA 1;GECG;190.232367;198.586;198.586
6/02/2016;GUAJIRA 2;GECG;183.701367;192.055;192.055
6/02/2016;GUATAPE;EPMG;421.646367;430.000;430.000
6/02/2016;GUATRON;EPMG;441.646367;450.000;450.000
6/02/2016;GUAVIO;ENDG;58.648367;67.002;67.002
6/02/2016;JAGUAS;ISGG;58.648367;67.002;67.002
6/02/2016;LA TASAJERA;EPMG;461.646367;470.000;470.000
6/02/2016;MERILECTRICA 1;CIVG;341.646367;350.000;350.000
6/02/2016;MIEL I;ISGG;860.074367;1157.900;1157.900
6/02/2016;PAGUA;ENDG;471.646367;480.000;480.000
6/02/2016;PAIPA 1;HIMG;154.099367;162.453;162.453
6/02/2016;PAIPA 2;HIMG;135.174367;143.528;143.528
6/02/2016;PAIPA 3;HIMG;141.858367;150.212;150.212
6/02/2016;PAIPA 4;HIMG;129.499367;137.853;137.853
6/02/2016;PLAYAS;EPMG;411.646367;420.000;420.000
6/02/2016;PORCE II;EPMG;811.646367;820.000;820.000
6/02/2016;PORCE III;EPMG;791.646367;800.000;800.000
6/02/2016;PRADO;EPSG;860.073367;870.000;870.000
6/02/2016;PROELECTRICA 1;PRIG;270.316367;278.670;278.670
6/02/2016;PROELECTRICA 2;PRIG;270.316367;278.670;278.670
6/02/2016;SALVAJINA;EPSG;860.077367;880.000;880.000
6/02/2016;SAN CARLOS;ISGG;478.646367;487.000;487.000
6/02/2016;SOGAMOSO;ISGG;860.078367;1157.900;1157.900
6/02/2016;TASAJERO 1;TRMG;152.626367;160.980;160.980
6/02/2016;TASAJERO 2;TERG;163.126367;171.480;171.480
6/02/2016;TEBSAB;GECG;335.834367;344.188;344.188
6/02/2016;TERMOCANDELARIA 1;TCIG;801.435367;858.323;858.323
6/02/2016;TERMOCANDELARIA 2;TCIG;801.806367;866.907;866.907
6/02/2016;TERMOCENTRO CC;ISGG;354.961367;363.315;363.315
6/02/2016;TERMODORADA 1;EPMG;706.186367;714.540;714.540
6/02/2016;TERMOEMCALI 1;TEMG;355.697367;364.051;364.051
6/02/2016;TERMOSIERRAB;EPMG;348.825367;357.179;357.179
6/02/2016;TERMOVALLE 1;TMVG;425.885367;434.239;434.239
6/02/2016;TERMOYOPAL 2;TYPG;71.646367;80.000;80.000
6/02/2016;URRA;EMUG;58.649367;67.003;67.003
6/02/2016;ZIPAEMG 2;ENDG;163.102367;171.456;171.456
6/02/2016;ZIPAEMG 3;ENDG;163.646367;172.000;172.000
6/02/2016;ZIPAEMG 4;ENDG;164.146367;172.500;172.500
6/02/2016;ZIPAEMG 5;ENDG;161.523367;169.877;169.877
7/02/2016;ALBAN;EPSG;516.646367;525.000;525.000
7/02/2016;BARRANQUILLA 3;GECG;337.239367;345.593;345.593
7/02/2016;BARRANQUILLA 4;GECG;338.248367;346.602;346.602
7/02/2016;BETANIA;ENDG;860.077367;1000.000;1000.000
7/02/2016;CALIMA;EPSG;860.076367;869.000;869.000
7/02/2016;CARTAGENA 1;ENDG;430.721367;439.075;439.075
7/02/2016;CARTAGENA 2;ENDG;432.952367;441.306;441.306
7/02/2016;CARTAGENA 3;ENDG;426.132367;434.486;434.486
7/02/2016;CHIVOR;CHVG;570.033367;578.387;578.387
7/02/2016;CIMARRON;TMRG;71.646367;80.000;80.000
7/02/2016;EL QUIMBO;ENDG;860.072367;1000.000;1000.000
7/02/2016;FLORES 1;TMFG;336.646367;345.000;345.000
7/02/2016;FLORES 4B;TMFG;327.817367;336.171;336.171
7/02/2016;GECELCA 3;GECG;163.897367;172.251;172.251
7/02/2016;GUAJIRA 1;GECG;190.232367;198.586;198.586
7/02/2016;GUAJIRA 2;GECG;183.701367;192.055;192.055
7/02/2016;GUATAPE;EPMG;421.646367;430.000;430.000
7/02/2016;GUATRON;EPMG;441.646367;450.000;450.000
7/02/2016;GUAVIO;ENDG;441.646367;450.000;450.000
7/02/2016;JAGUAS;ISGG;860.075367;1157.900;1157.900
7/02/2016;LA TASAJERA;EPMG;431.646367;440.000;440.000
7/02/2016;MERILECTRICA 1;CIVG;341.646367;350.000;350.000
7/02/2016;MIEL I;ISGG;860.074367;1157.900;1157.900
7/02/2016;PAGUA;ENDG;58.648367;67.002;67.002
7/02/2016;PAIPA 1;HIMG;154.099367;162.453;162.453
7/02/2016;PAIPA 2;HIMG;135.174367;143.528;143.528
7/02/2016;PAIPA 3;HIMG;141.858367;150.212;150.212
7/02/2016;PAIPA 4;HIMG;129.499367;137.853;137.853
7/02/2016;PLAYAS;EPMG;411.646367;420.000;420.000
7/02/2016;PORCE II;EPMG;811.646367;820.000;820.000
7/02/2016;PORCE III;EPMG;791.646367;800.000;800.000
7/02/2016;PRADO;EPSG;860.073367;870.000;870.000
7/02/2016;PROELECTRICA 1;PRIG;270.316367;278.670;278.670
7/02/2016;PROELECTRICA 2;PRIG;270.316367;278.670;278.670
7/02/2016;SALVAJINA;EPSG;860.078367;880.000;880.000
7/02/2016;SAN CARLOS;ISGG;470.146367;478.500;478.500
7/02/2016;SOGAMOSO;ISGG;860.079367;1157.900;1157.900
7/02/2016;TASAJERO 1;TRMG;152.626367;160.980;160.980
7/02/2016;TASAJERO 2;TERG;163.126367;171.480;171.480
7/02/2016;TEBSAB;GECG;335.834367;344.188;344.188
7/02/2016;TERMOCANDELARIA 1;TCIG;802.587367;858.323;858.323
7/02/2016;TERMOCANDELARIA 2;TCIG;802.951367;866.907;866.907
7/02/2016;TERMOCENTRO CC;ISGG;356.891367;365.245;365.245
7/02/2016;TERMODORADA 1;EPMG;706.186367;714.540;714.540
7/02/2016;TERMOEMCALI 1;TEMG;355.697367;364.051;364.051
7/02/2016;TERMOSIERRAB;EPMG;348.825367;357.179;357.179
7/02/2016;TERMOVALLE 1;TMVG;425.885367;434.239;434.239
7/02/2016;TERMOYOPAL 2;TYPG;71.646367;80.000;80.000
7/02/2016;URRA;EMUG;58.649367;67.003;67.003
7/02/2016;ZIPAEMG 2;ENDG;163.102367;171.456;171.456
7/02/2016;ZIPAEMG 3;ENDG;163.646367;172.000;172.000
7/02/2016;ZIPAEMG 4;ENDG;164.146367;172.500;172.500
7/02/2016;ZIPAEMG 5;ENDG;161.523367;169.877;169.877
8/02/2016;ALBAN;EPSG;541.646367;550.000;550.000
8/02/2016;BARRANQUILLA 3;GECG;337.239367;345.593;345.593
8/02/2016;BARRANQUILLA 4;GECG;338.248367;346.602;346.602
8/02/2016;BETANIA;ENDG;457.646367;466.000;466.000
8/02/2016;CALIMA;EPSG;860.075367;869.000;869.000
8/02/2016;CARTAGENA 1;ENDG;430.721367;439.075;439.075
8/02/2016;CARTAGENA 2;ENDG;432.952367;441.306;441.306
8/02/2016;CARTAGENA 3;ENDG;426.132367;434.486;434.486
8/02/2016;CHIVOR;CHVG;58.648367;67.002;67.002
8/02/2016;CIMARRON;TMRG;71.646367;80.000;80.000
8/02/2016;EL QUIMBO;ENDG;860.072367;1000.000;1000.000
8/02/2016;FLORES 1;TMFG;336.646367;345.000;345.000
8/02/2016;FLORES 4B;TMFG;327.893367;336.247;336.247
8/02/2016;GECELCA 3;GECG;163.897367;172.251;172.251
8/02/2016;GUAJIRA 1;GECG;190.232367;198.586;198.586
8/02/2016;GUAJIRA 2;GECG;183.701367;192.055;192.055
8/02/2016;GUATAPE;EPMG;421.646367;430.000;430.000
8/02/2016;GUATRON;EPMG;791.646367;800.000;800.000
8/02/2016;GUAVIO;ENDG;58.648367;67.002;67.002
8/02/2016;JAGUAS;ISGG;58.648367;67.002;67.002
8/02/2016;LA TASAJERA;EPMG;551.646367;560.000;560.000
8/02/2016;MERILECTRICA 1;CIVG;341.646367;350.000;350.000
8/02/2016;MIEL I;ISGG;860.074367;1157.900;1157.900
8/02/2016;PAGUA;ENDG;456.646367;465.000;465.000
8/02/2016;PAIPA 1;HIMG;154.099367;162.453;162.453
8/02/2016;PAIPA 2;HIMG;135.174367;143.528;143.528
8/02/2016;PAIPA 3;HIMG;141.858367;150.212;150.212
8/02/2016;PAIPA 4;HIMG;129.499367;137.853;137.853
8/02/2016;PLAYAS;EPMG;441.646367;450.000;450.000
8/02/2016;PORCE II;EPMG;811.646367;820.000;820.000
8/02/2016;PORCE III;EPMG;451.646367;460.000;460.000
8/02/2016;PRADO;EPSG;860.073367;870.000;870.000
8/02/2016;PROELECTRICA 1;PRIG;270.316367;278.670;278.670
8/02/2016;PROELECTRICA 2;PRIG;270.316367;278.670;278.670
8/02/2016;SALVAJINA;EPSG;860.076367;880.000;880.000
8/02/2016;SAN CARLOS;ISGG;470.146367;478.500;478.500
8/02/2016;SOGAMOSO;ISGG;860.077367;1157.900;1157.900
8/02/2016;TASAJERO 1;TRMG;152.626367;160.980;160.980
8/02/2016;TASAJERO 2;TERG;163.126367;171.480;171.480
8/02/2016;TEBSAB;GECG;335.834367;344.188;344.188
8/02/2016;TERMOCANDELARIA 1;TCIG;802.505367;858.323;858.323
8/02/2016;TERMOCANDELARIA 2;TCIG;802.869367;866.907;866.907
8/02/2016;TERMOCENTRO CC;ISGG;359.466367;367.820;367.820
8/02/2016;TERMODORADA 1;EPMG;706.186367;714.540;714.540
8/02/2016;TERMOEMCALI 1;TEMG;355.697367;364.051;364.051
8/02/2016;TERMOSIERRAB;EPMG;348.825367;357.179;357.179
8/02/2016;TERMOVALLE 1;TMVG;425.885367;434.239;434.239
8/02/2016;TERMOYOPAL 2;TYPG;71.646367;80.000;80.000
8/02/2016;URRA;EMUG;58.649367;67.003;67.003
8/02/2016;ZIPAEMG 2;ENDG;163.102367;171.456;171.456
8/02/2016;ZIPAEMG 3;ENDG;163.646367;172.000;172.000
8/02/2016;ZIPAEMG 4;ENDG;164.146367;172.500;172.500
8/02/2016;ZIPAEMG 5;ENDG;161.523367;169.877;169.877
9/02/2016;ALBAN;EPSG;416.646367;425.000;425.000
9/02/2016;BARRANQUILLA 3;GECG;337.239367;345.593;345.593
9/02/2016;BARRANQUILLA 4;GECG;338.248367;346.602;346.602
9/02/2016;BETANIA;ENDG;456.646367;465.000;465.000
9/02/2016;CALIMA;EPSG;860.646367;869.000;869.000
9/02/2016;CARTAGENA 1;ENDG;430.721367;439.075;439.075
9/02/2016;CARTAGENA 2;ENDG;432.952367;441.306;441.306
9/02/2016;CARTAGENA 3;ENDG;426.132367;434.486;434.486
9/02/2016;CHIVOR;CHVG;58.648367;67.002;67.002
9/02/2016;CIMARRON;TMRG;71.646367;80.000;80.000
9/02/2016;EL QUIMBO;ENDG;868.247367;1000.000;1000.000
9/02/2016;FLORES 1;TMFG;336.646367;345.000;345.000
9/02/2016;FLORES 4B;TMFG;327.893367;336.247;336.247
9/02/2016;GECELCA 3;GECG;163.897367;172.251;172.251
9/02/2016;GUAJIRA 1;GECG;190.232367;198.586;198.586
9/02/2016;GUAJIRA 2;GECG;183.701367;192.055;192.055
9/02/2016;GUATAPE;EPMG;421.646367;430.000;430.000
9/02/2016;GUATRON;EPMG;791.646367;800.000;800.000
9/02/2016;GUAVIO;ENDG;58.648367;67.002;67.002
9/02/2016;JAGUAS;ISGG;868.249367;1157.900;1157.900
9/02/2016;LA TASAJERA;EPMG;551.646367;560.000;560.000
9/02/2016;MERILECTRICA 1;CIVG;341.646367;350.000;350.000
9/02/2016;MIEL I;ISGG;868.248367;1157.900;1157.900
9/02/2016;PAGUA;ENDG;454.646367;463.000;463.000
9/02/2016;PAIPA 1;HIMG;154.099367;162.453;162.453
9/02/2016;PAIPA 2;HIMG;135.174367;143.528;143.528
9/02/2016;PAIPA 3;HIMG;141.858367;150.212;150.212
9/02/2016;PAIPA 4;HIMG;129.499367;137.853;137.853
9/02/2016;PLAYAS;EPMG;441.646367;450.000;450.000
9/02/2016;PORCE II;EPMG;811.646367;820.000;820.000
9/02/2016;PORCE III;EPMG;446.646367;455.000;455.000
9/02/2016;PRADO;EPSG;861.646367;870.000;870.000
9/02/2016;PROELECTRICA 1;PRIG;270.316367;278.670;278.670
9/02/2016;PROELECTRICA 2;PRIG;270.316367;278.670;278.670
9/02/2016;SALVAJINA;EPSG;868.250367;880.000;880.000
9/02/2016;SAN CARLOS;ISGG;359.646367;368.000;368.000
9/02/2016;SOGAMOSO;ISGG;868.251367;1157.900;1157.900
9/02/2016;TASAJERO 1;TRMG;152.626367;160.980;160.980
9/02/2016;TASAJERO 2;TERG;163.126367;171.480;171.480
9/02/2016;TEBSAB;GECG;335.834367;344.188;344.188
9/02/2016;TERMOCANDELARIA 1;TCIG;810.680367;858.323;858.323
9/02/2016;TERMOCANDELARIA 2;TCIG;811.044367;866.907;866.907
9/02/2016;TERMOCENTRO CC;ISGG;359.466367;367.820;367.820
9/02/2016;TERMODORADA 1;EPMG;706.186367;714.540;714.540
9/02/2016;TERMOEMCALI 1;TEMG;355.697367;364.051;364.051
9/02/2016;TERMOSIERRAB;EPMG;348.825367;357.179;357.179
9/02/2016;TERMOVALLE 1;TMVG;425.885367;434.239;434.239
9/02/2016;TERMOYOPAL 2;TYPG;71.646367;80.000;80.000
9/02/2016;URRA;EMUG;58.649367;67.003;67.003
9/02/2016;ZIPAEMG 2;ENDG;163.102367;171.456;171.456
9/02/2016;ZIPAEMG 3;ENDG;163.646367;172.000;172.000
9/02/2016;ZIPAEMG 4;ENDG;164.146367;172.500;172.500
9/02/2016;ZIPAEMG 5;ENDG;161.523367;169.877;169.877
10/02/2016;ALBAN;EPSG;416.646367;425.000;425.000
10/02/2016;BARRANQUILLA 3;GECG;335.600367;343.954;343.954
10/02/2016;BARRANQUILLA 4;GECG;334.827367;343.181;343.181
10/02/2016;BETANIA;ENDG;452.646367;461.000;461.000
10/02/2016;CALIMA;EPSG;868.250367;879.000;879.000
10/02/2016;CARTAGENA 1;ENDG;430.721367;439.075;439.075
10/02/2016;CARTAGENA 2;ENDG;432.952367;441.306;441.306
10/02/2016;CARTAGENA 3;ENDG;426.132367;434.486;434.486
10/02/2016;CHIVOR;CHVG;464.335367;472.689;472.689
10/02/2016;CIMARRON;TMRG;71.646367;80.000;80.000
10/02/2016;EL QUIMBO;ENDG;868.247367;1000.000;1000.000
10/02/2016;FLORES 1;TMFG;336.646367;345.000;345.000
10/02/2016;FLORES 4B;TMFG;336.646367;345.000;345.000
10/02/2016;GECELCA 3;GECG;164.166367;172.520;172.520
10/02/2016;GUAJIRA 1;GECG;190.501367;198.855;198.855
10/02/2016;GUAJIRA 2;GECG;183.971367;192.325;192.325
10/02/2016;GUATAPE;EPMG;421.646367;430.000;430.000
10/02/2016;GUATRON;EPMG;431.646367;440.000;440.000
10/02/2016;GUAVIO;ENDG;58.648367;67.002;67.002
10/02/2016;JAGUAS;ISGG;58.648367;67.002;67.002
10/02/2016;LA TASAJERA;EPMG;551.646367;560.000;560.000
10/02/2016;MERILECTRICA 1;CIVG;341.646367;350.000;350.000
10/02/2016;MIEL I;ISGG;868.249367;1168.800;1168.800
10/02/2016;PAGUA;ENDG;451.646367;460.000;460.000
10/02/2016;PAIPA 1;HIMG;154.099367;162.453;162.453
10/02/2016;PAIPA 2;HIMG;135.174367;143.528;143.528
10/02/2016;PAIPA 3;HIMG;141.858367;150.212;150.212
10/02/2016;PAIPA 4;HIMG;129.499367;137.853;137.853
10/02/2016;PLAYAS;EPMG;441.646367;450.000;450.000
10/02/2016;PORCE II;EPMG;811.646367;820.000;820.000
10/02/2016;PORCE III;EPMG;821.646367;830.000;830.000
10/02/2016;PRADO;EPSG;868.248367;880.000;880.000
10/02/2016;PROELECTRICA 1;PRIG;270.316367;278.670;278.670
10/02/2016;PROELECTRICA 2;PRIG;270.316367;278.670;278.670
10/02/2016;SALVAJINA;EPSG;868.251367;890.000;890.000
10/02/2016;SAN CARLOS;ISGG;349.646367;358.000;358.000
10/02/2016;SOGAMOSO;ISGG;868.252367;1168.800;1168.800
10/02/2016;TASAJERO 1;TRMG;152.626367;160.980;160.980
10/02/2016;TASAJERO 2;TERG;163.126367;171.480;171.480
10/02/2016;TEBSAB;GECG;332.223367;340.577;340.577
10/02/2016;TERMOCANDELARIA 1;TCIG;810.680367;858.323;858.323
10/02/2016;TERMOCANDELARIA 2;TCIG;811.044367;866.907;866.907
10/02/2016;TERMOCENTRO CC;ISGG;278.956367;287.310;287.310
10/02/2016;TERMODORADA 1;EPMG;706.186367;714.540;714.540
10/02/2016;TERMOEMCALI 1;TEMG;355.697367;364.051;364.051
10/02/2016;TERMOSIERRAB;EPMG;357.345367;365.699;365.699
10/02/2016;TERMOVALLE 1;TMVG;425.885367;434.239;434.239
10/02/2016;TERMOYOPAL 2;TYPG;71.646367;80.000;80.000
10/02/2016;URRA;EMUG;58.649367;67.003;67.003
10/02/2016;ZIPAEMG 2;ENDG;187.742367;196.096;196.096
10/02/2016;ZIPAEMG 3;ENDG;188.374367;196.728;196.728
10/02/2016;ZIPAEMG 4;ENDG;189.320367;197.674;197.674
10/02/2016;ZIPAEMG 5;ENDG;185.404367;193.758;193.758
11/02/2016;ALBAN;EPSG;446.646367;455.000;455.000
11/02/2016;BARRANQUILLA 3;GECG;335.607367;343.961;343.961
11/02/2016;BARRANQUILLA 4;GECG;335.062367;343.416;343.416
11/02/2016;BETANIA;ENDG;452.646367;461.000;461.000
11/02/2016;CALIMA;EPSG;868.250367;879.000;879.000
11/02/2016;CARTAGENA 1;ENDG;430.721367;439.075;439.075
11/02/2016;CARTAGENA 2;ENDG;432.952367;441.306;441.306
11/02/2016;CARTAGENA 3;ENDG;426.132367;434.486;434.486
11/02/2016;CHIVOR;CHVG;484.756367;493.110;493.110
11/02/2016;CIMARRON;TMRG;71.646367;80.000;80.000
11/02/2016;EL QUIMBO;ENDG;868.247367;1000.000;1000.000
11/02/2016;FLORES 1;TMFG;336.646367;345.000;345.000
11/02/2016;FLORES 4B;TMFG;336.646367;345.000;345.000
11/02/2016;GECELCA 3;GECG;164.166367;172.520;172.520
11/02/2016;GUAJIRA 1;GECG;190.501367;198.855;198.855
11/02/2016;GUAJIRA 2;GECG;183.971367;192.325;192.325
11/02/2016;GUATAPE;EPMG;391.646367;400.000;400.000
11/02/2016;GUATRON;EPMG;791.646367;800.000;800.000
11/02/2016;GUAVIO;ENDG;436.646367;445.000;445.000
11/02/2016;JAGUAS;ISGG;868.249367;1168.800;1168.800
11/02/2016;LA TASAJERA;EPMG;466.646367;475.000;475.000
11/02/2016;MERILECTRICA 1;CIVG;341.646367;350.000;350.000
11/02/2016;MIEL I;ISGG;58.648367;67.002;67.002
11/02/2016;PAGUA;ENDG;451.646367;460.000;460.000
11/02/2016;PAIPA 1;HIMG;154.099367;162.453;162.453
11/02/2016;PAIPA 2;HIMG;135.174367;143.528;143.528
11/02/2016;PAIPA 3;HIMG;141.858367;150.212;150.212
11/02/2016;PAIPA 4;HIMG;129.499367;137.853;137.853
11/02/2016;PLAYAS;EPMG;441.646367;450.000;450.000
11/02/2016;PORCE II;EPMG;436.646367;445.000;445.000
11/02/2016;PORCE III;EPMG;821.646367;830.000;830.000
11/02/2016;PRADO;EPSG;868.248367;880.000;880.000
11/02/2016;PROELECTRICA 1;PRIG;270.316367;278.670;278.670
11/02/2016;PROELECTRICA 2;PRIG;270.316367;278.670;278.670
11/02/2016;SALVAJINA;EPSG;868.251367;890.000;890.000
11/02/2016;SAN CARLOS;ISGG;442.646367;451.000;451.000
11/02/2016;SOGAMOSO;ISGG;868.252367;1168.800;1168.800
11/02/2016;TASAJERO 1;TRMG;152.626367;160.980;160.980
11/02/2016;TASAJERO 2;TERG;163.126367;171.480;171.480
11/02/2016;TEBSAB;GECG;332.235367;340.589;340.589
11/02/2016;TERMOCANDELARIA 1;TCIG;809.873367;858.323;858.323
11/02/2016;TERMOCANDELARIA 2;TCIG;810.243367;866.907;866.907
11/02/2016;TERMOCENTRO CC;ISGG;278.956367;287.310;287.310
11/02/2016;TERMODORADA 1;EPMG;706.186367;714.540;714.540
11/02/2016;TERMOEMCALI 1;TEMG;355.697367;364.051;364.051
11/02/2016;TERMOSIERRAB;EPMG;357.345367;365.699;365.699
11/02/2016;TERMOVALLE 1;TMVG;425.885367;434.239;434.239
11/02/2016;TERMOYOPAL 2;TYPG;71.646367;80.000;80.000
11/02/2016;URRA;EMUG;58.649367;67.003;67.003
11/02/2016;ZIPAEMG 2;ENDG;187.742367;196.096;196.096
11/02/2016;ZIPAEMG 3;ENDG;188.374367;196.728;196.728
11/02/2016;ZIPAEMG 4;ENDG;189.320367;197.674;197.674
11/02/2016;ZIPAEMG 5;ENDG;185.404367;193.758;193.758
12/02/2016;ALBAN;EPSG;591.646367;600.000;600.000
12/02/2016;BARRANQUILLA 3;GECG;336.326367;344.680;344.680
12/02/2016;BARRANQUILLA 4;GECG;336.428367;344.782;344.782
12/02/2016;BETANIA;ENDG;868.251367;1000.000;876.605
12/02/2016;CALIMA;EPSG;868.250367;879.000;876.604
12/02/2016;CARTAGENA 1;ENDG;430.721367;439.075;439.075
12/02/2016;CARTAGENA 2;ENDG;432.952367;441.306;441.306
12/02/2016;CARTAGENA 3;ENDG;426.132367;434.486;434.486
12/02/2016;CHIVOR;CHVG;58.648367;67.002;67.002
12/02/2016;CIMARRON;TMRG;71.646367;80.000;80.000
12/02/2016;EL QUIMBO;ENDG;868.247367;1000.000;876.601
12/02/2016;FLORES 1;TMFG;336.646367;345.000;345.000
12/02/2016;FLORES 4B;TMFG;336.646367;345.000;345.000
12/02/2016;GECELCA 3;GECG;164.166367;172.520;172.520
12/02/2016;GUAJIRA 1;GECG;190.501367;198.855;198.855
12/02/2016;GUAJIRA 2;GECG;183.971367;192.325;192.325
12/02/2016;GUATAPE;EPMG;391.646367;400.000;400.000
12/02/2016;GUATRON;EPMG;431.646367;440.000;440.000
12/02/2016;GUAVIO;ENDG;449.646367;458.000;458.000
12/02/2016;JAGUAS;ISGG;58.648367;67.002;67.002
12/02/2016;LA TASAJERA;EPMG;476.646367;485.000;485.000
12/02/2016;MERILECTRICA 1;CIVG;341.646367;350.000;350.000
12/02/2016;MIEL I;ISGG;868.249367;1168.800;876.603
12/02/2016;PAGUA;ENDG;58.648367;67.002;67.002
12/02/2016;PAIPA 1;HIMG;154.099367;162.453;162.453
12/02/2016;PAIPA 2;HIMG;135.174367;143.528;143.528
12/02/2016;PAIPA 3;HIMG;141.858367;150.212;150.212
12/02/2016;PAIPA 4;HIMG;129.499367;137.853;137.853
12/02/2016;PLAYAS;EPMG;641.646367;650.000;650.000
12/02/2016;PORCE II;EPMG;691.646367;700.000;700.000
12/02/2016;PORCE III;EPMG;456.646367;465.000;465.000
12/02/2016;PRADO;EPSG;868.248367;880.000;876.602
12/02/2016;PROELECTRICA 1;PRIG;270.316367;278.670;278.670
12/02/2016;PROELECTRICA 2;PRIG;270.316367;278.670;278.670
12/02/2016;SALVAJINA;EPSG;868.252367;890.000;876.606
12/02/2016;SAN CARLOS;ISGG;496.746367;505.100;505.100
12/02/2016;SOGAMOSO;ISGG;868.253367;1168.800;876.607
12/02/2016;TASAJERO 1;TRMG;152.626367;160.980;160.980
12/02/2016;TASAJERO 2;TERG;163.126367;171.480;171.480
12/02/2016;TEBSAB;GECG;333.481367;341.835;341.835
12/02/2016;TERMOCANDELARIA 1;TCIG;809.441367;858.323;817.795
12/02/2016;TERMOCANDELARIA 2;TCIG;809.813367;866.907;818.167
12/02/2016;TERMOCENTRO CC;ISGG;278.956367;287.310;287.310
12/02/2016;TERMODORADA 1;EPMG;706.186367;714.540;714.540
12/02/2016;TERMOEMCALI 1;TEMG;355.697367;364.051;364.051
12/02/2016;TERMOSIERRAB;EPMG;357.345367;365.699;365.699
12/02/2016;TERMOVALLE 1;TMVG;425.885367;434.239;434.239
12/02/2016;TERMOYOPAL 2;TYPG;71.646367;80.000;80.000
12/02/2016;URRA;EMUG;58.649367;67.003;67.003
12/02/2016;ZIPAEMG 2;ENDG;187.742367;196.096;196.096
12/02/2016;ZIPAEMG 3;ENDG;188.374367;196.728;196.728
12/02/2016;ZIPAEMG 4;ENDG;189.320367;197.674;197.674
12/02/2016;ZIPAEMG 5;ENDG;185.404367;193.758;193.758
13/02/2016;ALBAN;EPSG;541.646367;550.000;550.000
13/02/2016;BARRANQUILLA 3;GECG;337.105367;345.459;345.459
13/02/2016;BARRANQUILLA 4;GECG;335.968367;344.322;344.322
13/02/2016;BETANIA;ENDG;868.251367;1000.000;876.605
13/02/2016;CALIMA;EPSG;868.250367;879.000;876.604
13/02/2016;CARTAGENA 1;ENDG;432.952367;441.306;441.306
13/02/2016;CARTAGENA 2;ENDG;426.132367;434.486;434.486
13/02/2016;CARTAGENA 3;ENDG;430.721367;439.075;439.075
13/02/2016;CHIVOR;CHVG;527.746367;536.100;536.100
13/02/2016;CIMARRON;TMRG;71.646367;80.000;80.000
13/02/2016;EL QUIMBO;ENDG;868.247367;1000.000;876.601
13/02/2016;FLORES 1;TMFG;336.646367;345.000;345.000
13/02/2016;FLORES 4B;TMFG;336.646367;345.000;345.000
13/02/2016;GECELCA 3;GECG;164.372367;172.726;172.726
13/02/2016;GUAJIRA 1;GECG;190.501367;198.855;198.855
13/02/2016;GUAJIRA 2;GECG;183.971367;192.325;192.325
13/02/2016;GUATAPE;EPMG;391.646367;400.000;400.000
13/02/2016;GUATRON;EPMG;341.646367;350.000;350.000
13/02/2016;GUAVIO;ENDG;461.646367;470.000;470.000
13/02/2016;JAGUAS;ISGG;58.648367;67.002;67.002
13/02/2016;LA TASAJERA;EPMG;521.646367;530.000;530.000
13/02/2016;MERILECTRICA 1;CIVG;341.646367;350.000;350.000
13/02/2016;MIEL I;ISGG;868.249367;1168.800;876.603
13/02/2016;PAGUA;ENDG;58.648367;67.002;67.002
13/02/2016;PAIPA 1;HIMG;154.099367;162.453;162.453
13/02/2016;PAIPA 2;HIMG;135.174367;143.528;143.528
13/02/2016;PAIPA 3;HIMG;141.858367;150.212;150.212
13/02/2016;PAIPA 4;HIMG;129.499367;137.853;137.853
13/02/2016;PLAYAS;EPMG;441.646367;450.000;450.000
13/02/2016;PORCE II;EPMG;691.646367;700.000;700.000
13/02/2016;PORCE III;EPMG;501.646367;510.000;510.000
13/02/2016;PRADO;EPSG;868.248367;880.000;876.602
13/02/2016;PROELECTRICA 1;PRIG;270.316367;278.670;278.670
13/02/2016;PROELECTRICA 2;PRIG;270.316367;278.670;278.670
13/02/2016;SALVAJINA;EPSG;868.252367;890.000;876.606
13/02/2016;SAN CARLOS;ISGG;868.254367;1168.800;876.608
13/02/2016;SOGAMOSO;ISGG;868.253367;1168.800;876.607
13/02/2016;TASAJERO 1;TRMG;152.626367;160.980;160.980
13/02/2016;TASAJERO 2;TERG;163.126367;171.480;171.480
13/02/2016;TEBSAB;GECG;313.519367;321.873;321.873
13/02/2016;TERMOCANDELARIA 1;TCIG;809.550367;858.323;817.904
13/02/2016;TERMOCANDELARIA 2;TCIG;809.922367;866.907;818.276
13/02/2016;TERMOCENTRO CC;ISGG;278.956367;287.310;287.310
13/02/2016;TERMODORADA 1;EPMG;706.186367;714.540;714.540
13/02/2016;TERMOEMCALI 1;TEMG;355.697367;364.051;364.051
13/02/2016;TERMOSIERRAB;EPMG;318.032367;326.386;326.386
13/02/2016;TERMOVALLE 1;TMVG;425.885367;434.239;434.239
13/02/2016;TERMOYOPAL 2;TYPG;71.646367;80.000;80.000
13/02/2016;URRA;EMUG;58.649367;67.003;67.003
13/02/2016;ZIPAEMG 2;ENDG;187.742367;196.096;196.096
13/02/2016;ZIPAEMG 3;ENDG;188.374367;196.728;196.728
13/02/2016;ZIPAEMG 4;ENDG;189.320367;197.674;197.674
13/02/2016;ZIPAEMG 5;ENDG;185.404367;193.758;193.758
14/02/2016;ALBAN;EPSG;523.646367;532.000;532.000
14/02/2016;BARRANQUILLA 3;GECG;335.765367;344.119;344.119
14/02/2016;BARRANQUILLA 4;GECG;334.632367;342.986;342.986
14/02/2016;BETANIA;ENDG;868.251367;1000.000;876.605
14/02/2016;CALIMA;EPSG;868.250367;879.000;876.604
14/02/2016;CARTAGENA 1;ENDG;432.952367;441.306;441.306
14/02/2016;CARTAGENA 2;ENDG;430.721367;439.075;439.075
14/02/2016;CARTAGENA 3;ENDG;426.132367;434.486;434.486
14/02/2016;CHIVOR;CHVG;574.746367;583.100;583.100
14/02/2016;CIMARRON;TMRG;71.646367;80.000;80.000
14/02/2016;EL QUIMBO;ENDG;868.247367;1000.000;876.601
14/02/2016;FLORES 1;TMFG;336.646367;345.000;345.000
14/02/2016;FLORES 4B;TMFG;336.646367;345.000;345.000
14/02/2016;GECELCA 3;GECG;164.166367;172.520;172.520
14/02/2016;GUAJIRA 1;GECG;190.501367;198.855;198.855
14/02/2016;GUAJIRA 2;GECG;183.971367;192.325;192.325
14/02/2016;GUATAPE;EPMG;391.646367;400.000;400.000
14/02/2016;GUATRON;EPMG;431.646367;440.000;440.000
14/02/2016;GUAVIO;ENDG;516.646367;525.000;525.000
14/02/2016;JAGUAS;ISGG;58.648367;67.002;67.002
14/02/2016;LA TASAJERA;EPMG;551.646367;560.000;560.000
14/02/2016;MERILECTRICA 1;CIVG;341.646367;350.000;350.000
14/02/2016;MIEL I;ISGG;868.249367;1168.800;876.603
14/02/2016;PAGUA;ENDG;58.648367;67.002;67.002
14/02/2016;PAIPA 1;HIMG;154.099367;162.453;162.453
14/02/2016;PAIPA 2;HIMG;135.174367;143.528;143.528
14/02/2016;PAIPA 3;HIMG;141.858367;150.212;150.212
14/02/2016;PAIPA 4;HIMG;129.499367;137.853;137.853
14/02/2016;PLAYAS;EPMG;681.646367;690.000;690.000
14/02/2016;PORCE II;EPMG;691.646367;700.000;700.000
14/02/2016;PORCE III;EPMG;701.646367;710.000;710.000
14/02/2016;PRADO;EPSG;868.248367;880.000;876.602
14/02/2016;PROELECTRICA 1;PRIG;270.316367;278.670;278.670
14/02/2016;PROELECTRICA 2;PRIG;270.316367;278.670;278.670
14/02/2016;SALVAJINA;EPSG;868.252367;890.000;876.606
14/02/2016;SAN CARLOS;ISGG;596.646367;605.000;605.000
14/02/2016;SOGAMOSO;ISGG;868.253367;1168.800;876.607
14/02/2016;TASAJERO 1;TRMG;152.626367;160.980;160.980
14/02/2016;TASAJERO 2;TERG;163.126367;171.480;171.480
14/02/2016;TEBSAB;GECG;311.892367;320.246;320.246
14/02/2016;TERMOCANDELARIA 1;TCIG;808.696367;858.323;817.050
14/02/2016;TERMOCANDELARIA 2;TCIG;809.073367;866.907;817.427
14/02/2016;TERMOCENTRO CC;ISGG;278.956367;287.310;287.310
14/02/2016;TERMODORADA 1;EPMG;706.186367;714.540;714.540
14/02/2016;TERMOEMCALI 1;TEMG;355.697367;364.051;364.051
14/02/2016;TERMOSIERRAB;EPMG;318.032367;326.386;326.386
14/02/2016;TERMOVALLE 1;TMVG;425.885367;434.239;434.239
14/02/2016;TERMOYOPAL 2;TYPG;71.646367;80.000;80.000
14/02/2016;URRA;EMUG;58.649367;67.003;67.003
14/02/2016;ZIPAEMG 2;ENDG;187.742367;196.096;196.096
14/02/2016;ZIPAEMG 3;ENDG;188.374367;196.728;196.728
14/02/2016;ZIPAEMG 4;ENDG;189.320367;197.674;197.674
14/02/2016;ZIPAEMG 5;ENDG;185.404367;193.758;193.758
15/02/2016;ALBAN;EPSG;389.646367;398.000;398.000
15/02/2016;BARRANQUILLA 3;GECG;335.765367;344.119;344.119
15/02/2016;BARRANQUILLA 4;GECG;334.632367;342.986;342.986
15/02/2016;BETANIA;ENDG;868.251367;1000.000;876.605
15/02/2016;CALIMA;EPSG;868.250367;879.000;876.604
15/02/2016;CARTAGENA 1;ENDG;432.952367;441.306;441.306
15/02/2016;CARTAGENA 2;ENDG;430.721367;439.075;439.075
15/02/2016;CARTAGENA 3;ENDG;426.132367;434.486;434.486
15/02/2016;CHIVOR;CHVG;662.346367;670.700;670.700
15/02/2016;CIMARRON;TMRG;71.646367;80.000;80.000
15/02/2016;EL QUIMBO;ENDG;868.247367;1000.000;876.601
15/02/2016;FLORES 1;TMFG;336.646367;345.000;345.000
15/02/2016;FLORES 4B;TMFG;336.646367;345.000;345.000
15/02/2016;GECELCA 3;GECG;164.166367;172.520;172.520
15/02/2016;GUAJIRA 1;GECG;190.501367;198.855;198.855
15/02/2016;GUAJIRA 2;GECG;183.971367;192.325;192.325
15/02/2016;GUATAPE;EPMG;391.646367;400.000;400.000
15/02/2016;GUATRON;EPMG;681.646367;690.000;690.000
15/02/2016;GUAVIO;ENDG;791.646367;800.000;800.000
15/02/2016;JAGUAS;ISGG;868.249367;1168.800;876.603
15/02/2016;LA TASAJERA;EPMG;551.646367;560.000;560.000
15/02/2016;MERILECTRICA 1;CIVG;341.646367;350.000;350.000
15/02/2016;MIEL I;ISGG;571.646367;580.000;580.000
15/02/2016;PAGUA;ENDG;58.648367;67.002;67.002
15/02/2016;PAIPA 1;HIMG;154.099367;162.453;162.453
15/02/2016;PAIPA 2;HIMG;135.174367;143.528;143.528
15/02/2016;PAIPA 3;HIMG;141.858367;150.212;150.212
15/02/2016;PAIPA 4;HIMG;129.499367;137.853;137.853
15/02/2016;PLAYAS;EPMG;411.646367;420.000;420.000
15/02/2016;PORCE II;EPMG;691.646367;700.000;700.000
15/02/2016;PORCE III;EPMG;426.646367;435.000;435.000
15/02/2016;PRADO;EPSG;868.248367;880.000;876.602
15/02/2016;PROELECTRICA 1;PRIG;270.316367;278.670;278.670
15/02/2016;PROELECTRICA 2;PRIG;270.316367;278.670;278.670
15/02/2016;SALVAJINA;EPSG;868.252367;890.000;876.606
15/02/2016;SAN CARLOS;ISGG;868.253367;1168.800;876.607
15/02/2016;SOGAMOSO;ISGG;371.146367;379.500;379.500
15/02/2016;TASAJERO 1;TRMG;152.626367;160.980;160.980
15/02/2016;TASAJERO 2;TERG;163.126367;171.480;171.480
15/02/2016;TEBSAB;GECG;311.892367;320.246;320.246
15/02/2016;TERMOCANDELARIA 1;TCIG;809.131367;858.323;817.485
15/02/2016;TERMOCANDELARIA 2;TCIG;809.505367;866.907;817.859
15/02/2016;TERMOCENTRO CC;ISGG;363.407367;371.761;371.761
15/02/2016;TERMODORADA 1;EPMG;706.186367;714.540;714.540
15/02/2016;TERMOEMCALI 1;TEMG;355.697367;364.051;364.051
15/02/2016;TERMOSIERRAB;EPMG;318.032367;326.386;326.386
15/02/2016;TERMOVALLE 1;TMVG;425.885367;434.239;434.239
15/02/2016;TERMOYOPAL 2;TYPG;71.646367;80.000;80.000
15/02/2016;URRA;EMUG;58.649367;67.003;67.003
15/02/2016;ZIPAEMG 2;ENDG;187.742367;196.096;196.096
15/02/2016;ZIPAEMG 3;ENDG;188.374367;196.728;196.728
15/02/2016;ZIPAEMG 4;ENDG;189.320367;197.674;197.674
15/02/2016;ZIPAEMG 5;ENDG;185.404367;193.758;193.758
16/02/2016;ALBAN;EPSG;611.646367;620.000;620.000
16/02/2016;BARRANQUILLA 3;GECG;335.765367;344.119;344.119
16/02/2016;BARRANQUILLA 4;GECG;334.632367;342.986;342.986
16/02/2016;BETANIA;ENDG;868.251367;1000.000;876.605
16/02/2016;CALIMA;EPSG;868.250367;879.000;876.604
16/02/2016;CARTAGENA 1;ENDG;416.005367;424.359;424.359
16/02/2016;CARTAGENA 2;ENDG;413.889367;422.243;422.243
16/02/2016;CARTAGENA 3;ENDG;409.538367;417.892;417.892
16/02/2016;CHIVOR;CHVG;868.253367;905.600;876.607
16/02/2016;CIMARRON;TMRG;71.646367;80.000;80.000
16/02/2016;EL QUIMBO;ENDG;868.247367;1000.000;876.601
16/02/2016;FLORES 1;TMFG;336.646367;345.000;345.000
16/02/2016;FLORES 4B;TMFG;336.646367;345.000;345.000
16/02/2016;GECELCA 3;GECG;164.166367;172.520;172.520
16/02/2016;GUAJIRA 1;GECG;190.501367;198.855;198.855
16/02/2016;GUAJIRA 2;GECG;183.971367;192.325;192.325
16/02/2016;GUATAPE;EPMG;401.646367;410.000;410.000
16/02/2016;GUATRON;EPMG;841.646367;850.000;850.000
16/02/2016;GUAVIO;ENDG;651.646367;660.000;660.000
16/02/2016;JAGUAS;ISGG;386.646367;395.000;395.000
16/02/2016;LA TASAJERA;EPMG;581.646367;590.000;590.000
16/02/2016;MERILECTRICA 1;CIVG;341.646367;350.000;350.000
16/02/2016;MIEL I;ISGG;868.248367;1168.800;876.602
16/02/2016;PAGUA;ENDG;58.648367;67.002;67.002
16/02/2016;PAIPA 1;HIMG;154.099367;162.453;162.453
16/02/2016;PAIPA 2;HIMG;135.174367;143.528;143.528
16/02/2016;PAIPA 3;HIMG;141.858367;150.212;150.212
16/02/2016;PAIPA 4;HIMG;129.499367;137.853;137.853
16/02/2016;PLAYAS;EPMG;411.646367;420.000;420.000
16/02/2016;PORCE II;EPMG;831.646367;840.000;840.000
16/02/2016;PORCE III;EPMG;441.646367;450.000;450.000
16/02/2016;PRADO;EPSG;868.249367;880.000;876.603
16/02/2016;PROELECTRICA 1;PRIG;270.316367;278.670;278.670
16/02/2016;PROELECTRICA 2;PRIG;270.316367;278.670;278.670
16/02/2016;SALVAJINA;EPSG;868.254367;890.000;876.608
16/02/2016;SAN CARLOS;ISGG;509.646367;518.000;518.000
16/02/2016;SOGAMOSO;ISGG;868.252367;1168.800;876.606
16/02/2016;TASAJERO 1;TRMG;152.626367;160.980;160.980
16/02/2016;TASAJERO 2;TERG;163.126367;171.480;171.480
16/02/2016;TEBSAB;GECG;311.892367;320.246;320.246
16/02/2016;TERMOCANDELARIA 1;TCIG;809.131367;858.323;817.485
16/02/2016;TERMOCANDELARIA 2;TCIG;809.505367;866.907;817.859
16/02/2016;TERMOCENTRO CC;ISGG;350.607367;358.961;358.961
16/02/2016;TERMODORADA 1;EPMG;706.186367;714.540;714.540
16/02/2016;TERMOEMCALI 1;TEMG;355.697367;364.051;364.051
16/02/2016;TERMOSIERRAB;EPMG;318.032367;326.386;326.386
16/02/2016;TERMOVALLE 1;TMVG;425.885367;434.239;434.239
16/02/2016;TERMOYOPAL 2;TYPG;71.646367;80.000;80.000
16/02/2016;URRA;EMUG;58.649367;67.003;67.003
16/02/2016;ZIPAEMG 2;ENDG;187.742367;196.096;196.096
16/02/2016;ZIPAEMG 3;ENDG;188.374367;196.728;196.728
16/02/2016;ZIPAEMG 4;ENDG;189.320367;197.674;197.674
16/02/2016;ZIPAEMG 5;ENDG;185.404367;193.758;193.758
17/02/2016;ALBAN;EPSG;868.254367;880.000;876.608
17/02/2016;BARRANQUILLA 3;GECG;335.765367;344.119;344.119
17/02/2016;BARRANQUILLA 4;GECG;334.632367;342.986;342.986
17/02/2016;BETANIA;ENDG;868.250367;1000.000;876.604
17/02/2016;CALIMA;EPSG;868.146367;876.500;876.500
17/02/2016;CARTAGENA 1;ENDG;416.005367;424.359;424.359
17/02/2016;CARTAGENA 2;ENDG;409.538367;417.892;417.892
17/02/2016;CARTAGENA 3;ENDG;413.889367;422.243;422.243
17/02/2016;CHIVOR;CHVG;868.253367;903.400;876.607
17/02/2016;CIMARRON;TMRG;71.646367;80.000;80.000
17/02/2016;EL QUIMBO;ENDG;868.247367;1000.000;876.601
17/02/2016;FLORES 1;TMFG;336.646367;345.000;345.000
17/02/2016;FLORES 4B;TMFG;336.646367;345.000;345.000
17/02/2016;GECELCA 3;GECG;164.166367;172.520;172.520
17/02/2016;GUAJIRA 1;GECG;190.501367;198.855;198.855
17/02/2016;GUAJIRA 2;GECG;183.971367;192.325;192.325
17/02/2016;GUATAPE;EPMG;401.646367;410.000;410.000
17/02/2016;GUATRON;EPMG;868.252367;900.000;876.606
17/02/2016;GUAVIO;ENDG;836.646367;845.000;845.000
17/02/2016;JAGUAS;ISGG;58.648367;67.002;67.002
17/02/2016;LA TASAJERA;EPMG;721.646367;730.000;730.000
17/02/2016;MERILECTRICA 1;CIVG;341.646367;350.000;350.000
17/02/2016;MIEL I;ISGG;868.249367;1168.800;876.603
17/02/2016;PAGUA;ENDG;58.648367;67.002;67.002
17/02/2016;PAIPA 1;HIMG;154.099367;162.453;162.453
17/02/2016;PAIPA 2;HIMG;135.174367;143.528;143.528
17/02/2016;PAIPA 3;HIMG;141.858367;150.212;150.212
17/02/2016;PAIPA 4;HIMG;129.499367;137.853;137.853
17/02/2016;PLAYAS;EPMG;601.646367;610.000;610.000
17/02/2016;PORCE II;EPMG;831.646367;840.000;840.000
17/02/2016;PORCE III;EPMG;741.646367;750.000;750.000
17/02/2016;PRADO;EPSG;868.248367;880.000;876.602
17/02/2016;PROELECTRICA 1;PRIG;270.316367;278.670;278.670
17/02/2016;PROELECTRICA 2;PRIG;270.316367;278.670;278.670
17/02/2016;SALVAJINA;EPSG;868.246367;876.600;876.600
17/02/2016;SAN CARLOS;ISGG;868.245367;876.599;876.599
17/02/2016;SOGAMOSO;ISGG;868.251367;1168.800;876.605
17/02/2016;TASAJERO 1;TRMG;152.626367;160.980;160.980
17/02/2016;TASAJERO 2;TERG;163.126367;171.480;171.480
17/02/2016;TEBSAB;GECG;311.892367;320.246;320.246
17/02/2016;TERMOCANDELARIA 1;TCIG;809.131367;858.323;817.485
17/02/2016;TERMOCANDELARIA 2;TCIG;809.505367;866.907;817.859
17/02/2016;TERMOCENTRO CC;ISGG;278.956367;287.310;287.310
17/02/2016;TERMODORADA 1;EPMG;706.186367;714.540;714.540
17/02/2016;TERMOEMCALI 1;TEMG;355.697367;364.051;364.051
17/02/2016;TERMOSIERRAB;EPMG;333.621367;341.975;341.975
17/02/2016;TERMOVALLE 1;TMVG;404.332367;412.686;412.686
17/02/2016;TERMOYOPAL 2;TYPG;71.646367;80.000;80.000
17/02/2016;URRA;EMUG;58.649367;67.003;67.003
17/02/2016;ZIPAEMG 2;ENDG;187.742367;196.096;196.096
17/02/2016;ZIPAEMG 3;ENDG;188.374367;196.728;196.728
17/02/2016;ZIPAEMG 4;ENDG;189.320367;197.674;197.674
17/02/2016;ZIPAEMG 5;ENDG;185.404367;193.758;193.758
18/02/2016;ALBAN;EPSG;868.236367;876.590;876.590
18/02/2016;BARRANQUILLA 3;GECG;335.765367;344.119;344.119
18/02/2016;BARRANQUILLA 4;GECG;334.632367;342.986;342.986
18/02/2016;BETANIA;ENDG;868.251367;1000.000;876.605
18/02/2016;CALIMA;EPSG;868.146367;876.500;876.500
18/02/2016;CARTAGENA 1;ENDG;409.538367;417.892;417.892
18/02/2016;CARTAGENA 2;ENDG;413.889367;422.243;422.243
18/02/2016;CARTAGENA 3;ENDG;416.005367;424.359;424.359
18/02/2016;CHIVOR;CHVG;868.253367;900.000;876.607
18/02/2016;CIMARRON;TMRG;71.646367;80.000;80.000
18/02/2016;EL QUIMBO;ENDG;868.247367;1000.000;876.601
18/02/2016;FLORES 1;TMFG;416.366367;424.720;424.720
18/02/2016;FLORES 4B;TMFG;394.185367;402.539;402.539
18/02/2016;GECELCA 3;GECG;164.166367;172.520;172.520
18/02/2016;GUAJIRA 1;GECG;190.501367;198.855;198.855
18/02/2016;GUAJIRA 2;GECG;183.971367;192.325;192.325
18/02/2016;GUATAPE;EPMG;401.646367;410.000;410.000
18/02/2016;GUATRON;EPMG;841.646367;850.000;850.000
18/02/2016;GUAVIO;ENDG;868.248367;900.000;876.602
18/02/2016;JAGUAS;ISGG;58.648367;67.002;67.002
18/02/2016;LA TASAJERA;EPMG;851.646367;860.000;860.000
18/02/2016;MERILECTRICA 1;CIVG;395.425367;403.779;403.779
18/02/2016;MIEL I;ISGG;868.249367;1168.800;876.603
18/02/2016;PAGUA;ENDG;58.648367;67.002;67.002
18/02/2016;PAIPA 1;HIMG;154.099367;162.453;162.453
18/02/2016;PAIPA 2;HIMG;135.174367;143.528;143.528
18/02/2016;PAIPA 3;HIMG;141.858367;150.212;150.212
18/02/2016;PAIPA 4;HIMG;129.499367;137.853;137.853
18/02/2016;PLAYAS;EPMG;868.254367;920.000;876.608
18/02/2016;PORCE II;EPMG;868.255367;890.000;876.609
18/02/2016;PORCE III;EPMG;741.646367;750.000;750.000
18/02/2016;PRADO;EPSG;868.250367;880.000;876.604
18/02/2016;PROELECTRICA 1;PRIG;270.316367;278.670;278.670
18/02/2016;PROELECTRICA 2;PRIG;270.316367;278.670;278.670
18/02/2016;SALVAJINA;EPSG;868.246367;876.600;876.600
18/02/2016;SAN CARLOS;ISGG;868.245367;876.599;876.599
18/02/2016;SOGAMOSO;ISGG;868.252367;1168.800;876.606
18/02/2016;TASAJERO 1;TRMG;152.626367;160.980;160.980
18/02/2016;TASAJERO 2;TERG;163.126367;171.480;171.480
18/02/2016;TEBSAB;GECG;311.892367;320.246;320.246
18/02/2016;TERMOCANDELARIA 1;TCIG;809.131367;858.323;817.485
18/02/2016;TERMOCANDELARIA 2;TCIG;809.505367;866.907;817.859
18/02/2016;TERMOCENTRO CC;ISGG;278.956367;287.310;287.310
18/02/2016;TERMODORADA 1;EPMG;706.186367;714.540;714.540
18/02/2016;TERMOEMCALI 1;TEMG;355.697367;364.051;364.051
18/02/2016;TERMOSIERRAB;EPMG;333.621367;341.975;341.975
18/02/2016;TERMOVALLE 1;TMVG;404.332367;412.686;412.686
18/02/2016;TERMOYOPAL 2;TYPG;71.646367;80.000;80.000
18/02/2016;URRA;EMUG;58.649367;67.003;67.003
18/02/2016;ZIPAEMG 2;ENDG;187.742367;196.096;196.096
18/02/2016;ZIPAEMG 3;ENDG;188.374367;196.728;196.728
18/02/2016;ZIPAEMG 4;ENDG;189.320367;197.674;197.674
18/02/2016;ZIPAEMG 5;ENDG;185.404367;193.758;193.758
19/02/2016;ALBAN;EPSG;868.256367;885.000;876.610
19/02/2016;BARRANQUILLA 3;GECG;335.765367;344.119;344.119
19/02/2016;BARRANQUILLA 4;GECG;334.632367;342.986;342.986
19/02/2016;BETANIA;ENDG;868.251367;1000.000;876.605
19/02/2016;CALIMA;EPSG;868.250367;880.000;876.604
19/02/2016;CARTAGENA 1;ENDG;409.538367;417.892;417.892
19/02/2016;CARTAGENA 2;ENDG;413.889367;422.243;422.243
19/02/2016;CARTAGENA 3;ENDG;416.005367;424.359;424.359
19/02/2016;CHIVOR;CHVG;58.648367;67.002;67.002
19/02/2016;CIMARRON;TMRG;71.646367;80.000;80.000
19/02/2016;EL QUIMBO;ENDG;691.646367;700.000;700.000
19/02/2016;FLORES 1;TMFG;415.389367;423.743;423.743
19/02/2016;FLORES 4B;TMFG;326.655367;335.009;335.009
19/02/2016;GECELCA 3;GECG;164.166367;172.520;172.520
19/02/2016;GUAJIRA 1;GECG;190.382367;198.736;198.736
19/02/2016;GUAJIRA 2;GECG;183.971367;192.325;192.325
19/02/2016;GUATAPE;EPMG;401.646367;410.000;410.000
19/02/2016;GUATRON;EPMG;868.253367;900.000;876.607
19/02/2016;GUAVIO;ENDG;868.247367;1000.000;876.601
19/02/2016;JAGUAS;ISGG;58.648367;67.002;67.002
19/02/2016;LA TASAJERA;EPMG;866.646367;875.000;875.000
19/02/2016;MERILECTRICA 1;CIVG;384.130367;392.484;392.484
19/02/2016;MIEL I;ISGG;868.248367;1168.800;876.602
19/02/2016;PAGUA;ENDG;58.648367;67.002;67.002
19/02/2016;PAIPA 1;HIMG;154.099367;162.453;162.453
19/02/2016;PAIPA 2;HIMG;135.174367;143.528;143.528
19/02/2016;PAIPA 3;HIMG;141.858367;150.212;150.212
19/02/2016;PAIPA 4;HIMG;129.499367;137.853;137.853
19/02/2016;PLAYAS;EPMG;841.646367;850.000;850.000
19/02/2016;PORCE II;EPMG;868.257367;890.000;876.611
19/02/2016;PORCE III;EPMG;861.646367;870.000;870.000
19/02/2016;PRADO;EPSG;868.249367;880.000;876.603
19/02/2016;PROELECTRICA 1;PRIG;270.316367;278.670;278.670
19/02/2016;PROELECTRICA 2;PRIG;270.316367;278.670;278.670
19/02/2016;SALVAJINA;EPSG;868.254367;886.000;876.608
19/02/2016;SAN CARLOS;ISGG;868.255367;1168.800;876.609
19/02/2016;SOGAMOSO;ISGG;868.252367;1168.800;876.606
19/02/2016;TASAJERO 1;TRMG;152.626367;160.980;160.980
19/02/2016;TASAJERO 2;TERG;163.126367;171.480;171.480
19/02/2016;TEBSAB;GECG;319.831367;328.185;328.185
19/02/2016;TERMOCANDELARIA 1;TCIG;809.182367;858.323;817.536
19/02/2016;TERMOCANDELARIA 2;TCIG;809.556367;866.907;817.910
19/02/2016;TERMOCENTRO CC;ISGG;278.956367;287.310;287.310
19/02/2016;TERMODORADA 1;EPMG;706.186367;714.540;714.540
19/02/2016;TERMOEMCALI 1;TEMG;355.697367;364.051;364.051
19/02/2016;TERMOSIERRAB;EPMG;333.621367;341.975;341.975
19/02/2016;TERMOVALLE 1;TMVG;404.332367;412.686;412.686
19/02/2016;TERMOYOPAL 2;TYPG;71.646367;80.000;80.000
19/02/2016;URRA;EMUG;58.649367;67.003;67.003
19/02/2016;ZIPAEMG 2;ENDG;187.742367;196.096;196.096
19/02/2016;ZIPAEMG 3;ENDG;188.374367;196.728;196.728
19/02/2016;ZIPAEMG 4;ENDG;189.320367;197.674;197.674
19/02/2016;ZIPAEMG 5;ENDG;185.404367;193.758;193.758
20/02/2016;ALBAN;EPSG;868.257367;885.000;876.611
20/02/2016;BARRANQUILLA 3;GECG;335.765367;344.119;344.119
20/02/2016;BARRANQUILLA 4;GECG;334.632367;342.986;342.986
20/02/2016;BETANIA;ENDG;868.252367;1000.000;876.606
20/02/2016;CALIMA;EPSG;868.247367;880.000;876.601
20/02/2016;CARTAGENA 1;ENDG;409.538367;417.892;417.892
20/02/2016;CARTAGENA 2;ENDG;413.889367;422.243;422.243
20/02/2016;CARTAGENA 3;ENDG;416.005367;424.359;424.359
20/02/2016;CHIVOR;CHVG;868.256367;900.000;876.610
20/02/2016;CIMARRON;TMRG;71.646367;80.000;80.000
20/02/2016;EL QUIMBO;ENDG;691.646367;700.000;700.000
20/02/2016;FLORES 1;TMFG;415.353367;423.707;423.707
20/02/2016;FLORES 4B;TMFG;394.061367;402.415;402.415
20/02/2016;GECELCA 3;GECG;164.166367;172.520;172.520
20/02/2016;GUAJIRA 1;GECG;190.382367;198.736;198.736
20/02/2016;GUAJIRA 2;GECG;183.971367;192.325;192.325
20/02/2016;GUATAPE;EPMG;401.646367;410.000;410.000
20/02/2016;GUATRON;EPMG;868.255367;900.000;876.609
20/02/2016;GUAVIO;ENDG;868.248367;1000.000;876.602
20/02/2016;JAGUAS;ISGG;868.251367;1168.800;876.605
20/02/2016;LA TASAJERA;EPMG;868.253367;920.000;876.607
20/02/2016;MERILECTRICA 1;CIVG;381.926367;390.280;390.280
20/02/2016;MIEL I;ISGG;868.250367;1168.800;876.604
20/02/2016;PAGUA;ENDG;58.648367;67.002;67.002
20/02/2016;PAIPA 1;HIMG;154.099367;162.453;162.453
20/02/2016;PAIPA 2;HIMG;135.174367;143.528;143.528
20/02/2016;PAIPA 3;HIMG;141.858367;150.212;150.212
20/02/2016;PAIPA 4;HIMG;129.499367;137.853;137.853
20/02/2016;PLAYAS;EPMG;868.146367;876.500;876.500
20/02/2016;PORCE II;EPMG;867.646367;876.000;876.000
20/02/2016;PORCE III;EPMG;868.259367;880.000;876.613
20/02/2016;PRADO;EPSG;868.249367;880.000;876.603
20/02/2016;PROELECTRICA 1;PRIG;270.316367;278.670;278.670
20/02/2016;PROELECTRICA 2;PRIG;270.316367;278.670;278.670
20/02/2016;SALVAJINA;EPSG;868.258367;886.000;876.612
20/02/2016;SAN CARLOS;ISGG;868.245367;876.599;876.599
20/02/2016;SOGAMOSO;ISGG;868.254367;1168.800;876.608
20/02/2016;TASAJERO 1;TRMG;152.626367;160.980;160.980
20/02/2016;TASAJERO 2;TERG;163.126367;171.480;171.480
20/02/2016;TEBSAB;GECG;313.056367;321.410;321.410
20/02/2016;TERMOCANDELARIA 1;TCIG;776.883367;785.237;785.237
20/02/2016;TERMOCANDELARIA 2;TCIG;784.735367;793.089;793.089
20/02/2016;TERMOCENTRO CC;ISGG;118.424367;126.778;126.778
20/02/2016;TERMODORADA 1;EPMG;706.386367;714.740;714.740
20/02/2016;TERMOEMCALI 1;TEMG;355.697367;364.051;364.051
20/02/2016;TERMOSIERRAB;EPMG;328.013367;336.367;336.367
20/02/2016;TERMOVALLE 1;TMVG;404.332367;412.686;412.686
20/02/2016;TERMOYOPAL 2;TYPG;71.646367;80.000;80.000
20/02/2016;URRA;EMUG;58.649367;67.003;67.003
20/02/2016;ZIPAEMG 2;ENDG;187.742367;196.096;196.096
20/02/2016;ZIPAEMG 3;ENDG;188.374367;196.728;196.728
20/02/2016;ZIPAEMG 4;ENDG;189.320367;197.674;197.674
20/02/2016;ZIPAEMG 5;ENDG;185.404367;193.758;193.758
21/02/2016;ALBAN;EPSG;868.259367;885.000;876.613
21/02/2016;BARRANQUILLA 3;GECG;352.753367;361.107;361.107
21/02/2016;BARRANQUILLA 4;GECG;351.621367;359.975;359.975
21/02/2016;BETANIA;ENDG;868.251367;1000.000;876.605
21/02/2016;CALIMA;EPSG;868.247367;880.000;876.601
21/02/2016;CARTAGENA 1;ENDG;409.538367;417.892;417.892
21/02/2016;CARTAGENA 2;ENDG;413.889367;422.243;422.243
21/02/2016;CARTAGENA 3;ENDG;416.005367;424.359;424.359
21/02/2016;CHIVOR;CHVG;868.255367;900.000;876.609
21/02/2016;CIMARRON;TMRG;71.646367;80.000;80.000
21/02/2016;EL QUIMBO;ENDG;691.646367;700.000;700.000
21/02/2016;FLORES 1;TMFG;415.373367;423.727;423.727
21/02/2016;FLORES 4B;TMFG;323.394367;331.748;331.748
21/02/2016;GECELCA 3;GECG;181.166367;189.520;189.520
21/02/2016;GUAJIRA 1;GECG;207.382367;215.736;215.736
21/02/2016;GUAJIRA 2;GECG;200.971367;209.325;209.325
21/02/2016;GUATAPE;EPMG;401.646367;410.000;410.000
21/02/2016;GUATRON;EPMG;868.254367;900.000;876.608
21/02/2016;GUAVIO;ENDG;868.248367;1000.000;876.602
21/02/2016;JAGUAS;ISGG;868.250367;1168.800;876.604
21/02/2016;LA TASAJERA;EPMG;868.252367;920.000;876.606
21/02/2016;MERILECTRICA 1;CIVG;382.938367;391.292;391.292
21/02/2016;MIEL I;ISGG;58.648367;67.002;67.002
21/02/2016;PAGUA;ENDG;58.648367;67.002;67.002
21/02/2016;PAIPA 1;HIMG;154.099367;162.453;162.453
21/02/2016;PAIPA 2;HIMG;135.174367;143.528;143.528
21/02/2016;PAIPA 3;HIMG;141.858367;150.212;150.212
21/02/2016;PAIPA 4;HIMG;129.499367;137.853;137.853
21/02/2016;PLAYAS;EPMG;868.257367;910.000;876.611
21/02/2016;PORCE II;EPMG;868.258367;890.000;876.612
21/02/2016;PORCE III;EPMG;868.146367;876.500;876.500
21/02/2016;PRADO;EPSG;868.249367;880.000;876.603
21/02/2016;PROELECTRICA 1;PRIG;270.316367;278.670;278.670
21/02/2016;PROELECTRICA 2;PRIG;270.316367;278.670;278.670
21/02/2016;SALVAJINA;EPSG;868.260367;886.000;876.614
21/02/2016;SAN CARLOS;ISGG;868.256367;1168.800;876.610
21/02/2016;SOGAMOSO;ISGG;868.253367;1168.800;876.607
21/02/2016;TASAJERO 1;TRMG;152.626367;160.980;160.980
21/02/2016;TASAJERO 2;TERG;163.126367;171.480;171.480
21/02/2016;TEBSAB;GECG;318.200367;326.554;326.554
21/02/2016;TERMOCANDELARIA 1;TCIG;776.883367;785.237;785.237
21/02/2016;TERMOCANDELARIA 2;TCIG;784.735367;793.089;793.089
21/02/2016;TERMOCENTRO CC;ISGG;278.956367;287.310;287.310
21/02/2016;TERMODORADA 1;EPMG;706.386367;714.740;714.740
21/02/2016;TERMOEMCALI 1;TEMG;355.697367;364.051;364.051
21/02/2016;TERMOSIERRAB;EPMG;328.013367;336.367;336.367
21/02/2016;TERMOVALLE 1;TMVG;404.332367;412.686;412.686
21/02/2016;TERMOYOPAL 2;TYPG;71.646367;80.000;80.000
21/02/2016;URRA;EMUG;58.649367;67.003;67.003
21/02/2016;ZIPAEMG 2;ENDG;187.742367;196.096;196.096
21/02/2016;ZIPAEMG 3;ENDG;188.374367;196.728;196.728
21/02/2016;ZIPAEMG 4;ENDG;189.320367;197.674;197.674
21/02/2016;ZIPAEMG 5;ENDG;185.404367;193.758;193.758
22/02/2016;ALBAN;EPSG;771.646367;780.000;780.000
22/02/2016;BARRANQUILLA 3;GECG;352.753367;361.107;361.107
22/02/2016;BARRANQUILLA 4;GECG;351.621367;359.975;359.975
22/02/2016;BETANIA;ENDG;868.251367;1000.000;876.605
22/02/2016;CALIMA;EPSG;868.247367;880.000;876.601
22/02/2016;CARTAGENA 1;ENDG;409.538367;417.892;417.892
22/02/2016;CARTAGENA 2;ENDG;413.889367;422.243;422.243
22/02/2016;CARTAGENA 3;ENDG;416.005367;424.359;424.359
22/02/2016;CHIVOR;CHVG;58.648367;67.002;67.002
22/02/2016;CIMARRON;TMRG;71.646367;80.000;80.000
22/02/2016;EL QUIMBO;ENDG;691.646367;700.000;700.000
22/02/2016;FLORES 1;TMFG;415.373367;423.727;423.727
22/02/2016;FLORES 4B;TMFG;323.294367;331.648;331.648
22/02/2016;GECELCA 3;GECG;181.166367;189.520;189.520
22/02/2016;GUAJIRA 1;GECG;207.382367;215.736;215.736
22/02/2016;GUAJIRA 2;GECG;200.971367;209.325;209.325
22/02/2016;GUATAPE;EPMG;401.646367;410.000;410.000
22/02/2016;GUATRON;EPMG;868.253367;900.000;876.607
22/02/2016;GUAVIO;ENDG;868.248367;1000.000;876.602
22/02/2016;JAGUAS;ISGG;58.648367;67.002;67.002
22/02/2016;LA TASAJERA;EPMG;868.252367;920.000;876.606
22/02/2016;MERILECTRICA 1;CIVG;383.102367;391.456;391.456
22/02/2016;MIEL I;ISGG;868.250367;1168.800;876.604
22/02/2016;PAGUA;ENDG;58.648367;67.002;67.002
22/02/2016;PAIPA 1;HIMG;154.099367;162.453;162.453
22/02/2016;PAIPA 2;HIMG;135.174367;143.528;143.528
22/02/2016;PAIPA 3;HIMG;141.858367;150.212;150.212
22/02/2016;PAIPA 4;HIMG;129.499367;137.853;137.853
22/02/2016;PLAYAS;EPMG;868.255367;910.000;876.609
22/02/2016;PORCE II;EPMG;868.236367;876.590;876.590
22/02/2016;PORCE III;EPMG;868.256367;930.000;876.610
22/02/2016;PRADO;EPSG;868.249367;880.000;876.603
22/02/2016;PROELECTRICA 1;PRIG;270.316367;278.670;278.670
22/02/2016;PROELECTRICA 2;PRIG;270.316367;278.670;278.670
22/02/2016;SALVAJINA;EPSG;868.257367;886.000;876.611
22/02/2016;SAN CARLOS;ISGG;868.254367;1168.800;876.608
22/02/2016;SOGAMOSO;ISGG;291.646367;300.000;300.000
22/02/2016;TASAJERO 1;TRMG;152.626367;160.980;160.980
22/02/2016;TASAJERO 2;TERG;163.126367;171.480;171.480
22/02/2016;TEBSAB;GECG;329.382367;337.736;337.736
22/02/2016;TERMOCANDELARIA 1;TCIG;776.883367;785.237;785.237
22/02/2016;TERMOCANDELARIA 2;TCIG;784.735367;793.089;793.089
22/02/2016;TERMOCENTRO CC;ISGG;117.998367;126.352;126.352
22/02/2016;TERMODORADA 1;EPMG;706.386367;714.740;714.740
22/02/2016;TERMOEMCALI 1;TEMG;355.697367;364.051;364.051
22/02/2016;TERMOSIERRAB;EPMG;328.013367;336.367;336.367
22/02/2016;TERMOVALLE 1;TMVG;404.332367;412.686;412.686
22/02/2016;TERMOYOPAL 2;TYPG;71.646367;80.000;80.000
22/02/2016;URRA;EMUG;58.649367;67.003;67.003
22/02/2016;ZIPAEMG 2;ENDG;187.742367;196.096;196.096
22/02/2016;ZIPAEMG 3;ENDG;188.374367;196.728;196.728
22/02/2016;ZIPAEMG 4;ENDG;189.320367;197.674;197.674
22/02/2016;ZIPAEMG 5;ENDG;185.404367;193.758;193.758
23/02/2016;ALBAN;EPSG;294.076367;302.430;302.430
23/02/2016;BARRANQUILLA 3;GECG;350.753367;359.107;359.107
23/02/2016;BARRANQUILLA 4;GECG;349.621367;357.975;357.975
23/02/2016;BETANIA;ENDG;868.252367;1000.000;876.606
23/02/2016;CALIMA;EPSG;868.247367;880.000;876.601
23/02/2016;CARTAGENA 1;ENDG;416.005367;424.359;424.359
23/02/2016;CARTAGENA 2;ENDG;409.538367;417.892;417.892
23/02/2016;CARTAGENA 3;ENDG;413.889367;422.243;422.243
23/02/2016;CHIVOR;CHVG;868.255367;900.000;876.609
23/02/2016;CIMARRON;TMRG;71.646367;80.000;80.000
23/02/2016;EL QUIMBO;ENDG;691.646367;700.000;700.000
23/02/2016;FLORES 1;TMFG;323.346367;331.700;331.700
23/02/2016;FLORES 4B;TMFG;323.294367;331.648;331.648
23/02/2016;GECELCA 3;GECG;179.166367;187.520;187.520
23/02/2016;GUAJIRA 1;GECG;205.382367;213.736;213.736
23/02/2016;GUAJIRA 2;GECG;198.971367;207.325;207.325
23/02/2016;GUATAPE;EPMG;401.646367;410.000;410.000
23/02/2016;GUATRON;EPMG;867.646367;876.000;876.000
23/02/2016;GUAVIO;ENDG;58.648367;67.002;67.002
23/02/2016;JAGUAS;ISGG;868.251367;1168.800;876.605
23/02/2016;LA TASAJERA;EPMG;868.253367;920.000;876.607
23/02/2016;MERILECTRICA 1;CIVG;382.142367;390.496;390.496
23/02/2016;MIEL I;ISGG;868.250367;1168.800;876.604
23/02/2016;PAGUA;ENDG;868.248367;1000.000;876.602
23/02/2016;PAIPA 1;HIMG;154.099367;162.453;162.453
23/02/2016;PAIPA 2;HIMG;135.174367;143.528;143.528
23/02/2016;PAIPA 3;HIMG;141.858367;150.212;150.212
23/02/2016;PAIPA 4;HIMG;129.499367;137.853;137.853
23/02/2016;PLAYAS;EPMG;868.146367;876.500;876.500
23/02/2016;PORCE II;EPMG;868.256367;930.000;876.610
23/02/2016;PORCE III;EPMG;867.146367;875.500;875.500
23/02/2016;PRADO;EPSG;868.249367;880.000;876.603
23/02/2016;PROELECTRICA 1;PRIG;270.316367;278.670;278.670
23/02/2016;PROELECTRICA 2;PRIG;270.316367;278.670;278.670
23/02/2016;SALVAJINA;EPSG;868.257367;886.000;876.611
23/02/2016;SAN CARLOS;ISGG;58.648367;67.002;67.002
23/02/2016;SOGAMOSO;ISGG;868.254367;1168.800;876.608
23/02/2016;TASAJERO 1;TRMG;152.626367;160.980;160.980
23/02/2016;TASAJERO 2;TERG;163.126367;171.480;171.480
23/02/2016;TEBSAB;GECG;327.382367;335.736;335.736
23/02/2016;TERMOCANDELARIA 1;TCIG;776.883367;785.237;785.237
23/02/2016;TERMOCANDELARIA 2;TCIG;784.735367;793.089;793.089
23/02/2016;TERMOCENTRO CC;ISGG;278.956367;287.310;287.310
23/02/2016;TERMODORADA 1;EPMG;706.386367;714.740;714.740
23/02/2016;TERMOEMCALI 1;TEMG;355.697367;364.051;364.051
23/02/2016;TERMOSIERRAB;EPMG;328.013367;336.367;336.367
23/02/2016;TERMOVALLE 1;TMVG;361.646367;370.000;370.000
23/02/2016;TERMOYOPAL 2;TYPG;71.646367;80.000;80.000
23/02/2016;URRA;EMUG;58.649367;67.003;67.003
23/02/2016;ZIPAEMG 2;ENDG;187.742367;196.096;196.096
23/02/2016;ZIPAEMG 3;ENDG;188.374367;196.728;196.728
23/02/2016;ZIPAEMG 4;ENDG;189.320367;197.674;197.674
23/02/2016;ZIPAEMG 5;ENDG;185.404367;193.758;193.758
24/02/2016;ALBAN;EPSG;841.646367;850.000;850.000
24/02/2016;BARRANQUILLA 3;GECG;350.753367;359.107;359.107
24/02/2016;BARRANQUILLA 4;GECG;349.621367;357.975;357.975
24/02/2016;BETANIA;ENDG;868.249367;1000.000;876.603
24/02/2016;CALIMA;EPSG;866.646367;875.000;875.000
24/02/2016;CARTAGENA 1;ENDG;416.005367;424.359;424.359
24/02/2016;CARTAGENA 2;ENDG;409.538367;417.892;417.892
24/02/2016;CARTAGENA 3;ENDG;413.889367;422.243;422.243
24/02/2016;CHIVOR;CHVG;868.253367;900.000;876.607
24/02/2016;CIMARRON;TMRG;71.646367;80.000;80.000
24/02/2016;EL QUIMBO;ENDG;691.646367;700.000;700.000
24/02/2016;FLORES 1;TMFG;323.346367;331.700;331.700
24/02/2016;FLORES 4B;TMFG;321.604367;329.958;329.958
24/02/2016;GECELCA 3;GECG;179.166367;187.520;187.520
24/02/2016;GUAJIRA 1;GECG;205.382367;213.736;213.736
24/02/2016;GUAJIRA 2;GECG;198.971367;207.325;207.325
24/02/2016;GUATAPE;EPMG;401.646367;410.000;410.000
24/02/2016;GUATRON;EPMG;868.251367;880.000;876.605
24/02/2016;GUAVIO;ENDG;868.247367;1000.000;876.601
24/02/2016;JAGUAS;ISGG;58.648367;67.002;67.002
24/02/2016;LA TASAJERA;EPMG;868.250367;920.000;876.604
24/02/2016;MERILECTRICA 1;CIVG;378.803367;387.157;387.157
24/02/2016;MIEL I;ISGG;868.248367;1168.800;876.602
24/02/2016;PAGUA;ENDG;58.648367;67.002;67.002
24/02/2016;PAIPA 1;HIMG;154.099367;162.453;162.453
24/02/2016;PAIPA 2;HIMG;135.174367;143.528;143.528
24/02/2016;PAIPA 3;HIMG;141.858367;150.212;150.212
24/02/2016;PAIPA 4;HIMG;129.499367;137.853;137.853
24/02/2016;PLAYAS;EPMG;868.254367;890.000;876.608
24/02/2016;PORCE II;EPMG;868.256367;930.000;876.610
24/02/2016;PORCE III;EPMG;867.146367;875.500;875.500
24/02/2016;PRADO;EPSG;867.146367;875.500;875.500
24/02/2016;PROELECTRICA 1;PRIG;270.316367;278.670;278.670
24/02/2016;PROELECTRICA 2;PRIG;270.316367;278.670;278.670
24/02/2016;SALVAJINA;EPSG;868.257367;886.000;876.611
24/02/2016;SAN CARLOS;ISGG;868.255367;1168.800;876.609
24/02/2016;SOGAMOSO;ISGG;868.252367;1168.800;876.606
24/02/2016;TASAJERO 1;TRMG;152.626367;160.980;160.980
24/02/2016;TASAJERO 2;TERG;163.126367;171.480;171.480
24/02/2016;TEBSAB;GECG;327.382367;335.736;335.736
24/02/2016;TERMOCANDELARIA 1;TCIG;784.735367;793.089;793.089
24/02/2016;TERMOCANDELARIA 2;TCIG;776.883367;785.237;785.237
24/02/2016;TERMOCENTRO CC;ISGG;278.956367;287.310;287.310
24/02/2016;TERMODORADA 1;EPMG;706.386367;714.740;714.740
24/02/2016;TERMOEMCALI 1;TEMG;355.697367;364.051;364.051
24/02/2016;TERMOSIERRAB;EPMG;328.013367;336.367;336.367
24/02/2016;TERMOVALLE 1;TMVG;291.646367;300.000;300.000
24/02/2016;TERMOYOPAL 2;TYPG;71.646367;80.000;80.000
24/02/2016;URRA;EMUG;58.649367;67.003;67.003
24/02/2016;ZIPAEMG 2;ENDG;187.742367;196.096;196.096
24/02/2016;ZIPAEMG 3;ENDG;188.374367;196.728;196.728
24/02/2016;ZIPAEMG 4;ENDG;189.320367;197.674;197.674
24/02/2016;ZIPAEMG 5;ENDG;185.404367;193.758;193.758
25/02/2016;ALBAN;EPSG;741.646367;750.000;750.000
25/02/2016;BARRANQUILLA 3;GECG;346.091367;354.445;354.445
25/02/2016;BARRANQUILLA 4;GECG;344.975367;353.329;353.329
25/02/2016;BETANIA;ENDG;868.250367;1000.000;876.604
25/02/2016;CALIMA;EPSG;866.646367;875.000;875.000
25/02/2016;CARTAGENA 1;ENDG;416.005367;424.359;424.359
25/02/2016;CARTAGENA 2;ENDG;409.538367;417.892;417.892
25/02/2016;CARTAGENA 3;ENDG;413.889367;422.243;422.243
25/02/2016;CHIVOR;CHVG;58.648367;67.002;67.002
25/02/2016;CIMARRON;TMRG;71.646367;80.000;80.000
25/02/2016;EL QUIMBO;ENDG;691.646367;700.000;700.000
25/02/2016;FLORES 1;TMFG;415.320367;423.674;423.674
25/02/2016;FLORES 4B;TMFG;325.263367;333.617;333.617
25/02/2016;GECELCA 3;GECG;179.166367;187.520;187.520
25/02/2016;GUAJIRA 1;GECG;205.382367;213.736;213.736
25/02/2016;GUAJIRA 2;GECG;200.295367;208.649;208.649
25/02/2016;GUATAPE;EPMG;401.646367;410.000;410.000
25/02/2016;GUATRON;EPMG;868.252367;880.000;876.606
25/02/2016;GUAVIO;ENDG;868.248367;1000.000;876.602
25/02/2016;JAGUAS;ISGG;868.249367;1168.800;876.603
25/02/2016;LA TASAJERA;EPMG;868.251367;920.000;876.605
25/02/2016;MERILECTRICA 1;CIVG;380.419367;388.773;388.773
25/02/2016;MIEL I;ISGG;58.648367;67.002;67.002
25/02/2016;PAGUA;ENDG;868.247367;1000.000;876.601
25/02/2016;PAIPA 1;HIMG;154.099367;162.453;162.453
25/02/2016;PAIPA 2;HIMG;135.174367;143.528;143.528
25/02/2016;PAIPA 3;HIMG;141.858367;150.212;150.212
25/02/2016;PAIPA 4;HIMG;129.499367;137.853;137.853
25/02/2016;PLAYAS;EPMG;867.646367;876.000;876.000
25/02/2016;PORCE II;EPMG;868.254367;930.000;876.608
25/02/2016;PORCE III;EPMG;868.256367;900.000;876.610
25/02/2016;PRADO;EPSG;867.146367;875.500;875.500
25/02/2016;PROELECTRICA 1;PRIG;270.316367;278.670;278.670
25/02/2016;PROELECTRICA 2;PRIG;270.316367;278.670;278.670
25/02/2016;SALVAJINA;EPSG;868.257367;886.000;876.611
25/02/2016;SAN CARLOS;ISGG;868.255367;1168.800;876.609
25/02/2016;SOGAMOSO;ISGG;868.253367;1168.800;876.607
25/02/2016;TASAJERO 1;TRMG;152.626367;160.980;160.980
25/02/2016;TASAJERO 2;TERG;163.126367;171.480;171.480
25/02/2016;TEBSAB;GECG;321.720367;330.074;330.074
25/02/2016;TERMOCANDELARIA 1;TCIG;784.735367;793.089;793.089
25/02/2016;TERMOCANDELARIA 2;TCIG;776.883367;785.237;785.237
25/02/2016;TERMOCENTRO CC;ISGG;278.956367;287.310;287.310
25/02/2016;TERMODORADA 1;EPMG;420.421367;428.775;428.775
25/02/2016;TERMOEMCALI 1;TEMG;355.697367;364.051;364.051
25/02/2016;TERMOSIERRAB;EPMG;328.013367;336.367;336.367
25/02/2016;TERMOVALLE 1;TMVG;291.646367;300.000;300.000
25/02/2016;TERMOYOPAL 2;TYPG;71.646367;80.000;80.000
25/02/2016;URRA;EMUG;58.649367;67.003;67.003
25/02/2016;ZIPAEMG 2;ENDG;187.742367;196.096;196.096
25/02/2016;ZIPAEMG 3;ENDG;188.374367;196.728;196.728
25/02/2016;ZIPAEMG 4;ENDG;189.320367;197.674;197.674
25/02/2016;ZIPAEMG 5;ENDG;185.404367;193.758;193.758
26/02/2016;ALBAN;EPSG;294.077367;302.431;302.431
26/02/2016;BARRANQUILLA 3;GECG;332.163367;340.517;340.517
26/02/2016;BARRANQUILLA 4;GECG;331.043367;339.397;339.397
26/02/2016;BETANIA;ENDG;868.250367;1000.000;876.604
26/02/2016;CALIMA;EPSG;866.646367;875.000;875.000
26/02/2016;CARTAGENA 1;ENDG;416.005367;424.359;424.359
26/02/2016;CARTAGENA 2;ENDG;409.538367;417.892;417.892
26/02/2016;CARTAGENA 3;ENDG;413.889367;422.243;422.243
26/02/2016;CHIVOR;CHVG;868.254367;910.000;876.608
26/02/2016;CIMARRON;TMRG;71.646367;80.000;80.000
26/02/2016;EL QUIMBO;ENDG;691.646367;700.000;700.000
26/02/2016;FLORES 1;TMFG;415.351367;423.705;423.705
26/02/2016;FLORES 4B;TMFG;325.902367;334.256;334.256
26/02/2016;GECELCA 3;GECG;164.166367;172.520;172.520
26/02/2016;GUAJIRA 1;GECG;192.651367;201.005;201.005
26/02/2016;GUAJIRA 2;GECG;183.971367;192.325;192.325
26/02/2016;GUATAPE;EPMG;341.646367;350.000;350.000
26/02/2016;GUATRON;EPMG;868.252367;950.000;876.606
26/02/2016;GUAVIO;ENDG;868.247367;1000.000;876.601
26/02/2016;JAGUAS;ISGG;868.249367;1168.800;876.603
26/02/2016;LA TASAJERA;EPMG;868.251367;920.000;876.605
26/02/2016;MERILECTRICA 1;CIVG;381.040367;389.394;389.394
26/02/2016;MIEL I;ISGG;868.248367;1168.800;876.602
26/02/2016;PAGUA;ENDG;58.648367;67.002;67.002
26/02/2016;PAIPA 1;HIMG;154.099367;162.453;162.453
26/02/2016;PAIPA 2;HIMG;135.174367;143.528;143.528
26/02/2016;PAIPA 3;HIMG;141.858367;150.212;150.212
26/02/2016;PAIPA 4;HIMG;129.499367;137.853;137.853
26/02/2016;PLAYAS;EPMG;868.255367;910.000;876.609
26/02/2016;PORCE II;EPMG;868.236367;876.590;876.590
26/02/2016;PORCE III;EPMG;868.257367;900.000;876.611
26/02/2016;PRADO;EPSG;867.146367;875.500;875.500
26/02/2016;PROELECTRICA 1;PRIG;270.316367;278.670;278.670
26/02/2016;PROELECTRICA 2;PRIG;270.316367;278.670;278.670
26/02/2016;SALVAJINA;EPSG;868.258367;886.000;876.612
26/02/2016;SAN CARLOS;ISGG;868.256367;1168.800;876.610
26/02/2016;SOGAMOSO;ISGG;868.253367;1168.800;876.607
26/02/2016;TASAJERO 1;TRMG;152.626367;160.980;160.980
26/02/2016;TASAJERO 2;TERG;163.126367;171.480;171.480
26/02/2016;TEBSAB;GECG;308.022367;316.376;316.376
26/02/2016;TERMOCANDELARIA 1;TCIG;784.735367;793.089;793.089
26/02/2016;TERMOCANDELARIA 2;TCIG;776.883367;785.237;785.237
26/02/2016;TERMOCENTRO CC;ISGG;278.956367;287.310;287.310
26/02/2016;TERMODORADA 1;EPMG;420.421367;428.775;428.775
26/02/2016;TERMOEMCALI 1;TEMG;355.697367;364.051;364.051
26/02/2016;TERMOSIERRAB;EPMG;328.013367;336.367;336.367
26/02/2016;TERMOVALLE 1;TMVG;291.646367;300.000;300.000
26/02/2016;TERMOYOPAL 2;TYPG;71.646367;80.000;80.000
26/02/2016;URRA;EMUG;58.649367;67.003;67.003
26/02/2016;ZIPAEMG 2;ENDG;187.742367;196.096;196.096
26/02/2016;ZIPAEMG 3;ENDG;188.374367;196.728;196.728
26/02/2016;ZIPAEMG 4;ENDG;189.320367;197.674;197.674
26/02/2016;ZIPAEMG 5;ENDG;185.404367;193.758;193.758
27/02/2016;ALBAN;EPSG;294.077367;302.431;302.431
27/02/2016;BARRANQUILLA 3;GECG;355.723367;364.077;364.077
27/02/2016;BARRANQUILLA 4;GECG;354.558367;362.912;362.912
27/02/2016;BETANIA;ENDG;868.249367;1000.000;876.603
27/02/2016;CALIMA;EPSG;866.646367;875.000;875.000
27/02/2016;CARTAGENA 1;ENDG;416.005367;424.359;424.359
27/02/2016;CARTAGENA 2;ENDG;409.538367;417.892;417.892
27/02/2016;CARTAGENA 3;ENDG;413.889367;422.243;422.243
27/02/2016;CHIVOR;CHVG;868.253367;910.000;876.607
27/02/2016;CIMARRON;TMRG;71.646367;80.000;80.000
27/02/2016;EL QUIMBO;ENDG;691.646367;700.000;700.000
27/02/2016;FLORES 1;TMFG;415.351367;423.705;423.705
27/02/2016;FLORES 4B;TMFG;325.902367;334.256;334.256
27/02/2016;GECELCA 3;GECG;182.166367;190.520;190.520
27/02/2016;GUAJIRA 1;GECG;210.651367;219.005;219.005
27/02/2016;GUAJIRA 2;GECG;201.971367;210.325;210.325
27/02/2016;GUATAPE;EPMG;341.646367;350.000;350.000
27/02/2016;GUATRON;EPMG;868.251367;950.000;876.605
27/02/2016;GUAVIO;ENDG;868.247367;1000.000;876.601
27/02/2016;JAGUAS;ISGG;58.648367;67.002;67.002
27/02/2016;LA TASAJERA;EPMG;868.250367;920.000;876.604
27/02/2016;MERILECTRICA 1;CIVG;377.383367;385.737;385.737
27/02/2016;MIEL I;ISGG;868.248367;1168.800;876.602
27/02/2016;PAGUA;ENDG;58.648367;67.002;67.002
27/02/2016;PAIPA 1;HIMG;154.099367;162.453;162.453
27/02/2016;PAIPA 2;HIMG;135.174367;143.528;143.528
27/02/2016;PAIPA 3;HIMG;141.858367;150.212;150.212
27/02/2016;PAIPA 4;HIMG;129.499367;137.853;137.853
27/02/2016;PLAYAS;EPMG;868.254367;910.000;876.608
27/02/2016;PORCE II;EPMG;868.255367;960.000;876.609
27/02/2016;PORCE III;EPMG;868.236367;876.590;876.590
27/02/2016;PRADO;EPSG;867.146367;875.500;875.500
27/02/2016;PROELECTRICA 1;PRIG;270.316367;278.670;278.670
27/02/2016;PROELECTRICA 2;PRIG;270.316367;278.670;278.670
27/02/2016;SALVAJINA;EPSG;868.256367;886.000;876.610
27/02/2016;SAN CARLOS;ISGG;868.245367;876.599;876.599
27/02/2016;SOGAMOSO;ISGG;868.252367;1168.800;876.606
27/02/2016;TASAJERO 1;TRMG;152.626367;160.980;160.980
27/02/2016;TASAJERO 2;TERG;163.126367;171.480;171.480
27/02/2016;TEBSAB;GECG;332.500367;340.854;340.854
27/02/2016;TERMOCANDELARIA 1;TCIG;683.323367;691.677;691.677
27/02/2016;TERMOCANDELARIA 2;TCIG;683.668367;692.022;692.022
27/02/2016;TERMOCENTRO CC;ISGG;278.956367;287.310;287.310
27/02/2016;TERMODORADA 1;EPMG;554.111367;562.465;562.465
27/02/2016;TERMOEMCALI 1;TEMG;355.697367;364.051;364.051
27/02/2016;TERMOSIERRAB;EPMG;344.385367;352.739;352.739
27/02/2016;TERMOVALLE 1;TMVG;291.646367;300.000;300.000
27/02/2016;TERMOYOPAL 2;TYPG;71.646367;80.000;80.000
27/02/2016;URRA;EMUG;58.649367;67.003;67.003
27/02/2016;ZIPAEMG 2;ENDG;187.742367;196.096;196.096
27/02/2016;ZIPAEMG 3;ENDG;188.374367;196.728;196.728
27/02/2016;ZIPAEMG 4;ENDG;189.320367;197.674;197.674
27/02/2016;ZIPAEMG 5;ENDG;185.404367;193.758;193.758
28/02/2016;ALBAN;EPSG;791.646367;800.000;800.000
28/02/2016;BARRANQUILLA 3;GECG;355.723367;364.077;364.077
28/02/2016;BARRANQUILLA 4;GECG;354.558367;362.912;362.912
28/02/2016;BETANIA;ENDG;868.249367;1000.000;876.603
28/02/2016;CALIMA;EPSG;868.246367;876.600;876.600
28/02/2016;CARTAGENA 1;ENDG;409.538367;417.892;417.892
28/02/2016;CARTAGENA 2;ENDG;413.889367;422.243;422.243
28/02/2016;CARTAGENA 3;ENDG;416.005367;424.359;424.359
28/02/2016;CHIVOR;CHVG;868.253367;910.000;876.607
28/02/2016;CIMARRON;TMRG;71.646367;80.000;80.000
28/02/2016;EL QUIMBO;ENDG;691.646367;700.000;700.000
28/02/2016;FLORES 1;TMFG;415.351367;423.705;423.705
28/02/2016;FLORES 4B;TMFG;340.651367;349.005;349.005
28/02/2016;GECELCA 3;GECG;182.166367;190.520;190.520
28/02/2016;GUAJIRA 1;GECG;210.651367;219.005;219.005
28/02/2016;GUAJIRA 2;GECG;201.971367;210.325;210.325
28/02/2016;GUATAPE;EPMG;341.646367;350.000;350.000
28/02/2016;GUATRON;EPMG;868.251367;950.000;876.605
28/02/2016;GUAVIO;ENDG;868.247367;1000.000;876.601
28/02/2016;JAGUAS;ISGG;58.648367;67.002;67.002
28/02/2016;LA TASAJERA;EPMG;868.250367;920.000;876.604
28/02/2016;MERILECTRICA 1;CIVG;348.545367;356.899;356.899
28/02/2016;MIEL I;ISGG;868.248367;1168.800;876.602
28/02/2016;PAGUA;ENDG;58.648367;67.002;67.002
28/02/2016;PAIPA 1;HIMG;154.099367;162.453;162.453
28/02/2016;PAIPA 2;HIMG;135.174367;143.528;143.528
28/02/2016;PAIPA 3;HIMG;141.858367;150.212;150.212
28/02/2016;PAIPA 4;HIMG;129.499367;137.853;137.853
28/02/2016;PLAYAS;EPMG;867.646367;876.000;876.000
28/02/2016;PORCE II;EPMG;868.255367;960.000;876.609
28/02/2016;PORCE III;EPMG;868.236367;876.590;876.590
28/02/2016;PRADO;EPSG;867.146367;875.500;875.500
28/02/2016;PROELECTRICA 1;PRIG;270.316367;278.670;278.670
28/02/2016;PROELECTRICA 2;PRIG;270.316367;278.670;278.670
28/02/2016;SALVAJINA;EPSG;868.256367;886.000;876.610
28/02/2016;SAN CARLOS;ISGG;868.254367;1168.800;876.608
28/02/2016;SOGAMOSO;ISGG;868.252367;1168.800;876.606
28/02/2016;TASAJERO 1;TRMG;152.626367;160.980;160.980
28/02/2016;TASAJERO 2;TERG;163.126367;171.480;171.480
28/02/2016;TEBSAB;GECG;332.500367;340.854;340.854
28/02/2016;TERMOCANDELARIA 1;TCIG;683.323367;691.677;691.677
28/02/2016;TERMOCANDELARIA 2;TCIG;683.668367;692.022;692.022
28/02/2016;TERMOCENTRO CC;ISGG;278.956367;287.310;287.310
28/02/2016;TERMODORADA 1;EPMG;554.111367;562.465;562.465
28/02/2016;TERMOEMCALI 1;TEMG;355.697367;364.051;364.051
28/02/2016;TERMOSIERRAB;EPMG;344.385367;352.739;352.739
28/02/2016;TERMOVALLE 1;TMVG;291.646367;300.000;300.000
28/02/2016;TERMOYOPAL 2;TYPG;71.646367;80.000;80.000
28/02/2016;URRA;EMUG;58.649367;67.003;67.003
28/02/2016;ZIPAEMG 2;ENDG;189.320367;197.674;197.674
28/02/2016;ZIPAEMG 3;ENDG;187.742367;196.096;196.096
28/02/2016;ZIPAEMG 4;ENDG;188.374367;196.728;196.728
28/02/2016;ZIPAEMG 5;ENDG;185.404367;193.758;193.758
29/02/2016;ALBAN;EPSG;294.077367;302.431;302.431
29/02/2016;BARRANQUILLA 3;GECG;355.723367;364.077;364.077
29/02/2016;BARRANQUILLA 4;GECG;349.166367;357.520;357.520
29/02/2016;BETANIA;ENDG;868.249367;1000.000;876.603
29/02/2016;CALIMA;EPSG;868.246367;876.600;876.600
29/02/2016;CARTAGENA 1;ENDG;409.538367;417.892;417.892
29/02/2016;CARTAGENA 2;ENDG;413.889367;422.243;422.243
29/02/2016;CARTAGENA 3;ENDG;416.005367;424.359;424.359
29/02/2016;CHIVOR;CHVG;868.253367;910.000;876.607
29/02/2016;CIMARRON;TMRG;71.646367;80.000;80.000
29/02/2016;EL QUIMBO;ENDG;691.646367;700.000;700.000
29/02/2016;FLORES 1;TMFG;415.351367;423.705;423.705
29/02/2016;FLORES 4B;TMFG;340.651367;349.005;349.005
29/02/2016;GECELCA 3;GECG;182.166367;190.520;190.520
29/02/2016;GUAJIRA 1;GECG;210.651367;219.005;219.005
29/02/2016;GUAJIRA 2;GECG;201.971367;210.325;210.325
29/02/2016;GUATAPE;EPMG;341.646367;350.000;350.000
29/02/2016;GUATRON;EPMG;868.251367;950.000;876.605
29/02/2016;GUAVIO;ENDG;868.247367;1000.000;876.601
29/02/2016;JAGUAS;ISGG;58.648367;67.002;67.002
29/02/2016;LA TASAJERA;EPMG;868.250367;920.000;876.604
29/02/2016;MERILECTRICA 1;CIVG;348.545367;356.899;356.899
29/02/2016;MIEL I;ISGG;868.248367;1168.800;876.602
29/02/2016;PAGUA;ENDG;58.648367;67.002;67.002
29/02/2016;PAIPA 1;HIMG;154.099367;162.453;162.453
29/02/2016;PAIPA 2;HIMG;135.174367;143.528;143.528
29/02/2016;PAIPA 3;HIMG;141.858367;150.212;150.212
29/02/2016;PAIPA 4;HIMG;129.499367;137.853;137.853
29/02/2016;PLAYAS;EPMG;868.254367;940.000;876.608
29/02/2016;PORCE II;EPMG;867.646367;876.000;876.000
29/02/2016;PORCE III;EPMG;868.255367;930.000;876.609
29/02/2016;PRADO;EPSG;867.146367;875.500;875.500
29/02/2016;PROELECTRICA 1;PRIG;270.316367;278.670;278.670
29/02/2016;PROELECTRICA 2;PRIG;270.316367;278.670;278.670
29/02/2016;SALVAJINA;EPSG;868.256367;886.000;876.610
29/02/2016;SAN CARLOS;ISGG;868.245367;876.599;876.599
29/02/2016;SOGAMOSO;ISGG;868.252367;1168.800;876.606
29/02/2016;TASAJERO 1;TRMG;152.626367;160.980;160.980
29/02/2016;TASAJERO 2;TERG;163.126367;171.480;171.480
29/02/2016;TEBSAB;GECG;326.022367;334.376;334.376
29/02/2016;TERMOCANDELARIA 1;TCIG;683.323367;691.677;691.677
29/02/2016;TERMOCANDELARIA 2;TCIG;683.668367;692.022;692.022
29/02/2016;TERMOCENTRO CC;ISGG;278.956367;287.310;287.310
29/02/2016;TERMODORADA 1;EPMG;554.111367;562.465;562.465
29/02/2016;TERMOEMCALI 1;TEMG;355.697367;364.051;364.051
29/02/2016;TERMOSIERRAB;EPMG;344.385367;352.739;352.739
29/02/2016;TERMOVALLE 1;TMVG;291.646367;300.000;300.000
29/02/2016;TERMOYOPAL 2;TYPG;71.646367;80.000;80.000
29/02/2016;URRA;EMUG;58.649367;67.003;67.003
29/02/2016;ZIPAEMG 2;ENDG;189.320367;197.674;197.674
29/02/2016;ZIPAEMG 3;ENDG;187.742367;196.096;196.096
29/02/2016;ZIPAEMG 4;ENDG;188.374367;196.728;196.728
29/02/2016;ZIPAEMG 5;ENDG;185.404367;193.758;193.758
