Fecha;Region Hidrologica;Nombre Embalse;Volumen Útil Diario Mm3;Volumen Útil Diario Energía kWh;Volumen Útil Díario %;Volumen Mm3;Volumen Energía kWh;Volumen %
1/02/2024;ANTIOQUIA;ITUANGO;30.656;15328000;0.058727969;1329.656;664828000;0.730179023
1/02/2024;ANTIOQUIA;MIRAFLORES;75.09;249704300;0.547622551;80.41;267395400;0.564518364
1/02/2024;ANTIOQUIA;PENOL;664.493;2627206000;0.637599078;742.333;2934962000;0.66278549
1/02/2024;ANTIOQUIA;PLAYAS;40.185;79252900;0.836839271;59.755;117848800;0.884080403
1/02/2024;ANTIOQUIA;PORCE II;33.3;47675600;0.387750268;72.09;103211300;0.578246834
1/02/2024;ANTIOQUIA;PORCE III;58.356;49853500;0.444447555;87.826;75029800;0.546283862
1/02/2024;ANTIOQUIA;PUNCHINA;14.93;22262100;0.339935897;28.85;43018200;0.498789359
1/02/2024;ANTIOQUIA;RIOGRANDE2;86.088;346452500;0.620319846;134.018;539342000;0.71778689
1/02/2024;ANTIOQUIA;SAN LORENZO;112.81;296949800;0.69847077;129.67;341330300;0.726971937
1/02/2024;ANTIOQUIA;TRONERAS;8.728;29024100;0.454583471;17.178;57123700;0.621265592
1/02/2024;CALDAS;AMANI;297.83;162764100;0.696629498;344.11;188056100;0.726261524
1/02/2024;CARIBE;URRA1;847.09;113340600;0.698129743;1201.1;160707200;0.766310754
1/02/2024;CENTRO;AGREGADO BOGOTA;536.697;2389858100;0.5986648;536.697;2389858100;0.5986648
1/02/2024;CENTRO;BETANIA;513.857;84169800;0.697843611;969.357;158780700;0.813321427
1/02/2024;CENTRO;EL QUIMBO;965.383;451606200;0.420638886;1430.203;669049000;0.518215807
1/02/2024;CENTRO;MUNA;6.783;30204000;0.550121278;6.863;30560300;0.553022613
1/02/2024;CENTRO;PRADO;303.05;41608800;0.463351255;633.84;87026200;0.643603228
1/02/2024;CENTRO;TOPOCORO;1594.7;611726900;0.591894511;2159.33;828319000;0.662602883
1/02/2024;ORIENTE;CHUZA;61.411;273457000;0.285380318;71.511;318431300;0.317417519
1/02/2024;ORIENTE;ESMERALDA;327.72;632532400;0.562204101;348.43;672504700;0.577224422
1/02/2024;ORIENTE;GUAVIO;201.832;552071100;0.380980446;444.592;1216092500;0.575501276
1/02/2024;VALLE;ALTOANCHICAYA;3.61;4186900;0.112601964;9.93;11516800;0.25872819
1/02/2024;VALLE;CALIMA1;327.46;168805600;0.770602772;431.82;222603200;0.815832195
1/02/2024;VALLE;SALVAJINA;437.69;323846800;0.611495254;529.14;391510700;0.655509054
2/02/2024;ANTIOQUIA;ITUANGO;33.523;16761500;0.064220307;1332.523;666261500;0.731753432
2/02/2024;ANTIOQUIA;MIRAFLORES;74.14;246545200;0.540694379;79.46;264236300;0.557848953
2/02/2024;ANTIOQUIA;PENOL;660.58;2611735100;0.63384443;738.42;2919491200;0.659291809
2/02/2024;ANTIOQUIA;PLAYAS;37.008;72987200;0.77067912;56.578;111583100;0.837076254
2/02/2024;ANTIOQUIA;PORCE II;40.901;58558000;0.47625788;79.691;114093600;0.639215503
2/02/2024;ANTIOQUIA;PORCE III;64.05;54717900;0.487814032;93.52;79894100;0.581700304
2/02/2024;ANTIOQUIA;PUNCHINA;18.76;27973000;0.427139705;32.68;48729100;0.565006359
2/02/2024;ANTIOQUIA;RIOGRANDE2;84.327;339365600;0.607630821;132.257;532255100;0.708355242
2/02/2024;ANTIOQUIA;SAN LORENZO;114.42;301187800;0.708439186;131.28;345568300;0.735998112
2/02/2024;ANTIOQUIA;TRONERAS;6.032;20058800;0.314166466;14.482;48158400;0.523760837
2/02/2024;CALDAS;AMANI;288.42;157621500;0.674619197;334.7;182913600;0.706401493
2/02/2024;CARIBE;URRA1;841.77;112628800;0.693745359;1195.78;159995400;0.762916631
2/02/2024;CENTRO;AGREGADO BOGOTA;535.745;2385618900;0.597602871;535.745;2385618900;0.597602871
2/02/2024;CENTRO;BETANIA;534.234;87507500;0.725516156;989.734;162118400;0.830418108
2/02/2024;CENTRO;EL QUIMBO;940.573;440000000;0.409828541;1405.393;657442800;0.509226158
2/02/2024;CENTRO;MUNA;6.783;30204000;0.550121278;6.863;30560300;0.553022613
2/02/2024;CENTRO;PRADO;296.9;40764400;0.453948105;627.69;86181800;0.637358458
2/02/2024;CENTRO;TOPOCORO;1576.8;604860500;0.585250722;2141.43;821452500;0.657110117
2/02/2024;ORIENTE;CHUZA;60.827;270856500;0.28266643;70.927;315830800;0.314825298
2/02/2024;ORIENTE;ESMERALDA;328.774;634566700;0.564012217;349.484;674539100;0.578970589
2/02/2024;ORIENTE;GUAVIO;196.521;537543900;0.370955326;439.281;1201565300;0.568626452
2/02/2024;VALLE;ALTOANCHICAYA;4.18;4848000;0.130381505;10.5;12177900;0.27357999
2/02/2024;VALLE;CALIMA1;327.66;168908700;0.771073426;432.02;222706300;0.816210052
2/02/2024;VALLE;SALVAJINA;434.15;321227600;0.606549618;525.6;388891400;0.651123543
3/02/2024;ANTIOQUIA;ITUANGO;31.611;15805500;0.060557471;1330.611;665305500;0.73070346
3/02/2024;ANTIOQUIA;MIRAFLORES;73.45;244250600;0.535662128;78.77;261941800;0.553004863
3/02/2024;ANTIOQUIA;PENOL;659.26;2606516300;0.632577875;737.1;2914272300;0.658113255
3/02/2024;ANTIOQUIA;PLAYAS;37.014;72999000;0.770803718;56.584;111595000;0.837165525
3/02/2024;ANTIOQUIA;PORCE II;36.064;51632800;0.419934559;74.854;107168500;0.600417259
3/02/2024;ANTIOQUIA;PORCE III;78.337;66923300;0.596626055;107.807;92099500;0.670566502
3/02/2024;ANTIOQUIA;PUNCHINA;15.88;23678700;0.361566973;29.8;44434800;0.515214616
3/02/2024;ANTIOQUIA;RIOGRANDE2;82.978;333936700;0.597910428;130.908;526826200;0.701130154
3/02/2024;ANTIOQUIA;SAN LORENZO;117.97;310532400;0.730419096;134.83;354913000;0.755900637
3/02/2024;ANTIOQUIA;TRONERAS;8.716;28984200;0.453958546;17.166;57083800;0.620831648
3/02/2024;CALDAS;AMANI;291.31;159200900;0.68137902;337.59;184492900;0.712500656
3/02/2024;CARIBE;URRA1;838.61;112206000;0.691141091;1192.62;159572600;0.760900566
3/02/2024;CENTRO;AGREGADO BOGOTA;535.027;2382421700;0.596801965;535.027;2382421700;0.596801965
3/02/2024;CENTRO;BETANIA;544.944;89261800;0.740060887;1000.444;163872700;0.839404148
3/02/2024;CENTRO;EL QUIMBO;927.091;433693200;0.403954208;1391.911;651136000;0.504341189
3/02/2024;CENTRO;MUNA;4.973;22144300;0.403325739;5.053;22500500;0.407171569
3/02/2024;CENTRO;PRADO;296.9;40764400;0.453948105;627.69;86181800;0.637358458
3/02/2024;CENTRO;TOPOCORO;1587.11;608815400;0.589077403;2151.74;825407500;0.660273867
3/02/2024;ORIENTE;CHUZA;60.277;268407500;0.280110649;70.377;313381700;0.312383995
3/02/2024;ORIENTE;ESMERALDA;326.143;629488600;0.559498727;346.853;669461000;0.574611952
3/02/2024;ORIENTE;GUAVIO;197.656;540648500;0.373097789;440.416;1204669900;0.570095667
3/02/2024;VALLE;ALTOANCHICAYA;6.53;7573500;0.20368076;12.85;14903400;0.334809123
3/02/2024;VALLE;CALIMA1;327.07;168604600;0.769685201;431.43;222402200;0.815095537
3/02/2024;VALLE;SALVAJINA;432.84;320258300;0.604719363;524.29;387922200;0.649500804
4/02/2024;ANTIOQUIA;ITUANGO;34.117;17058500;0.065358238;1333.117;666558500;0.732079627
4/02/2024;ANTIOQUIA;MIRAFLORES;72.57;241324300;0.529244506;77.89;259015400;0.546826721
4/02/2024;ANTIOQUIA;PENOL;656.067;2593892100;0.629514096;733.907;2901648100;0.655262405
4/02/2024;ANTIOQUIA;PLAYAS;39.743;78381100;0.827633848;59.313;116977100;0.877541067
4/02/2024;ANTIOQUIA;PORCE II;42.945;61484400;0.500058575;81.735;117020000;0.655610815
4/02/2024;ANTIOQUIA;PORCE III;83.194;71072600;0.633617365;112.664;96248900;0.700777834
4/02/2024;ANTIOQUIA;PUNCHINA;28;41750800;0.637522769;41.92;62506900;0.724757814
4/02/2024;ANTIOQUIA;RIOGRANDE2;83.722;336930800;0.603271335;131.652;529820300;0.705114872
4/02/2024;ANTIOQUIA;SAN LORENZO;114.16;300503400;0.706829374;131.02;344883900;0.734540464
4/02/2024;ANTIOQUIA;TRONERAS;6.114;20331500;0.318437569;14.564;48431100;0.526726666
4/02/2024;CALDAS;AMANI;292.37;159780200;0.683858421;338.65;185072200;0.714737879
4/02/2024;CARIBE;URRA1;835.46;111784500;0.688544831;1189.47;159151100;0.7588907
4/02/2024;CENTRO;AGREGADO BOGOTA;534.746;2381170500;0.596488537;534.746;2381170500;0.596488537
4/02/2024;CENTRO;BETANIA;567.505;92957300;0.770699917;1023.005;167568200;0.858333586
4/02/2024;CENTRO;EL QUIMBO;908.73;425103900;0.395953889;1373.55;642546700;0.497688296
4/02/2024;CENTRO;MUNA;6.061;26989000;0.491564798;6.141;27345300;0.494843612
4/02/2024;CENTRO;PRADO;301.6;41409700;0.461134098;632.39;86827100;0.642130782
4/02/2024;CENTRO;TOPOCORO;1576.81;604864300;0.585254399;2141.44;821456400;0.657113236
4/02/2024;ORIENTE;CHUZA;59.762;266114200;0.277717356;69.862;311088500;0.310098096
4/02/2024;ORIENTE;ESMERALDA;327.895;632870100;0.562504254;348.605;672842500;0.577514362
4/02/2024;ORIENTE;GUAVIO;195.955;535995700;0.369886924;438.715;1200017100;0.567893785
4/02/2024;VALLE;ALTOANCHICAYA;8.96;10391800;0.279475767;15.28;17721700;0.398123035
4/02/2024;VALLE;CALIMA1;328.05;169109800;0.771991454;432.41;222907400;0.816947076
4/02/2024;VALLE;SALVAJINA;433.22;320539500;0.605250331;524.67;388203300;0.649971452
5/02/2024;ANTIOQUIA;ITUANGO;34.479;17239500;0.066051724;1333.479;666739500;0.732278419
5/02/2024;ANTIOQUIA;MIRAFLORES;71.88;239029800;0.524212474;77.2;256720900;0.541982631
5/02/2024;ANTIOQUIA;PENOL;651.17;2574530800;0.624815284;729.01;2882286800;0.650890154
5/02/2024;ANTIOQUIA;PLAYAS;37.236;73436800;0.775426492;56.806;112032800;0.840449822
5/02/2024;ANTIOQUIA;PORCE II;48.888;69992900;0.569259028;87.678;125528600;0.703280702
5/02/2024;ANTIOQUIA;PORCE III;65.362;55838800;0.497806937;94.832;81015000;0.589861456
5/02/2024;ANTIOQUIA;PUNCHINA;22.32;33281400;0.508197454;36.24;54037500;0.626556434
5/02/2024;ANTIOQUIA;RIOGRANDE2;82.156;330628600;0.591987307;130.086;523518100;0.696727548
5/02/2024;ANTIOQUIA;SAN LORENZO;116.43;306478700;0.720884182;133.29;350859300;0.747266987
5/02/2024;ANTIOQUIA;TRONERAS;9.151;30430700;0.476614029;17.601;58530400;0.636564572
5/02/2024;CALDAS;AMANI;294.19;160774800;0.688115304;340.47;186066900;0.718579351
5/02/2024;CARIBE;URRA1;831.69;111280100;0.685437942;1185.7;158646700;0.756485536
5/02/2024;CENTRO;AGREGADO BOGOTA;534.141;2378476500;0.595813684;534.141;2378476500;0.595813684
5/02/2024;CENTRO;BETANIA;562.411;92122900;0.763781988;1017.911;166733800;0.854059544
5/02/2024;CENTRO;EL QUIMBO;900.117;421074700;0.392200977;1364.937;638517500;0.494567456
5/02/2024;CENTRO;MUNA;9.49;42258000;0.769667095;9.57;42614300;0.771153147
5/02/2024;CENTRO;PRADO;307.78;42258200;0.470582906;638.57;87675700;0.648406612
5/02/2024;CENTRO;TOPOCORO;1565.37;600475900;0.581008272;2130;817068000;0.653602794
5/02/2024;ORIENTE;CHUZA;59.313;264114900;0.275630882;69.413;309089100;0.308105061
5/02/2024;ORIENTE;ESMERALDA;323.612;624603500;0.555156778;344.322;664575900;0.570418972
5/02/2024;ORIENTE;GUAVIO;194.823;532899400;0.367750189;437.583;1196920800;0.566428498
5/02/2024;VALLE;ALTOANCHICAYA;13.08;15170200;0.407985458;19.4;22500100;0.505471151
5/02/2024;VALLE;CALIMA1;328.25;169212900;0.772462109;432.61;223010500;0.817324934
5/02/2024;VALLE;SALVAJINA;433.78;320953800;0.606032623;525.23;388617700;0.650665285
6/02/2024;ANTIOQUIA;ITUANGO;28.842;14421000;0.055252874;1327.842;663921000;0.729182867
6/02/2024;ANTIOQUIA;MIRAFLORES;71.01;236136700;0.517867662;76.33;253827800;0.535874792
6/02/2024;ANTIOQUIA;PENOL;646.04;2554248300;0.619892905;723.88;2862004400;0.646309897
6/02/2024;ANTIOQUIA;PLAYAS;38.51;75949400;0.801957285;58.08;114545400;0.859298893
6/02/2024;ANTIOQUIA;PORCE II;54.746;78379800;0.637470498;93.536;133915500;0.750268759
6/02/2024;ANTIOQUIA;PORCE III;47.421;40511800;0.361165624;76.891;65688000;0.478267226
6/02/2024;ANTIOQUIA;PUNCHINA;13.89;20711400;0.316257151;27.81;41467500;0.480809233
6/02/2024;ANTIOQUIA;RIOGRANDE2;80.37;323441000;0.579117978;128.3;516330500;0.687161882
6/02/2024;ANTIOQUIA;SAN LORENZO;113.16;297871100;0.700637807;130.02;342251600;0.72893414
6/02/2024;ANTIOQUIA;TRONERAS;12.172;40476800;0.633958822;20.622;68576400;0.745822798
6/02/2024;CALDAS;AMANI;294.93;161179200;0.689846134;341.21;186471300;0.72014112
6/02/2024;CARIBE;URRA1;828.8;110893400;0.683056035;1182.81;158260000;0.754641609
6/02/2024;CENTRO;AGREGADO BOGOTA;533.861;2377229600;0.595501332;533.861;2377229600;0.595501332
6/02/2024;CENTRO;BETANIA;577.812;94645600;0.784697448;1033.312;169256500;0.866981555
6/02/2024;CENTRO;EL QUIMBO;926.066;433213700;0.403507588;1390.886;650656500;0.503969789
6/02/2024;CENTRO;MUNA;9.832;43780900;0.797404471;9.912;44137100;0.798709907
6/02/2024;CENTRO;PRADO;312.17;42860900;0.47729451;642.96;88278400;0.652863887
6/02/2024;CENTRO;TOPOCORO;1559.96;598400700;0.579000351;2124.59;814992700;0.651942685
6/02/2024;ORIENTE;CHUZA;58.929;262404900;0.273846322;69.029;307379200;0.306400605
6/02/2024;ORIENTE;ESMERALDA;319.449;616568500;0.548015152;340.159;656540900;0.563522369
6/02/2024;ORIENTE;GUAVIO;192.095;525437500;0.362600783;434.855;1189458900;0.562897243
6/02/2024;VALLE;ALTOANCHICAYA;11.55;13395700;0.360262278;17.87;20725600;0.465606503
6/02/2024;VALLE;CALIMA1;328.05;169109800;0.771991454;432.41;222907400;0.816947076
6/02/2024;VALLE;SALVAJINA;436.2;322744400;0.609413676;527.65;390408200;0.653663131
7/02/2024;ANTIOQUIA;ITUANGO;26.832;13416000;0.051402299;1325.832;662916000;0.728079077
7/02/2024;ANTIOQUIA;MIRAFLORES;70.27;233675900;0.512470921;75.59;251367000;0.530679614
7/02/2024;ANTIOQUIA;PENOL;641.53;2536417200;0.615565459;719.37;2844173200;0.642283181
7/02/2024;ANTIOQUIA;PLAYAS;39.473;77848700;0.822012183;59.043;116444600;0.873546348
7/02/2024;ANTIOQUIA;PORCE II;40.782;58387600;0.474872001;79.572;113923200;0.638260828
7/02/2024;ANTIOQUIA;PORCE III;70.684;60385300;0.538339313;100.154;85561600;0.622964759
7/02/2024;ANTIOQUIA;PUNCHINA;26.11;38932600;0.594489661;40.03;59688700;0.692081222
7/02/2024;ANTIOQUIA;RIOGRANDE2;81.047;318952400;0.583996319;128.977;507576100;0.690787872
7/02/2024;ANTIOQUIA;SAN LORENZO;109.78;288973900;0.679710249;126.64;333354500;0.709984923
7/02/2024;ANTIOQUIA;TRONERAS;10.702;35588400;0.557395351;19.152;63688100;0.692658654
7/02/2024;CALDAS;AMANI;286.49;156566800;0.670105086;332.77;181858800;0.702327918
7/02/2024;CARIBE;URRA1;837.23;112021400;0.690004034;1191.24;159387900;0.760019849
7/02/2024;CENTRO;AGREGADO BOGOTA;533.202;2374295200;0.594766259;533.202;2374295200;0.594766259
7/02/2024;CENTRO;BETANIA;569.553;93292800;0.773481515;1025.053;167903700;0.860052115
7/02/2024;CENTRO;EL QUIMBO;914.831;427957900;0.398612186;1379.651;645400700;0.499898879
7/02/2024;CENTRO;MUNA;10.313;45922800;0.836416018;10.393;46279000;0.837469969
7/02/2024;CENTRO;PRADO;315.1;43263200;0.481774481;645.89;88680700;0.655839101
7/02/2024;CENTRO;TOPOCORO;1547.87;593762900;0.57451291;2112.5;810355000;0.648232818
7/02/2024;ORIENTE;CHUZA;57.891;257782800;0.265421083;68.211;303736800;0.298607926
7/02/2024;ORIENTE;ESMERALDA;315.235;608435100;0.540786066;335.945;648407400;0.556541221
7/02/2024;ORIENTE;GUAVIO;190.875;522100400;0.360297874;433.635;1186121800;0.561318
7/02/2024;VALLE;ALTOANCHICAYA;5.62;6518100;0.175296965;11.94;13848000;0.311099261
7/02/2024;VALLE;CALIMA1;327.85;169006700;0.771520799;432.21;222804300;0.816569218
7/02/2024;VALLE;SALVAJINA;435.08;321915700;0.607848905;526.53;389579500;0.652275633
8/02/2024;ANTIOQUIA;ITUANGO;27.92;13960000;0.05348659;1326.92;663460000;0.728676551
8/02/2024;ANTIOQUIA;MIRAFLORES;69.34;230583200;0.505688369;74.66;248274400;0.524150596
8/02/2024;ANTIOQUIA;PENOL;638.83;2525742200;0.612974733;716.67;2833498200;0.639872507
8/02/2024;ANTIOQUIA;PLAYAS;40.138;79160200;0.835860443;59.708;117756100;0.883384984
8/02/2024;ANTIOQUIA;PORCE II;28.308;40528600;0.329623025;67.098;96064200;0.538204824
8/02/2024;ANTIOQUIA;PORCE III;88.192;75342400;0.67168294;117.662;100518600;0.731865059
8/02/2024;ANTIOQUIA;PUNCHINA;18.13;27033600;0.412795336;32.05;47789800;0.554115321
8/02/2024;ANTIOQUIA;RIOGRANDE2;81.676;321427700;0.588528551;129.606;510051500;0.694156778
8/02/2024;ANTIOQUIA;SAN LORENZO;106.7;280866400;0.660640185;123.56;325247000;0.692717411
8/02/2024;ANTIOQUIA;TRONERAS;9.255;30776600;0.48203161;17.705;58876200;0.640325421
8/02/2024;CALDAS;AMANI;282.92;154615800;0.661754816;329.2;179907800;0.694793272
8/02/2024;CARIBE;URRA1;844.11;112941900;0.695673921;1198.12;160308500;0.764409606
8/02/2024;CENTRO;AGREGADO BOGOTA;532.145;2369588500;0.59358722;532.145;2369588500;0.59358722
8/02/2024;CENTRO;BETANIA;563.935;92372600;0.765852226;1019.435;166983500;0.85533858
8/02/2024;CENTRO;EL QUIMBO;907.344;424455500;0.395349951;1372.164;641898300;0.497186074
8/02/2024;CENTRO;MUNA;9.901;44088200;0.803001487;9.981;44444400;0.804270842
8/02/2024;CENTRO;PRADO;312.17;42860900;0.47729451;642.96;88278400;0.652863887
8/02/2024;CENTRO;TOPOCORO;1535.01;588829800;0.569739742;2099.64;805421900;0.644286649
8/02/2024;ORIENTE;CHUZA;57.453;255832500;0.263412994;67.773;301786400;0.29669046
8/02/2024;ORIENTE;ESMERALDA;307.163;592855300;0.526938511;327.873;632827700;0.543168848
8/02/2024;ORIENTE;GUAVIO;191.813;524666100;0.362068446;434.573;1188687500;0.562532187
8/02/2024;VALLE;ALTOANCHICAYA;4.14;4801600;0.129133629;10.46;12131500;0.2725376
8/02/2024;VALLE;CALIMA1;324.92;167496300;0.764625777;429.28;221293800;0.811033294
8/02/2024;VALLE;SALVAJINA;432.47;319984600;0.604202556;523.92;387648400;0.649042379
9/02/2024;ANTIOQUIA;ITUANGO;28.876;14438000;0.055318008;1327.876;663938000;0.729201538
9/02/2024;ANTIOQUIA;MIRAFLORES;68.43;227557100;0.499051877;73.75;245248300;0.51776197
9/02/2024;ANTIOQUIA;PENOL;634.25;2507634200;0.608580086;712.09;2815390200;0.635783282
9/02/2024;ANTIOQUIA;PLAYAS;40.192;79266700;0.836984987;59.762;117862600;0.884183928
9/02/2024;ANTIOQUIA;PORCE II;34.404;49256200;0.400605441;73.194;104791800;0.58710167
9/02/2024;ANTIOQUIA;PORCE III;68.331;58375200;0.520419126;97.801;83551400;0.60832871
9/02/2024;ANTIOQUIA;PUNCHINA;14.05;20950000;0.319900505;27.97;41706100;0.483575763
9/02/2024;ANTIOQUIA;RIOGRANDE2;79.773;313938700;0.574816322;127.703;502562400;0.683964456
9/02/2024;ANTIOQUIA;SAN LORENZO;103.82;273285400;0.642808528;120.68;317666000;0.676571249
9/02/2024;ANTIOQUIA;TRONERAS;11.734;39020200;0.611145151;20.184;67119900;0.729982204
9/02/2024;CALDAS;AMANI;274.07;149779300;0.641054622;320.35;175071300;0.676114995
9/02/2024;CARIBE;URRA1;845.7;113154700;0.696984678;1199.71;160521200;0.765423838
9/02/2024;CENTRO;AGREGADO BOGOTA;531.143;2365126700;0.592469529;531.143;2365126700;0.592469529
9/02/2024;CENTRO;BETANIA;558.366;91460400;0.758289265;1013.866;166071300;0.850666024
9/02/2024;CENTRO;EL QUIMBO;892.751;417628900;0.388991461;1357.571;635071700;0.491898491
9/02/2024;CENTRO;MUNA;8.466;37698300;0.68661889;8.546;38054500;0.688638495
9/02/2024;CENTRO;PRADO;311.8;42810100;0.476728807;642.59;88227600;0.652488195
9/02/2024;CENTRO;TOPOCORO;1512.57;580221900;0.561410913;2077.2;796813900;0.637400793
9/02/2024;ORIENTE;CHUZA;57.11;254305100;0.261840336;67.43;300259000;0.295188852
9/02/2024;ORIENTE;ESMERALDA;303.135;585080900;0.52002851;323.845;625053200;0.536495837
9/02/2024;ORIENTE;GUAVIO;192.658;526977400;0.363663458;435.418;1190998900;0.563626029
9/02/2024;VALLE;ALTOANCHICAYA;0.29;336300;0.00904441;6.61;7666300;0.172225612
9/02/2024;VALLE;CALIMA1;325.12;167599400;0.765096432;429.48;221396900;0.811411151
9/02/2024;VALLE;SALVAJINA;429.5;317787100;0.600053184;520.95;385450900;0.64536309
10/02/2024;ANTIOQUIA;ITUANGO;29.7;14850000;0.056896552;1328.7;664350000;0.729654036
10/02/2024;ANTIOQUIA;MIRAFLORES;67.46;224331500;0.491977865;72.78;242022600;0.510951954
10/02/2024;ANTIOQUIA;PENOL;631.023;2494875600;0.605483689;708.863;2802631600;0.632902081
10/02/2024;ANTIOQUIA;PLAYAS;40.465;79805100;0.842670006;60.035;118401000;0.888222907
10/02/2024;ANTIOQUIA;PORCE II;41.325;59165000;0.48119467;80.115;114700600;0.642616253
10/02/2024;ANTIOQUIA;PORCE III;73.064;62418600;0.556466329;102.534;87594800;0.637768268
10/02/2024;ANTIOQUIA;PUNCHINA;7.78;11600800;0.177140896;21.7;32356900;0.375173239
10/02/2024;ANTIOQUIA;RIOGRANDE2;78.179;307665600;0.563330384;126.109;496289400;0.675427189
10/02/2024;ANTIOQUIA;SAN LORENZO;100.58;264756700;0.622747738;117.44;309137300;0.658406657
10/02/2024;ANTIOQUIA;TRONERAS;9.2;30593700;0.47916698;17.65;58693300;0.638336238
10/02/2024;CALDAS;AMANI;274.08;149784700;0.641077734;320.36;175076700;0.676135849
10/02/2024;CARIBE;URRA1;841.08;112536500;0.69317683;1195.09;159903000;0.762476034
10/02/2024;CENTRO;AGREGADO BOGOTA;530.144;2360678200;0.59135517;530.144;2360678200;0.59135517
10/02/2024;CENTRO;BETANIA;564.444;92455900;0.766542859;1019.944;167066800;0.855765267
10/02/2024;CENTRO;EL QUIMBO;883.461;413283100;0.384943659;1348.281;630725900;0.488532427
10/02/2024;CENTRO;MUNA;7.856;34982000;0.637145495;7.936;35338200;0.639484026
10/02/2024;CENTRO;PRADO;312.9;42961200;0.47841144;643.69;88378600;0.653604917
10/02/2024;CENTRO;TOPOCORO;1495.76;573773500;0.555171573;2060.39;790365600;0.63224256
10/02/2024;ORIENTE;CHUZA;56.985;253748500;0.261267244;67.305;299702400;0.294641651
10/02/2024;ORIENTE;ESMERALDA;296.723;572705100;0.509028717;317.433;612677400;0.525873437
10/02/2024;ORIENTE;GUAVIO;192.846;527491700;0.364018373;435.606;1191513100;0.563869368
10/02/2024;VALLE;ALTOANCHICAYA;2.08;2412400;0.064878783;8.4;9742300;0.218863542
10/02/2024;VALLE;CALIMA1;324.73;167398300;0.764178404;429.09;221195900;0.810674494
10/02/2024;VALLE;SALVAJINA;427.46;316277700;0.597203099;518.91;383941500;0.642835891
11/02/2024;ANTIOQUIA;ITUANGO;24.755;12377500;0.047423372;1323.755;661877500;0.726938495
11/02/2024;ANTIOQUIA;MIRAFLORES;66.73;221903900;0.486653934;72.05;239595100;0.505827078
11/02/2024;ANTIOQUIA;PENOL;627.014;2479025300;0.601636965;704.854;2786781300;0.6293227
11/02/2024;ANTIOQUIA;PLAYAS;40.311;79501400;0.839463208;59.881;118097300;0.885944605
11/02/2024;ANTIOQUIA;PORCE II;46.509;66586900;0.541557701;85.299;122122600;0.684198405
11/02/2024;ANTIOQUIA;PORCE III;77.766;66435500;0.592277283;107.236;91611700;0.667014883
11/02/2024;ANTIOQUIA;PUNCHINA;16.34;24364600;0.37204047;30.26;45120700;0.523167521
11/02/2024;ANTIOQUIA;RIOGRANDE2;78.762;309960000;0.567531391;126.692;498583700;0.678549627
11/02/2024;ANTIOQUIA;SAN LORENZO;97.41;256412300;0.603120449;114.27;300792900;0.640634591
11/02/2024;ANTIOQUIA;TRONERAS;6.61;21980900;0.344270927;15.06;50080500;0.5446652
11/02/2024;CALDAS;AMANI;264.84;144735100;0.619465472;311.12;170027100;0.656634593
11/02/2024;CARIBE;URRA1;839.12;112274300;0.69156179;1193.13;159640800;0.761225768
11/02/2024;CENTRO;AGREGADO BOGOTA;529.201;2356479100;0.590303286;529.201;2356479100;0.590303286
11/02/2024;CENTRO;BETANIA;565.973;92706400;0.76861973;1021.473;167317300;0.857048402
11/02/2024;CENTRO;EL QUIMBO;871.04;407472500;0.3795315;1335.86;624915300;0.484031793
11/02/2024;CENTRO;MUNA;6.387;28440700;0.518005371;6.467;28796900;0.521111929
11/02/2024;CENTRO;PRADO;305.23;41908100;0.466684229;636.02;87325500;0.645816704
11/02/2024;CENTRO;TOPOCORO;1475.07;565836900;0.54749228;2039.7;782428900;0.625893701
11/02/2024;ORIENTE;CHUZA;56.612;252087600;0.25955713;66.932;298041500;0.293008796
11/02/2024;ORIENTE;ESMERALDA;289.195;558175300;0.496114417;309.905;598147600;0.513402215
11/02/2024;ORIENTE;GUAVIO;190.407;520820300;0.359414486;433.167;1184841700;0.560712208
11/02/2024;VALLE;ALTOANCHICAYA;3.86;4476800;0.120398498;10.18;11806800;0.265243123
11/02/2024;VALLE;CALIMA1;323.56;166795200;0.761425234;427.92;220592800;0.808464156
11/02/2024;VALLE;SALVAJINA;424.32;313954400;0.592816189;515.77;381618200;0.638945974
12/02/2024;ANTIOQUIA;ITUANGO;22.777;11388500;0.0436341;1321.777;660888500;0.725852279
12/02/2024;ANTIOQUIA;MIRAFLORES;65.83;218911100;0.480090471;71.15;236602200;0.499508544
12/02/2024;ANTIOQUIA;PENOL;621.74;2458173400;0.596576398;699.58;2765929400;0.624613836
12/02/2024;ANTIOQUIA;PLAYAS;42.107;83043400;0.876863539;61.677;121639400;0.912516799
12/02/2024;ANTIOQUIA;PORCE II;50.686;72567100;0.590195246;89.476;128102800;0.717702796
12/02/2024;ANTIOQUIA;PORCE III;59.213;50585700;0.450975171;88.683;75761900;0.551614203
12/02/2024;ANTIOQUIA;PUNCHINA;10.54;15716200;0.239981877;24.46;36472300;0.422890664
12/02/2024;ANTIOQUIA;RIOGRANDE2;76.634;301585400;0.552197643;124.564;490209200;0.667152315
12/02/2024;ANTIOQUIA;SAN LORENZO;92.15;242566400;0.570552801;109.01;286947000;0.611145323
12/02/2024;ANTIOQUIA;TRONERAS;9.172;30500600;0.477708822;17.622;58600200;0.637323702
12/02/2024;CALDAS;AMANI;252.8;138155200;0.591303534;299.08;163447200;0.631223409
12/02/2024;CARIBE;URRA1;832.63;111405900;0.686212816;1186.64;158772400;0.757084919
12/02/2024;CENTRO;AGREGADO BOGOTA;528.204;2352039600;0.589191181;528.204;2352039600;0.589191181
12/02/2024;CENTRO;BETANIA;554.35;90802500;0.75283468;1009.85;165413400;0.847296067
12/02/2024;CENTRO;EL QUIMBO;860.953;402753800;0.375136369;1325.773;620196600;0.480376896
12/02/2024;CENTRO;MUNA;7.049;31388500;0.571695197;7.129;31744700;0.574455648
12/02/2024;CENTRO;PRADO;297.99;40914000;0.455614035;628.78;86331500;0.638465566
12/02/2024;CENTRO;TOPOCORO;1452.21;557067800;0.539007477;2016.84;773659800;0.618878975
12/02/2024;ORIENTE;CHUZA;57.31;255195700;0.262757325;67.63;301149600;0.296064413
12/02/2024;ORIENTE;ESMERALDA;283.149;546505900;0.485742482;303.859;586478300;0.503386218
12/02/2024;ORIENTE;GUAVIO;188.629;515956900;0.356058287;431.389;1179978300;0.558410662
12/02/2024;VALLE;ALTOANCHICAYA;5.43;6297700;0.169369555;11.75;13627700;0.306150159
12/02/2024;VALLE;CALIMA1;319.9;164908500;0.75281239;424.26;218706000;0.801549106
12/02/2024;VALLE;SALVAJINA;419.34;310269700;0.58585865;510.79;377933500;0.632776655
13/02/2024;ANTIOQUIA;ITUANGO;23.536;11768000;0.045088123;1322.536;661268000;0.726269083
13/02/2024;ANTIOQUIA;MIRAFLORES;64.76;215352900;0.472287039;70.08;233044000;0.491996563
13/02/2024;ANTIOQUIA;PENOL;618.487;2445312100;0.593455077;696.327;2753068100;0.621709443
13/02/2024;ANTIOQUIA;PLAYAS;40.833;80530800;0.850332745;60.403;119126800;0.893667728
13/02/2024;ANTIOQUIA;PORCE II;38.595;55256500;0.449406461;77.385;110792100;0.620718672
13/02/2024;ANTIOQUIA;PORCE III;55.507;47419600;0.42274916;84.977;72595900;0.528562899
13/02/2024;ANTIOQUIA;PUNCHINA;19.4;28927300;0.441711593;33.32;49683500;0.576072479
13/02/2024;ANTIOQUIA;RIOGRANDE2;74.784;294305000;0.538867357;122.714;482928700;0.657243887
13/02/2024;ANTIOQUIA;SAN LORENZO;92.54;243593000;0.572967519;109.4;287973600;0.613331796
13/02/2024;ANTIOQUIA;TRONERAS;11.339;37706700;0.590572751;19.789;65806300;0.715695761
13/02/2024;CALDAS;AMANI;244.05;133373300;0.570837027;290.33;158665300;0.612755994
13/02/2024;CARIBE;URRA1;828.55;110860000;0.682850305;1182.56;158226500;0.754481868
13/02/2024;CENTRO;AGREGADO BOGOTA;527.496;2348886900;0.588401423;527.496;2348886900;0.588401423
13/02/2024;CENTRO;BETANIA;542.003;88780100;0.736067159;997.503;163391000;0.836936739
13/02/2024;CENTRO;EL QUIMBO;849.258;397282900;0.370040616;1314.078;614725700;0.476139378
13/02/2024;CENTRO;MUNA;7.788;34679200;0.63163044;7.868;35035400;0.634004524
13/02/2024;CENTRO;PRADO;288.99;39678300;0.441853409;619.78;85095800;0.629326933
13/02/2024;CENTRO;TOPOCORO;1403.2;538267500;0.520816689;1967.83;754859600;0.603840003
13/02/2024;ORIENTE;CHUZA;56.84;253102800;0.260602411;67.16;299056800;0.294006952
13/02/2024;ORIENTE;ESMERALDA;276.21;533112900;0.473838587;296.92;573085300;0.491890735
13/02/2024;ORIENTE;GUAVIO;183.509;501952200;0.34639374;426.269;1165973600;0.551783104
13/02/2024;VALLE;ALTOANCHICAYA;2;2319600;0.062383032;8.32;9649500;0.216778764
13/02/2024;VALLE;CALIMA1;314.19;161964900;0.739374765;418.55;215762500;0.790761291
13/02/2024;VALLE;SALVAJINA;414.02;306333400;0.578426035;505.47;373997300;0.626186249
14/02/2024;ANTIOQUIA;ITUANGO;24.36;12180000;0.046666667;1323.36;661680000;0.726721582
14/02/2024;ANTIOQUIA;MIRAFLORES;63.7;211828000;0.464556637;69.02;229519100;0.484554883
14/02/2024;ANTIOQUIA;PENOL;612.607;2422064300;0.587813047;690.447;2729820300;0.616459527
14/02/2024;ANTIOQUIA;PLAYAS;41.141;81138300;0.856747398;60.711;119734200;0.898224333
14/02/2024;ANTIOQUIA;PORCE II;27.886;39924400;0.324709008;66.676;95460000;0.534819761
14/02/2024;ANTIOQUIA;PORCE III;73.726;62984100;0.561507803;103.196;88160300;0.641885612
14/02/2024;ANTIOQUIA;PUNCHINA;14.46;21561300;0.329234881;28.38;42317400;0.490663692
14/02/2024;ANTIOQUIA;RIOGRANDE2;72.56;285552600;0.522841864;120.49;474176300;0.645332271
14/02/2024;ANTIOQUIA;SAN LORENZO;92.85;244409100;0.57488711;109.71;288789600;0.615069728
14/02/2024;ANTIOQUIA;TRONERAS;9.395;31242100;0.4893224;17.845;59341800;0.645389191
14/02/2024;CALDAS;AMANI;259.66;141904200;0.607349235;305.94;167196200;0.645701825
14/02/2024;CARIBE;URRA1;823.85;110231100;0.678976549;1177.86;157597700;0.75148352
14/02/2024;CENTRO;AGREGADO BOGOTA;526.789;2345738700;0.587612792;526.789;2345738700;0.587612792
14/02/2024;CENTRO;BETANIA;529.425;86719800;0.718985412;984.925;161330700;0.826383277
14/02/2024;CENTRO;EL QUIMBO;842.816;394269300;0.367233664;1307.636;611712100;0.473805177
14/02/2024;CENTRO;MUNA;7.116;31686800;0.577128291;7.196;32043100;0.579855528
14/02/2024;CENTRO;PRADO;282.55;38794100;0.43200705;613.34;84211600;0.622787822
14/02/2024;CENTRO;TOPOCORO;1396.22;535590000;0.518225994;1960.85;752182100;0.601698172
14/02/2024;ORIENTE;CHUZA;56.33;250831900;0.258264223;66.65;296785800;0.2917743
14/02/2024;ORIENTE;ESMERALDA;273.254;527407500;0.468767544;293.964;567379900;0.486993674
14/02/2024;ORIENTE;GUAVIO;174.661;477750200;0.329692108;417.421;1141771700;0.540329844
14/02/2024;VALLE;ALTOANCHICAYA;1.87;2168800;0.058327436;8.19;9498800;0.213393246
14/02/2024;VALLE;CALIMA1;309.47;159531800;0.728267589;413.83;213329400;0.781844073
14/02/2024;VALLE;SALVAJINA;408.73;302419300;0.571035338;500.18;370083200;0.619632844
15/02/2024;ANTIOQUIA;ITUANGO;25.876;12938000;0.049570881;1324.876;662438000;0.727554091
15/02/2024;ANTIOQUIA;MIRAFLORES;62.65;208336300;0.456899045;67.97;226027400;0.477183295
15/02/2024;ANTIOQUIA;PENOL;607.83;2403177500;0.583229392;685.67;2710933500;0.61219443
15/02/2024;ANTIOQUIA;PLAYAS;41.754;82347200;0.869512293;61.324;120943200;0.907294032
15/02/2024;ANTIOQUIA;PORCE II;36.092;51672900;0.420260696;74.882;107208600;0.600641922
15/02/2024;ANTIOQUIA;PORCE III;62.378;53289500;0.475079743;91.848;78465700;0.571300278
15/02/2024;ANTIOQUIA;PUNCHINA;22.33;33296300;0.508424973;36.25;54052400;0.626729197
15/02/2024;ANTIOQUIA;RIOGRANDE2;69.505;273530000;0.500828692;117.435;462153700;0.628970062
15/02/2024;ANTIOQUIA;SAN LORENZO;92.55;243619400;0.573029616;109.41;287999900;0.61338781
15/02/2024;ANTIOQUIA;TRONERAS;7.484;24887300;0.389791767;15.934;52986900;0.576274608
15/02/2024;CALDAS;AMANI;263.82;144177600;0.617079375;310.1;169469700;0.654481947
15/02/2024;CARIBE;URRA1;819.85;109695900;0.675679946;1173.86;157062500;0.74893149
15/02/2024;CENTRO;AGREGADO BOGOTA;526.371;2343877400;0.587146532;526.371;2343877400;0.587146532
15/02/2024;CENTRO;BETANIA;542.982;88940500;0.73739702;998.482;163551400;0.837758355
15/02/2024;CENTRO;EL QUIMBO;834.351;390309400;0.3635453;1299.171;607752200;0.470738013
15/02/2024;CENTRO;MUNA;7.586;33779700;0.615247375;7.666;34135900;0.617727071
15/02/2024;CENTRO;PRADO;280.06;38452200;0.428199687;610.85;83869700;0.620259297
15/02/2024;CENTRO;TOPOCORO;1348.58;517315300;0.500543766;1913.21;733907400;0.587079566
15/02/2024;ORIENTE;CHUZA;55.83;248605400;0.25597175;66.15;294559300;0.289585397
15/02/2024;ORIENTE;ESMERALDA;268.259;517766700;0.460198659;288.969;557739100;0.47871878
15/02/2024;ORIENTE;GUAVIO;167.103;457076800;0.315425537;409.863;1121098300;0.530546404
15/02/2024;VALLE;ALTOANCHICAYA;2.95;3421400;0.092014703;9.27;10751300;0.241531015
15/02/2024;VALLE;CALIMA1;303.84;156629500;0.7150185;408.2;210427100;0.771207255
15/02/2024;VALLE;SALVAJINA;402.01;297447200;0.5616469;493.46;365111100;0.611308023
16/02/2024;ANTIOQUIA;ITUANGO;26.568;13284000;0.050896552;1325.568;662784000;0.727934102
16/02/2024;ANTIOQUIA;MIRAFLORES;62.13;206607100;0.453106763;67.45;224298200;0.473532652
16/02/2024;ANTIOQUIA;PENOL;603.652;2386658900;0.579220477;681.492;2694414900;0.60846413
16/02/2024;ANTIOQUIA;PLAYAS;37.057;73083800;0.771699129;56.627;111679800;0.83780168
16/02/2024;ANTIOQUIA;PORCE II;41.927;60026900;0.488204586;80.717;115562500;0.647445094
16/02/2024;ANTIOQUIA;PORCE III;51.494;43991300;0.392185618;80.964;69167500;0.503601089
16/02/2024;ANTIOQUIA;PUNCHINA;17.24;25706600;0.392532426;31.16;46462700;0.538727803
16/02/2024;ANTIOQUIA;RIOGRANDE2;69.754;274509900;0.502622872;117.684;463133600;0.630303661
16/02/2024;ANTIOQUIA;SAN LORENZO;93.39;245830500;0.578230457;110.25;290211100;0.618097267
16/02/2024;ANTIOQUIA;TRONERAS;4.28;14232700;0.222916479;12.73;42332300;0.460397373
16/02/2024;CALDAS;AMANI;259.41;141767600;0.606764587;305.69;167059600;0.645174284
16/02/2024;CARIBE;URRA1;818.73;109546100;0.674757242;1172.74;156912600;0.748216712
16/02/2024;CENTRO;AGREGADO BOGOTA;525.093;2338186600;0.585720974;525.093;2338186600;0.585720974
16/02/2024;CENTRO;BETANIA;548.392;89826600;0.744743589;1003.892;164437500;0.84229722
16/02/2024;CENTRO;EL QUIMBO;839.259;392605400;0.36568386;1304.079;610048200;0.472516394
16/02/2024;CENTRO;MUNA;6.982;31090100;0.566260281;7.062;31446400;0.569057578
16/02/2024;CENTRO;PRADO;279.35;38354800;0.427115051;610.14;83772200;0.619538235
16/02/2024;CENTRO;TOPOCORO;1343.11;515217000;0.498513494;1907.74;731809100;0.585401059
16/02/2024;ORIENTE;CHUZA;55.46;246957800;0.254275331;65.78;292911800;0.287965716
16/02/2024;ORIENTE;ESMERALDA;264.33;510183300;0.453458421;285.04;550155700;0.472209794
16/02/2024;ORIENTE;GUAVIO;161.426;441548500;0.304709565;404.186;1105570000;0.523197821
16/02/2024;VALLE;ALTOANCHICAYA;4.18;4848000;0.130381505;10.5;12177900;0.27357999
16/02/2024;VALLE;CALIMA1;301.6;155474800;0.709747258;405.96;209272400;0.766975324
16/02/2024;VALLE;SALVAJINA;395.16;292378900;0.552076815;486.61;360042700;0.602821966
17/02/2024;ANTIOQUIA;ITUANGO;28.908;14454000;0.05537931;1327.908;663954000;0.72921911
17/02/2024;ANTIOQUIA;MIRAFLORES;62.24;206972900;0.453908994;67.56;224664000;0.47430492
17/02/2024;ANTIOQUIA;PENOL;598.812;2367523000;0.574576368;676.652;2675279000;0.60414278
17/02/2024;ANTIOQUIA;PLAYAS;33.366;65804400;0.694835219;52.936;104400400;0.783192936
17/02/2024;ANTIOQUIA;PORCE II;46.338;66342100;0.539566719;85.128;121877800;0.6828269
17/02/2024;ANTIOQUIA;PORCE III;36.228;30949600;0.27591792;65.698;56125800;0.408645882
17/02/2024;ANTIOQUIA;PUNCHINA;14.7;21919200;0.334699912;28.62;42675300;0.494813487
17/02/2024;ANTIOQUIA;RIOGRANDE2;66.808;262916200;0.481395008;114.738;451539900;0.614525165
17/02/2024;ANTIOQUIA;SAN LORENZO;93.36;245751500;0.578044637;110.22;290132100;0.617929011
17/02/2024;ANTIOQUIA;TRONERAS;5.588;18582300;0.291041115;14.038;46682000;0.507703814
17/02/2024;CALDAS;AMANI;253.7;138647100;0.593408864;299.98;163939100;0.633123098
17/02/2024;CARIBE;URRA1;817.17;109337300;0.673471123;1171.18;156703900;0.747221554
17/02/2024;CENTRO;AGREGADO BOGOTA;524.249;2334428400;0.584779536;524.249;2334428400;0.584779536
17/02/2024;CENTRO;BETANIA;568.529;93125100;0.772091131;1024.029;167736000;0.859193107
17/02/2024;CENTRO;EL QUIMBO;827.014;386877100;0.360348358;1291.834;604319900;0.468079505
17/02/2024;CENTRO;MUNA;5.226;23270900;0.423845095;5.306;23627100;0.427558649
17/02/2024;CENTRO;PRADO;278.99;38305300;0.426563824;609.78;83722800;0.619172897
17/02/2024;CENTRO;TOPOCORO;1341.21;514488200;0.497808322;1905.84;731080200;0.584817985
17/02/2024;ORIENTE;CHUZA;55.18;245711000;0.252991587;65.5;291665000;0.28673997
17/02/2024;ORIENTE;ESMERALDA;265.349;512150100;0.455206542;286.059;552122500;0.473897938
17/02/2024;ORIENTE;GUAVIO;155.177;424455600;0.292913873;397.937;1088477100;0.51510881
17/02/2024;VALLE;ALTOANCHICAYA;4.2;4871200;0.131005443;10.52;12201100;0.274101184
17/02/2024;VALLE;CALIMA1;296.03;152603500;0.696639685;400.39;206401000;0.756451753
17/02/2024;VALLE;SALVAJINA;388.17;287207000;0.54231111;479.62;354870800;0.594162618
18/02/2024;ANTIOQUIA;ITUANGO;29.337;14668500;0.056201149;1328.337;664168500;0.729454695
18/02/2024;ANTIOQUIA;MIRAFLORES;61.72;205243700;0.450116712;67.04;222934800;0.470654277
18/02/2024;ANTIOQUIA;PENOL;592.84;2343911500;0.568846071;670.68;2651667500;0.598810732
18/02/2024;ANTIOQUIA;PLAYAS;35.969;70938100;0.749042469;55.539;109534000;0.821704276
18/02/2024;ANTIOQUIA;PORCE II;30.97;44339700;0.360619071;69.76;99875400;0.559557276
18/02/2024;ANTIOQUIA;PORCE III;54.479;46541400;0.414919944;83.949;71717600;0.522168092
18/02/2024;ANTIOQUIA;PUNCHINA;26.37;39320300;0.600409729;40.29;60076400;0.696576543
18/02/2024;ANTIOQUIA;RIOGRANDE2;66.855;263101200;0.48173374;114.785;451724900;0.614776942
18/02/2024;ANTIOQUIA;SAN LORENZO;88.06;231800300;0.545229308;104.92;276180900;0.588215473
18/02/2024;ANTIOQUIA;TRONERAS;7.326;24361900;0.381562807;15.776;52461500;0.570560466
18/02/2024;CALDAS;AMANI;244.46;133597400;0.571796174;290.74;158889400;0.613621455
18/02/2024;CARIBE;URRA1;814.37;108962700;0.671163747;1168.38;156329200;0.745434847
18/02/2024;CENTRO;AGREGADO BOGOTA;523.262;2330033400;0.583678579;523.262;2330033400;0.583678579
18/02/2024;CENTRO;BETANIA;582.506;95414500;0.791072323;1038.006;170025400;0.870920086
18/02/2024;CENTRO;EL QUIMBO;835.332;390768300;0.363972732;1300.152;608211100;0.471093457
18/02/2024;CENTRO;MUNA;5.48;24401900;0.44444459;5.56;24758100;0.448025351
18/02/2024;CENTRO;PRADO;278.99;38305300;0.426563824;609.78;83722800;0.619172897
18/02/2024;CENTRO;TOPOCORO;1305.39;500747600;0.484513197;1870.02;717339700;0.573826453
18/02/2024;ORIENTE;CHUZA;54.74;243751700;0.250974232;65.06;289705700;0.284813754
18/02/2024;ORIENTE;ESMERALDA;265.427;512300700;0.455340398;286.137;552273000;0.474027116
18/02/2024;ORIENTE;GUAVIO;147.319;402961700;0.278081081;390.079;1066983100;0.50493703
18/02/2024;VALLE;ALTOANCHICAYA;4.64;5381500;0.144729387;10.96;12711400;0.285565219
18/02/2024;VALLE;CALIMA1;294.55;151840500;0.693156567;398.91;205638100;0.753655753
18/02/2024;VALLE;SALVAJINA;382.83;283255900;0.534850548;474.28;350919800;0.587547432
19/02/2024;ANTIOQUIA;ITUANGO;30.853;15426500;0.059105364;1329.853;664926500;0.730287205
19/02/2024;ANTIOQUIA;MIRAFLORES;60.75;202018100;0.4430427;66.07;219709200;0.463844472
19/02/2024;ANTIOQUIA;PENOL;587.33;2322126600;0.563559073;665.17;2629882600;0.593891174
19/02/2024;ANTIOQUIA;PLAYAS;32.42;63938700;0.675135107;51.99;102534700;0.769196792
19/02/2024;ANTIOQUIA;PORCE II;36.664;52491800;0.426920889;75.454;108027500;0.605229853
19/02/2024;ANTIOQUIA;PORCE III;40.85;34898200;0.311119975;70.32;60074400;0.437395211
19/02/2024;ANTIOQUIA;PUNCHINA;18.88;28152000;0.429872984;32.8;48908100;0.567081836
19/02/2024;ANTIOQUIA;RIOGRANDE2;64.158;252487400;0.462300056;112.088;441111100;0.600332045
19/02/2024;ANTIOQUIA;SAN LORENZO;88.94;234116800;0.550678066;105.8;278497300;0.593148987
19/02/2024;ANTIOQUIA;TRONERAS;9.59;31890600;0.499479386;18.04;59990200;0.652441056
19/02/2024;CALDAS;AMANI;245.22;134012700;0.573573656;291.5;159304800;0.615225705
19/02/2024;CARIBE;URRA1;810.95;108505100;0.668345126;1164.96;155871600;0.743252843
19/02/2024;CENTRO;AGREGADO BOGOTA;522.368;2326052500;0.582681354;522.368;2326052500;0.582681354
19/02/2024;CENTRO;BETANIA;578.332;94730800;0.785403833;1033.832;169341700;0.867417974
19/02/2024;CENTRO;EL QUIMBO;813.877;380731700;0.354624357;1278.697;598174500;0.46331955
19/02/2024;CENTRO;MUNA;5.289;23551400;0.428953988;5.369;23907600;0.432634608
19/02/2024;CENTRO;PRADO;272.62;37430700;0.41682437;603.41;82848200;0.612704783
19/02/2024;CENTRO;TOPOCORO;1282.41;491932500;0.475983885;1847.04;708524500;0.566774849
19/02/2024;ORIENTE;CHUZA;53.202;236903200;0.243922806;63.522;282857100;0.278080799
19/02/2024;ORIENTE;ESMERALDA;264.957;511393500;0.454534065;285.667;551365900;0.473248533
19/02/2024;ORIENTE;GUAVIO;140.422;384096300;0.265062199;383.182;1048117700;0.496009205
19/02/2024;VALLE;ALTOANCHICAYA;3.43;3978100;0.106986523;9.75;11308100;0.254039685
19/02/2024;VALLE;CALIMA1;288.85;148902200;0.679743137;393.21;202699800;0.742886997
19/02/2024;VALLE;SALVAJINA;377.17;279068100;0.526943045;468.62;346731900;0.580535602
20/02/2024;ANTIOQUIA;ITUANGO;30.853;15426500;0.059105364;1329.853;664926500;0.730287205
20/02/2024;ANTIOQUIA;MIRAFLORES;59.72;198592900;0.435530948;65.04;216284000;0.456613277
20/02/2024;ANTIOQUIA;PENOL;580.948;2296894100;0.557435374;658.788;2604650100;0.588193065
20/02/2024;ANTIOQUIA;PLAYAS;33.094;65268000;0.689171318;52.664;103863900;0.77916821
20/02/2024;ANTIOQUIA;PORCE II;24.918;35675100;0.29014904;63.708;91210700;0.51101283
20/02/2024;ANTIOQUIA;PORCE III;59.129;50513900;0.450335069;88.599;75690100;0.551091435
20/02/2024;ANTIOQUIA;PUNCHINA;30;44733000;0.683060109;43.92;65489100;0.75933596
20/02/2024;ANTIOQUIA;RIOGRANDE2;64.57;254108800;0.465268811;112.5;442732500;0.602538696
20/02/2024;ANTIOQUIA;SAN LORENZO;85.5;225061700;0.529379103;102.36;269442200;0.573863258
20/02/2024;ANTIOQUIA;TRONERAS;6.917;23001800;0.360260545;15.367;51101400;0.555768298
20/02/2024;CALDAS;AMANI;233.07;127372800;0.545154919;279.35;152664800;0.589582419
20/02/2024;CARIBE;URRA1;806.98;107973900;0.66507316;1160.99;155340500;0.740720364
20/02/2024;CENTRO;AGREGADO BOGOTA;521.528;2322312000;0.581744351;521.528;2322312000;0.581744351
20/02/2024;CENTRO;BETANIA;584.602;95757800;0.79391859;1040.102;170368700;0.87267857
20/02/2024;CENTRO;EL QUIMBO;796.961;372818400;0.347253684;1261.781;590261200;0.457190257
20/02/2024;CENTRO;MUNA;5.802;25835700;0.470559141;5.882;26192000;0.473973366
20/02/2024;CENTRO;PRADO;263.68;36203300;0.403156171;594.47;81620700;0.603626793
20/02/2024;CENTRO;TOPOCORO;1232.68;472856000;0.457525852;1797.31;689448100;0.551514934
20/02/2024;ORIENTE;CHUZA;52.747;234877100;0.241836671;63.067;280831000;0.276088912
20/02/2024;ORIENTE;ESMERALDA;256.49;495051300;0.440008877;277.2;535023700;0.459221692
20/02/2024;ORIENTE;GUAVIO;136.353;372966400;0.257381532;379.113;1036987800;0.490742112
20/02/2024;VALLE;ALTOANCHICAYA;1.43;1658500;0.044603491;7.75;8988500;0.201929211
20/02/2024;VALLE;CALIMA1;283.37;146077200;0.666846925;387.73;199874800;0.73253348
20/02/2024;VALLE;SALVAJINA;370.49;274125600;0.517610498;461.94;341789400;0.57226034
21/02/2024;ANTIOQUIA;ITUANGO;31.908;15954000;0.061126437;1330.908;665454000;0.730866557
21/02/2024;ANTIOQUIA;MIRAFLORES;58.65;195034700;0.427727516;63.97;212725800;0.449101296
21/02/2024;ANTIOQUIA;PENOL;575.168;2274041700;0.551889304;653.008;2581797700;0.583032439
21/02/2024;ANTIOQUIA;PLAYAS;29.43;58041800;0.612869152;49;96637800;0.724959314
21/02/2024;ANTIOQUIA;PORCE II;30.288;43363300;0.352677915;69.078;98899000;0.554086943
21/02/2024;ANTIOQUIA;PORCE III;45.553;38915900;0.346938061;75.023;64092100;0.46664765
21/02/2024;ANTIOQUIA;PUNCHINA;33.45;49877300;0.761612098;47.37;70633400;0.818983321
21/02/2024;ANTIOQUIA;RIOGRANDE2;61.936;243742900;0.446289028;109.866;432366700;0.588431316
21/02/2024;ANTIOQUIA;SAN LORENZO;86.45;227562300;0.535260892;103.31;271942900;0.579189298
21/02/2024;ANTIOQUIA;TRONERAS;9.19;30560400;0.478645426;17.64;58660100;0.637975162
21/02/2024;CALDAS;AMANI;233.05;127361800;0.545107839;279.33;152653800;0.589539937
21/02/2024;CARIBE;URRA1;803.27;107477500;0.662015548;1157.28;154844100;0.738353347
21/02/2024;CENTRO;AGREGADO BOGOTA;520.454;2317529600;0.580546349;520.454;2317529600;0.580546349
21/02/2024;CENTRO;BETANIA;572.121;93713400;0.776968669;1027.621;168324300;0.862206552
21/02/2024;CENTRO;EL QUIMBO;780.165;364961200;0.339935264;1244.985;582404000;0.451104417
21/02/2024;CENTRO;MUNA;7.049;31388500;0.571695197;7.129;31744700;0.574455648
21/02/2024;CENTRO;PRADO;254.39;34927700;0.388951223;585.18;80345200;0.594193818
21/02/2024;CENTRO;TOPOCORO;1200.39;460469600;0.445541023;1765.02;677061700;0.541606597
21/02/2024;ORIENTE;CHUZA;52.263;232721900;0.239617611;62.583;278675800;0.273970104
21/02/2024;ORIENTE;ESMERALDA;251.97;486327300;0.432254858;272.68;526299700;0.451733705
21/02/2024;ORIENTE;GUAVIO;129.149;353261300;0.243783179;371.909;1017282700;0.481416909
21/02/2024;VALLE;ALTOANCHICAYA;3.46;4012900;0.10792243;9.78;11342800;0.25481923
21/02/2024;VALLE;CALIMA1;278.84;143742000;0.656186665;383.2;197539600;0.723975061
21/02/2024;VALLE;SALVAJINA;367.16;271661700;0.512958103;458.61;339325500;0.568135016
22/02/2024;ANTIOQUIA;ITUANGO;30.425;15212500;0.058285441;1329.425;664712500;0.730052169
22/02/2024;ANTIOQUIA;MIRAFLORES;57.59;191509800;0.419997114;62.91;209200900;0.441659617
22/02/2024;ANTIOQUIA;PENOL;569.518;2251703300;0.546467977;647.358;2559459300;0.577987888
22/02/2024;ANTIOQUIA;PLAYAS;29.286;57757800;0.609870368;48.856;96353800;0.722828797
22/02/2024;ANTIOQUIA;PORCE II;37.718;54000900;0.439194545;76.508;109536500;0.613684106
22/02/2024;ANTIOQUIA;PORCE III;50.385;43043900;0.383739479;79.855;68220100;0.496703172
22/02/2024;ANTIOQUIA;PUNCHINA;33.29;49638700;0.757968745;47.21;70394800;0.816216791
22/02/2024;ANTIOQUIA;RIOGRANDE2;59.69;234904000;0.430105155;107.62;423527700;0.576401841
22/02/2024;ANTIOQUIA;SAN LORENZO;83.82;220639400;0.518977186;100.68;265020000;0.56444477
22/02/2024;ANTIOQUIA;TRONERAS;6.43;21382300;0.334895489;14.88;49482000;0.538156037
22/02/2024;CALDAS;AMANI;229.98;125684100;0.537927291;276.26;150976100;0.583060759
22/02/2024;CARIBE;URRA1;798.76;106874100;0.658298862;1152.77;154240600;0.735475638
22/02/2024;CENTRO;AGREGADO BOGOTA;519.473;2313161300;0.57945208;519.473;2313161300;0.57945208
22/02/2024;CENTRO;BETANIA;573.151;93882100;0.778367344;1028.651;168493000;0.863070683
22/02/2024;CENTRO;EL QUIMBO;775.865;362949600;0.338061602;1240.685;580392400;0.449546321
22/02/2024;CENTRO;MUNA;7.049;31388500;0.571695197;7.129;31744700;0.574455648
22/02/2024;CENTRO;PRADO;249.01;34189100;0.38072625;579.8;79606500;0.588730754
22/02/2024;CENTRO;TOPOCORO;1209.34;463902800;0.448862917;1773.97;680494900;0.54435294
22/02/2024;ORIENTE;CHUZA;51.751;230442000;0.237270156;62.071;276396000;0.271728801
22/02/2024;ORIENTE;ESMERALDA;243.959;470865300;0.418512005;264.669;510837600;0.438462271
22/02/2024;ORIENTE;GUAVIO;129.916;355359200;0.245230925;372.676;1019380700;0.482409762
22/02/2024;VALLE;ALTOANCHICAYA;1.56;1809300;0.048659088;7.88;9139200;0.205314729
22/02/2024;VALLE;CALIMA1;275.59;142066600;0.648538412;379.95;195864200;0.717834785
22/02/2024;VALLE;SALVAJINA;364.2;269471600;0.508822704;455.65;337135400;0.564468116
23/02/2024;ANTIOQUIA;ITUANGO;32.402;16201000;0.062072797;1331.402;665701000;0.731137836
23/02/2024;ANTIOQUIA;MIRAFLORES;56.54;188018100;0.412339522;61.86;205709200;0.434288028
23/02/2024;ANTIOQUIA;PENOL;564.217;2230744800;0.541381539;642.057;2538500800;0.573254951
23/02/2024;ANTIOQUIA;PLAYAS;24.846;49001300;0.517409611;44.416;87597200;0.657138366
23/02/2024;ANTIOQUIA;PORCE II;19.644;28124300;0.228737653;58.434;83660000;0.468709629
23/02/2024;ANTIOQUIA;PORCE III;73.396;62702200;0.558994644;102.866;87878400;0.639833129
23/02/2024;ANTIOQUIA;PUNCHINA;29.63;44181300;0.674635808;43.55;64937400;0.752939085
23/02/2024;ANTIOQUIA;RIOGRANDE2;60.121;236600200;0.433210868;108.051;425223900;0.578710292
23/02/2024;ANTIOQUIA;SAN LORENZO;84.85;223350700;0.525354573;101.71;267731200;0.570219137
23/02/2024;ANTIOQUIA;TRONERAS;3.688;12264100;0.192083722;12.138;40363700;0.438987285
23/02/2024;CALDAS;AMANI;231.81;126684200;0.542207714;278.09;151976200;0.586923086
23/02/2024;CARIBE;URRA1;794.26;106272000;0.654590183;1148.27;153638500;0.732604605
23/02/2024;CENTRO;AGREGADO BOGOTA;518.492;2308793000;0.578357811;518.492;2308793000;0.578357811
23/02/2024;CENTRO;BETANIA;564.444;92455900;0.766542859;1019.944;167066800;0.855765267
23/02/2024;CENTRO;EL QUIMBO;765.861;358269800;0.333702703;1230.681;575712600;0.445921554
23/02/2024;CENTRO;MUNA;7.25;32283500;0.587996301;7.33;32639800;0.590653478
23/02/2024;CENTRO;PRADO;243.48;33429800;0.372270765;574.27;78847300;0.583116082
23/02/2024;CENTRO;TOPOCORO;1192.03;457262700;0.442438092;1756.66;673854800;0.539041279
23/02/2024;ORIENTE;CHUZA;51.271;228304600;0.235069423;61.591;274258600;0.269627493
23/02/2024;ORIENTE;ESMERALDA;239.709;462662300;0.411221058;260.419;502634700;0.431421556
23/02/2024;ORIENTE;GUAVIO;130.514;356994900;0.246359711;373.274;1021016400;0.483183838
23/02/2024;VALLE;ALTOANCHICAYA;3.13;3630200;0.097630144;9.45;10960100;0.246221766
23/02/2024;VALLE;CALIMA1;271.64;140030400;0.639243096;376;193828000;0.71037219
23/02/2024;VALLE;SALVAJINA;356.23;263574600;0.497687848;447.68;331238400;0.554594729
24/02/2024;ANTIOQUIA;ITUANGO;32.304;16152000;0.061885057;1331.304;665652000;0.73108402
24/02/2024;ANTIOQUIA;MIRAFLORES;55.51;184593000;0.404827989;60.83;202284100;0.427057045
24/02/2024;ANTIOQUIA;PENOL;558.386;2207690700;0.535786518;636.226;2515446700;0.568048777
24/02/2024;ANTIOQUIA;PLAYAS;20.836;41092800;0.433902971;40.406;79688700;0.597810228
24/02/2024;ANTIOQUIA;PORCE II;23.46;33587700;0.273172014;62.25;89123300;0.49931806
24/02/2024;ANTIOQUIA;PORCE III;60.247;51469000;0.458849854;89.717;76645200;0.558045414
24/02/2024;ANTIOQUIA;PUNCHINA;24.7;36830200;0.562386615;38.62;57586300;0.66770422
24/02/2024;ANTIOQUIA;RIOGRANDE2;60.424;237792600;0.435394131;108.354;426416300;0.580333094
24/02/2024;ANTIOQUIA;SAN LORENZO;85.88;226061900;0.531731725;102.74;270442500;0.575993717
24/02/2024;ANTIOQUIA;TRONERAS;6.269;20846900;0.326509906;14.719;48946600;0.532333137
24/02/2024;CALDAS;AMANI;233.66;127695200;0.546534789;279.94;152987200;0.590827508
24/02/2024;CARIBE;URRA1;792.41;106024500;0.653065688;1146.42;153391000;0.731424434
24/02/2024;CENTRO;AGREGADO BOGOTA;517.512;2304429200;0.577264669;517.512;2304429200;0.577264669
24/02/2024;CENTRO;BETANIA;547.898;89745700;0.744072855;1003.398;164356600;0.841882826
24/02/2024;CENTRO;EL QUIMBO;751.643;351618600;0.327507586;1216.463;569061400;0.440769828
24/02/2024;CENTRO;MUNA;6.651;29616200;0.539415368;6.731;29972500;0.542385718
24/02/2024;CENTRO;PRADO;242.51;33296600;0.370787463;573.3;78714100;0.582131
24/02/2024;CENTRO;TOPOCORO;1181.19;453104500;0.438414702;1745.82;669696600;0.535714982
24/02/2024;ORIENTE;CHUZA;50.762;226038100;0.232735765;61.082;271992000;0.267399166
24/02/2024;ORIENTE;ESMERALDA;236.972;457379700;0.406525805;257.682;497352000;0.426887307
24/02/2024;ORIENTE;GUAVIO;131.113;358633400;0.247490428;373.873;1022654800;0.483959191
24/02/2024;VALLE;ALTOANCHICAYA;4.76;5520600;0.148470325;11.08;12850600;0.288692387
24/02/2024;VALLE;CALIMA1;265.61;136922000;0.625053154;369.97;190719500;0.698979656
24/02/2024;VALLE;SALVAJINA;347.14;256848900;0.484988221;438.59;324512700;0.543333843
25/02/2024;ANTIOQUIA;ITUANGO;34.347;17173500;0.065798851;1333.347;666673500;0.732205931
25/02/2024;ANTIOQUIA;MIRAFLORES;54.48;181167800;0.397316237;59.8;198858900;0.419825849
25/02/2024;ANTIOQUIA;PENOL;552.352;2183834100;0.529996737;630.192;2491590100;0.562661379
25/02/2024;ANTIOQUIA;PLAYAS;32.255;63613300;0.671699176;51.825;102209300;0.7667557
25/02/2024;ANTIOQUIA;PORCE II;27.715;39679600;0.322718026;66.505;95215200;0.533448256
25/02/2024;ANTIOQUIA;PORCE III;45.688;39031300;0.34796686;75.158;64207500;0.467487865
25/02/2024;ANTIOQUIA;PUNCHINA;25.75;38395800;0.586292879;39.67;59151900;0.685857109
25/02/2024;ANTIOQUIA;RIOGRANDE2;60.552;238296300;0.436316397;108.482;426920100;0.581018743
25/02/2024;ANTIOQUIA;SAN LORENZO;83.11;218770500;0.514581251;99.97;263151000;0.560464138
25/02/2024;ANTIOQUIA;TRONERAS;8.636;28718200;0.449792381;17.086;56817800;0.617938687
25/02/2024;CALDAS;AMANI;221.8;121213700;0.518794003;268.08;146505700;0.565796339
25/02/2024;CARIBE;URRA1;797.89;106757700;0.657581887;1151.9;154124200;0.7349206
25/02/2024;CENTRO;AGREGADO BOGOTA;516.534;2300074200;0.576173732;516.534;2300074200;0.576173732
25/02/2024;CENTRO;BETANIA;512.753;83988900;0.696343787;968.253;158599800;0.812394804
25/02/2024;CENTRO;EL QUIMBO;751.643;351618600;0.327507586;1216.463;569061400;0.440769828
25/02/2024;CENTRO;MUNA;6.849;30497900;0.555474232;6.929;30854100;0.55833925
25/02/2024;CENTRO;PRADO;241.24;33122300;0.368846477;572.03;78539700;0.580841223
25/02/2024;CENTRO;TOPOCORO;1151.31;441642500;0.427324304;1715.94;658234600;0.526546106
25/02/2024;ORIENTE;CHUZA;50.255;223780500;0.230411271;60.575;269734400;0.265179688
25/02/2024;ORIENTE;ESMERALDA;237.12;457665300;0.40677965;257.83;497637700;0.42713253
25/02/2024;ORIENTE;GUAVIO;129.746;354894200;0.244910032;372.506;1018915700;0.482189707
25/02/2024;VALLE;ALTOANCHICAYA;7.22;8373800;0.225203928;13.54;15703700;0.35278809
25/02/2024;VALLE;CALIMA1;263.09;135622900;0.619122723;367.45;189420500;0.694218871
25/02/2024;VALLE;SALVAJINA;340.01;251573400;0.475026896;431.46;319237300;0.534501204
26/02/2024;ANTIOQUIA;ITUANGO;35.138;17569000;0.067314176;1334.138;667069000;0.732640308
26/02/2024;ANTIOQUIA;MIRAFLORES;53.46;177775900;0.389877515;58.78;195467000;0.412664956
26/02/2024;ANTIOQUIA;PENOL;545.978;2158633200;0.523880707;623.818;2466389200;0.556970405
26/02/2024;ANTIOQUIA;PLAYAS;32.425;63948600;0.675239642;51.995;102544500;0.76927031
26/02/2024;ANTIOQUIA;PORCE II;32.972;47206000;0.383930966;71.762;102741700;0.575615875
26/02/2024;ANTIOQUIA;PORCE III;49.939;42662900;0.380342836;79.409;67839100;0.493929152
26/02/2024;ANTIOQUIA;PUNCHINA;33.1;49355400;0.753642835;47.02;70111500;0.812931972
26/02/2024;ANTIOQUIA;RIOGRANDE2;58.047;228438200;0.418266387;105.977;417061900;0.567602183
26/02/2024;ANTIOQUIA;SAN LORENZO;79.99;210557700;0.495263505;96.85;254938300;0.542972569
26/02/2024;ANTIOQUIA;TRONERAS;6.294;20930100;0.327813008;14.744;49029700;0.533236916
26/02/2024;CALDAS;AMANI;222.02;121333900;0.519308458;268.3;146626000;0.566260931
26/02/2024;CARIBE;URRA1;799;106906200;0.658496584;1153.01;154272700;0.735628703
26/02/2024;CENTRO;AGREGADO BOGOTA;515.558;2295728200;0.575085049;515.558;2295728200;0.575085049
26/02/2024;CENTRO;BETANIA;504.726;82674100;0.685442908;960.226;157285000;0.805660012
26/02/2024;CENTRO;EL QUIMBO;737.507;345005800;0.321348236;1202.327;562448600;0.435647846
26/02/2024;CENTRO;MUNA;6.519;29028500;0.52871128;6.599;29384700;0.531748823
26/02/2024;CENTRO;PRADO;236.77;32508500;0.362011264;567.56;77926000;0.576302598
26/02/2024;CENTRO;TOPOCORO;1117.4;428634600;0.414738124;1682.03;645226700;0.516140607
26/02/2024;ORIENTE;CHUZA;49.779;221660900;0.228228866;60.099;267614800;0.263095879
26/02/2024;ORIENTE;ESMERALDA;237.341;458091900;0.407158819;258.051;498064200;0.427498603
26/02/2024;ORIENTE;GUAVIO;124.562;340714400;0.23512465;367.322;1004735900;0.475479285
26/02/2024;VALLE;ALTOANCHICAYA;3.55;4117300;0.11073015;9.87;11447200;0.257164606
26/02/2024;VALLE;CALIMA1;260.79;134437200;0.613709965;365.15;188234800;0.689873326
26/02/2024;VALLE;SALVAJINA;336.14;248710000;0.469620156;427.59;316373800;0.529706827
27/02/2024;ANTIOQUIA;ITUANGO;37.479;18739500;0.071798851;1336.479;668239500;0.733925865
27/02/2024;ANTIOQUIA;MIRAFLORES;52.4;174251000;0.382147112;57.72;191942100;0.405223277
27/02/2024;ANTIOQUIA;PENOL;539.975;2134899200;0.51812068;617.815;2442655200;0.551610693
27/02/2024;ANTIOQUIA;PLAYAS;32.182;63469300;0.670178666;51.752;102065300;0.765675438
27/02/2024;ANTIOQUIA;PORCE II;40.866;58507900;0.475850412;79.656;114043500;0.638934815
27/02/2024;ANTIOQUIA;PORCE III;53.973;46109100;0.411065958;83.443;71285400;0.51902129
27/02/2024;ANTIOQUIA;PUNCHINA;25.34;37784500;0.576958503;39.26;58540600;0.67876918
27/02/2024;ANTIOQUIA;RIOGRANDE2;55.65;219005000;0.400994361;103.58;407628700;0.554764029
27/02/2024;ANTIOQUIA;SAN LORENZO;77.19;203187200;0.477926976;94.05;247567800;0.527274734
27/02/2024;ANTIOQUIA;TRONERAS;4.2;13966700;0.218750313;12.65;42066300;0.457504412
27/02/2024;CALDAS;AMANI;215.27;117645100;0.503520413;261.55;142937100;0.552014617
27/02/2024;CARIBE;URRA1;796.04;106510200;0.656057393;1150.05;153876700;0.73374043
27/02/2024;CENTRO;AGREGADO BOGOTA;514.582;2291382200;0.573996367;514.582;2291382200;0.573996367
27/02/2024;CENTRO;BETANIA;498.618;81673600;0.67714786;954.118;156284500;0.800535157
27/02/2024;CENTRO;EL QUIMBO;731.877;342372100;0.318895132;1196.697;559814900;0.433607898
27/02/2024;CENTRO;MUNA;6.916;30796300;0.560909148;6.996;31152500;0.56373913
27/02/2024;CENTRO;PRADO;233.69;32085600;0.357301894;564.48;77503100;0.573175036
27/02/2024;CENTRO;TOPOCORO;1112.93;426919900;0.413079015;1677.56;643512000;0.514768956
27/02/2024;ORIENTE;CHUZA;49.276;219421100;0.225922699;59.596;265375000;0.2608939
27/02/2024;ORIENTE;ESMERALDA;231.187;446214000;0.396601567;251.897;486186400;0.417303647
27/02/2024;ORIENTE;GUAVIO;124.562;340714400;0.23512465;367.322;1004735900;0.475479285
27/02/2024;VALLE;ALTOANCHICAYA;0.23;266800;0.007175286;6.55;7596700;0.170662028
27/02/2024;VALLE;CALIMA1;259.38;133710400;0.610392101;363.74;187508000;0.687209632
27/02/2024;VALLE;SALVAJINA;331.62;245365600;0.46330518;423.07;313029500;0.524107442
28/02/2024;ANTIOQUIA;ITUANGO;40.017;20008500;0.07666092;1339.017;669508500;0.735319605
28/02/2024;ANTIOQUIA;MIRAFLORES;51.4;170925600;0.37485423;56.72;188616700;0.398202777
28/02/2024;ANTIOQUIA;PENOL;533.135;2107855800;0.511557492;610.975;2415611900;0.545503661
28/02/2024;ANTIOQUIA;PLAYAS;33.354;65780800;0.694586024;52.924;104376700;0.783015143
28/02/2024;ANTIOQUIA;PORCE II;46.6;66717200;0.542617443;85.39;122252900;0.684928418
28/02/2024;ANTIOQUIA;PORCE III;57.641;49242700;0.439002229;87.111;74418900;0.541835965
28/02/2024;ANTIOQUIA;PUNCHINA;19.4;28927300;0.441711593;33.32;49683500;0.576072479
28/02/2024;ANTIOQUIA;RIOGRANDE2;53.126;209072100;0.382807393;101.056;397695800;0.541245806
28/02/2024;ANTIOQUIA;SAN LORENZO;73.12;192473800;0.452727442;89.98;236854400;0.504457126
28/02/2024;ANTIOQUIA;TRONERAS;2.564;8526300;0.133541266;11.014;36626000;0.39833683
28/02/2024;CALDAS;AMANI;211.79;115743200;0.495380291;258.07;141035300;0.544669978
28/02/2024;CARIBE;URRA1;793.64;106189000;0.654078938;1147.65;153555600;0.732209307
28/02/2024;CENTRO;AGREGADO BOGOTA;513.661;2287281100;0.572969032;513.661;2287281100;0.572969032
28/02/2024;CENTRO;BETANIA;497.681;81520100;0.675875206;953.181;156131000;0.799748885
28/02/2024;CENTRO;EL QUIMBO;724.857;339088100;0.315836321;1189.677;556530900;0.431064256
28/02/2024;CENTRO;MUNA;6.453;28734600;0.523358325;6.533;29090800;0.526430376
28/02/2024;CENTRO;PRADO;234.38;32180400;0.358357577;565.17;77597800;0.573875391
28/02/2024;CENTRO;TOPOCORO;1112.97;426935300;0.413093916;1677.6;643527400;0.514781275
28/02/2024;ORIENTE;CHUZA;48.803;217314900;0.223754091;59.123;263268800;0.258823265
28/02/2024;ORIENTE;ESMERALDA;221.737;427974600;0.38039012;242.447;467947000;0.4016484
28/02/2024;ORIENTE;GUAVIO;123.801;338632900;0.233688221;366.561;1002654300;0.474494193
28/02/2024;VALLE;ALTOANCHICAYA;1.8;2087600;0.056143653;8.12;9417600;0.211569064
28/02/2024;VALLE;CALIMA1;255.51;131715400;0.601284865;359.87;185513000;0.679898033
28/02/2024;VALLE;SALVAJINA;323.03;239009900;0.451304196;414.48;306673800;0.51346605
29/02/2024;ANTIOQUIA;ITUANGO;41.599;20799500;0.079691571;1340.599;670299500;0.736188358
29/02/2024;ANTIOQUIA;MIRAFLORES;50.41;167633400;0.367634158;55.73;185324500;0.391252369
29/02/2024;ANTIOQUIA;PENOL;528.055;2087771100;0.506683118;605.895;2395527100;0.540968027
29/02/2024;ANTIOQUIA;PLAYAS;29.262;57710500;0.609370922;48.832;96306500;0.722473961
29/02/2024;ANTIOQUIA;PORCE II;31.832;45573900;0.370656939;70.622;101109500;0.566471387
29/02/2024;ANTIOQUIA;PORCE III;76.232;65125000;0.580594081;105.702;90301200;0.657473274
29/02/2024;ANTIOQUIA;PUNCHINA;27.66;41243800;0.629781024;41.58;61999900;0.718879227
29/02/2024;ANTIOQUIA;RIOGRANDE2;50.701;199528700;0.365333593;98.631;388152400;0.528257675
29/02/2024;ANTIOQUIA;SAN LORENZO;74.12;195106100;0.458919009;90.98;239486700;0.510063449
29/02/2024;ANTIOQUIA;TRONERAS;5.042;16766700;0.262604687;13.492;44866300;0.487956635
29/02/2024;CALDAS;AMANI;198.45;108452900;0.464177845;244.73;133744900;0.516514885
29/02/2024;CARIBE;URRA1;790.39;105754200;0.651400755;1144.4;153120700;0.730135545
29/02/2024;CENTRO;AGREGADO BOGOTA;512.74;2283179900;0.571941672;512.74;2283179900;0.571941672
29/02/2024;CENTRO;BETANIA;504.256;82597100;0.684804508;959.756;157208000;0.805265595
29/02/2024;CENTRO;EL QUIMBO;723.456;338432700;0.315225863;1188.276;555875500;0.430556613
29/02/2024;CENTRO;MUNA;6.322;28151200;0.512732556;6.402;28507500;0.515874914
29/02/2024;CENTRO;PRADO;224.51;30825200;0.343266211;555.3;76242700;0.563853734
29/02/2024;CENTRO;TOPOCORO;1069.66;410321600;0.397018838;1634.29;626913600;0.501491284
29/02/2024;ORIENTE;CHUZA;48.303;215088400;0.221461618;58.623;261042400;0.25663446
29/02/2024;ORIENTE;ESMERALDA;214.476;413960100;0.367933826;235.186;453932500;0.38961947
29/02/2024;ORIENTE;GUAVIO;119.086;325735900;0.224788091;361.846;989757400;0.468390889
29/02/2024;VALLE;ALTOANCHICAYA;1.4;1623700;0.043667584;7.72;8953700;0.201147419
29/02/2024;VALLE;CALIMA1;253.06;130452400;0.595519231;357.42;184250000;0.675269187
29/02/2024;VALLE;SALVAJINA;314.26;232521000;0.4390517;405.71;300184800;0.502601473
